date,year,month,day,precip_total_mm,t_mean_c,t_max_c,t_min_c,humidity_mean_pct,humidity_min_pct,wind_mean_ms,wind_max_ms,gust_max_ms,sunshine_hours,weather_day,weather_night,source_url
2010-10-01,2010,10,1,0.000000,20.400000,27.900000,15.000000,65.000000,41.000000,1.400000,3.000000,4.700000,9.100000,晴,晴時々薄曇,https://www.data.jma.go.jp/stats/etrn/view/daily_s1.php?prec_no=61&block_no=47759&year=2010&month=10&day=&view=p1
2010-10-02,2010,10,2,0.000000,22.700000,28.500000,16.800000,63.000000,44.000000,2.400000,4.800000,8.200000,8.300000,晴,曇時々晴,https://www.data.jma.go.jp/stats/etrn/view/daily_s1.php?prec_no=61&block_no=47759&year=2010&month=10&day=&view=p1
2010-10-03,2010,10,3,16.500000,22.000000,25.300000,20.400000,72.000000,56.000000,2.300000,5.100000,8.600000,0.400000,曇後雨,雨時々曇,https://www.data.jma.go.jp/stats/etrn/view/daily_s1.php?prec_no=61&block_no=47759&year=2010&month=10&day=&view=p1
2010-10-04,2010,10,4,9.000000,20.700000,23.800000,17.700000,77.000000,51.000000,1.800000,5.000000,7.600000,3.100000,雨時々曇後晴,曇一時晴,https://www.data.jma.go.jp/stats/etrn/view/daily_s1.php?prec_no=61&block_no=47759&year=2010&month=10&day=&view=p1
2010-10-05,2010,10,5,0.000000,19.500000,26.100000,16.300000,67.000000,38.000000,1.700000,5.300000,9.800000,7.200000,曇後時々晴,晴,https://www.data.jma.go.jp/stats/etrn/view/daily_s1.php?prec_no=61&block_no=47759&year=2010&month=10&day=&view=p1
2010-10-06,2010,10,6,0.000000,19.300000,25.500000,14.500000,66.000000,38.000000,2.000000,5.700000,10.100000,8.500000,晴,快晴,https://www.data.jma.go.jp/stats/etrn/view/daily_s1.php?prec_no=61&block_no=47759&year=2010&month=10&day=&view=p1
2010-10-07,2010,10,7,0.000000,20.500000,27.700000,14.200000,65.000000,37.000000,1.500000,4.400000,6.000000,9.700000,晴,晴,https://www.data.jma.go.jp/stats/etrn/view/daily_s1.php?prec_no=61&block_no=47759&year=2010&month=10&day=&view=p1
2010-10-08,2010,10,8,15.500000,21.500000,27.200000,16.900000,68.000000,46.000000,2.500000,6.500000,11.300000,5.100000,曇一時晴,大雨,https://www.data.jma.go.jp/stats/etrn/view/daily_s1.php?prec_no=61&block_no=47759&year=2010&month=10&day=&view=p1
2010-10-09,2010,10,9,47.500000,19.200000,20.300000,17.900000,90.000000,80.000000,1.800000,4.800000,8.600000,0.000000,雨,曇時々雨,https://www.data.jma.go.jp/stats/etrn/view/daily_s1.php?prec_no=61&block_no=47759&year=2010&month=10&day=&view=p1
2010-10-10,2010,10,10,0.000000,21.500000,26.600000,18.400000,75.000000,48.000000,1.700000,5.600000,9.600000,5.600000,晴時々曇,晴後一時曇,https://www.data.jma.go.jp/stats/etrn/view/daily_s1.php?prec_no=61&block_no=47759&year=2010&month=10&day=&view=p1
2010-10-11,2010,10,11,0.000000,21.700000,26.800000,18.000000,70.000000,44.000000,2.100000,5.200000,7.900000,6.600000,晴時々曇,曇,https://www.data.jma.go.jp/stats/etrn/view/daily_s1.php?prec_no=61&block_no=47759&year=2010&month=10&day=&view=p1
2010-10-12,2010,10,12,0.000000,22.500000,28.600000,17.900000,66.000000,43.000000,1.700000,3.700000,8.900000,8.900000,曇後晴,晴一時曇,https://www.data.jma.go.jp/stats/etrn/view/daily_s1.php?prec_no=61&block_no=47759&year=2010&month=10&day=&view=p1
2010-10-13,2010,10,13,0.000000,21.400000,26.200000,16.900000,64.000000,43.000000,1.600000,4.000000,6.500000,6.400000,晴後時々曇,曇後一時晴,https://www.data.jma.go.jp/stats/etrn/view/daily_s1.php?prec_no=61&block_no=47759&year=2010&month=10&day=&view=p1
2010-10-14,2010,10,14,0.000000,20.500000,25.700000,15.700000,62.000000,39.000000,1.200000,2.300000,4.200000,2.600000,曇一時晴,曇時々雨,https://www.data.jma.go.jp/stats/etrn/view/daily_s1.php?prec_no=61&block_no=47759&year=2010&month=10&day=&view=p1
2010-10-15,2010,10,15,0.000000,20.300000,24.600000,17.000000,63.000000,39.000000,1.900000,5.700000,9.300000,2.300000,曇一時晴,曇後一時晴,https://www.data.jma.go.jp/stats/etrn/view/daily_s1.php?prec_no=61&block_no=47759&year=2010&month=10&day=&view=p1
2010-10-16,2010,10,16,0.000000,19.100000,24.800000,15.000000,59.000000,35.000000,1.700000,4.800000,7.900000,6.700000,曇一時晴,曇後一時晴,https://www.data.jma.go.jp/stats/etrn/view/daily_s1.php?prec_no=61&block_no=47759&year=2010&month=10&day=&view=p1
2010-10-17,2010,10,17,0.000000,18.200000,24.100000,13.700000,65.000000,36.000000,1.400000,4.600000,7.700000,5.900000,晴時々薄曇,晴,https://www.data.jma.go.jp/stats/etrn/view/daily_s1.php?prec_no=61&block_no=47759&year=2010&month=10&day=&view=p1
2010-10-18,2010,10,18,0.000000,18.400000,24.400000,13.300000,59.000000,29.000000,1.400000,3.900000,5.800000,8.000000,薄曇一時晴,薄曇,https://www.data.jma.go.jp/stats/etrn/view/daily_s1.php?prec_no=61&block_no=47759&year=2010&month=10&day=&view=p1
2010-10-19,2010,10,19,0.000000,19.800000,24.700000,14.500000,59.000000,43.000000,2.000000,5.000000,8.600000,4.600000,薄曇,曇,https://www.data.jma.go.jp/stats/etrn/view/daily_s1.php?prec_no=61&block_no=47759&year=2010&month=10&day=&view=p1
2010-10-20,2010,10,20,0.000000,21.000000,23.500000,19.000000,66.000000,56.000000,1.800000,3.900000,6.200000,0.000000,曇,曇後一時雨,https://www.data.jma.go.jp/stats/etrn/view/daily_s1.php?prec_no=61&block_no=47759&year=2010&month=10&day=&view=p1
2010-10-21,2010,10,21,0.000000,20.000000,22.000000,18.400000,70.000000,55.000000,2.200000,4.300000,8.100000,0.000000,雨後曇,曇,https://www.data.jma.go.jp/stats/etrn/view/daily_s1.php?prec_no=61&block_no=47759&year=2010&month=10&day=&view=p1
2010-10-22,2010,10,22,0.000000,19.200000,23.000000,16.700000,65.000000,49.000000,1.900000,4.300000,7.300000,0.600000,曇,薄曇,https://www.data.jma.go.jp/stats/etrn/view/daily_s1.php?prec_no=61&block_no=47759&year=2010&month=10&day=&view=p1
2010-10-23,2010,10,23,0.000000,19.000000,24.500000,14.500000,68.000000,44.000000,1.700000,4.300000,6.400000,5.200000,曇,曇,https://www.data.jma.go.jp/stats/etrn/view/daily_s1.php?prec_no=61&block_no=47759&year=2010&month=10&day=&view=p1
2010-10-24,2010,10,24,5.000000,18.400000,22.100000,16.800000,71.000000,49.000000,2.000000,4.600000,8.200000,0.100000,曇後雨,曇時々雨,https://www.data.jma.go.jp/stats/etrn/view/daily_s1.php?prec_no=61&block_no=47759&year=2010&month=10&day=&view=p1
2010-10-25,2010,10,25,4.000000,19.000000,21.800000,17.200000,88.000000,79.000000,1.500000,3.700000,5.300000,0.000000,曇後時々雨,曇時々雨,https://www.data.jma.go.jp/stats/etrn/view/daily_s1.php?prec_no=61&block_no=47759&year=2010&month=10&day=&view=p1
2010-10-26,2010,10,26,0.500000,14.700000,18.900000,9.200000,72.000000,55.000000,3.100000,6.800000,13.300000,3.200000,晴時々曇一時雨,曇時々雨一時晴,https://www.data.jma.go.jp/stats/etrn/view/daily_s1.php?prec_no=61&block_no=47759&year=2010&month=10&day=&view=p1
2010-10-27,2010,10,27,0.500000,11.600000,16.000000,7.800000,61.000000,40.000000,2.900000,6.400000,10.000000,7.000000,曇時々雨後晴,曇後一時雨,https://www.data.jma.go.jp/stats/etrn/view/daily_s1.php?prec_no=61&block_no=47759&year=2010&month=10&day=&view=p1
2010-10-28,2010,10,28,12.000000,12.600000,14.300000,11.200000,83.000000,65.000000,1.200000,2.500000,3.900000,0.000000,雨,曇,https://www.data.jma.go.jp/stats/etrn/view/daily_s1.php?prec_no=61&block_no=47759&year=2010&month=10&day=&view=p1
2010-10-29,2010,10,29,0.000000,15.800000,19.500000,11.900000,66.000000,44.000000,2.200000,5.900000,9.500000,2.200000,曇,曇,https://www.data.jma.go.jp/stats/etrn/view/daily_s1.php?prec_no=61&block_no=47759&year=2010&month=10&day=&view=p1
2010-10-30,2010,10,30,1.500000,16.000000,18.300000,14.100000,76.000000,64.000000,2.000000,4.600000,8.800000,0.000000,雨後曇,曇後晴,https://www.data.jma.go.jp/stats/etrn/view/daily_s1.php?prec_no=61&block_no=47759&year=2010&month=10&day=&view=p1
2010-10-31,2010,10,31,48.000000,15.900000,19.700000,13.300000,86.000000,61.000000,1.100000,3.200000,5.300000,1.300000,曇後雨,大雨後一時曇,https://www.data.jma.go.jp/stats/etrn/view/daily_s1.php?prec_no=61&block_no=47759&year=2010&month=10&day=&view=p1
2010-11-01,2010,11,1,3.500000,15.200000,18.400000,12.200000,74.000000,57.000000,2.500000,6.000000,12.000000,1.300000,曇時々雨後一時晴,晴,https://www.data.jma.go.jp/stats/etrn/view/daily_s1.php?prec_no=61&block_no=47759&year=2010&month=11&day=&view=p1
2010-11-02,2010,11,2,0.000000,13.200000,18.100000,8.100000,62.000000,38.000000,2.200000,6.200000,9.400000,2.900000,曇時々晴,晴時々曇,https://www.data.jma.go.jp/stats/etrn/view/daily_s1.php?prec_no=61&block_no=47759&year=2010&month=11&day=&view=p1
2010-11-03,2010,11,3,0.000000,12.200000,17.500000,8.100000,61.000000,31.000000,2.300000,5.800000,10.700000,7.300000,晴,晴一時薄曇,https://www.data.jma.go.jp/stats/etrn/view/daily_s1.php?prec_no=61&block_no=47759&year=2010&month=11&day=&view=p1
2010-11-04,2010,11,4,0.000000,11.600000,18.500000,6.100000,65.000000,33.000000,1.400000,3.200000,6.600000,9.900000,快晴,快晴,https://www.data.jma.go.jp/stats/etrn/view/daily_s1.php?prec_no=61&block_no=47759&year=2010&month=11&day=&view=p1
2010-11-05,2010,11,5,0.000000,12.200000,19.700000,6.000000,67.000000,36.000000,1.500000,4.500000,9.100000,7.900000,晴後一時曇,晴,https://www.data.jma.go.jp/stats/etrn/view/daily_s1.php?prec_no=61&block_no=47759&year=2010&month=11&day=&view=p1
2010-11-06,2010,11,6,0.000000,13.300000,20.100000,7.800000,67.000000,31.000000,1.200000,3.200000,5.400000,9.400000,快晴,晴後一時曇,https://www.data.jma.go.jp/stats/etrn/view/daily_s1.php?prec_no=61&block_no=47759&year=2010&month=11&day=&view=p1
2010-11-07,2010,11,7,0.000000,14.100000,19.000000,9.100000,72.000000,56.000000,1.100000,2.400000,4.300000,2.200000,曇後一時晴,晴後一時曇,https://www.data.jma.go.jp/stats/etrn/view/daily_s1.php?prec_no=61&block_no=47759&year=2010&month=11&day=&view=p1
2010-11-08,2010,11,8,0.500000,15.500000,20.000000,11.900000,76.000000,53.000000,1.500000,4.400000,7.000000,2.700000,晴時々曇一時雨,晴時々曇,https://www.data.jma.go.jp/stats/etrn/view/daily_s1.php?prec_no=61&block_no=47759&year=2010&month=11&day=&view=p1
2010-11-09,2010,11,9,0.000000,12.900000,16.400000,7.800000,45.000000,31.000000,3.400000,7.200000,13.900000,4.300000,晴後時々曇,晴,https://www.data.jma.go.jp/stats/etrn/view/daily_s1.php?prec_no=61&block_no=47759&year=2010&month=11&day=&view=p1
2010-11-10,2010,11,10,0.000000,10.500000,15.700000,6.200000,56.000000,35.000000,2.100000,5.200000,9.600000,3.700000,晴時々曇,快晴,https://www.data.jma.go.jp/stats/etrn/view/daily_s1.php?prec_no=61&block_no=47759&year=2010&month=11&day=&view=p1
2010-11-11,2010,11,11,0.000000,10.000000,17.100000,3.700000,63.000000,34.000000,1.800000,4.700000,7.700000,9.400000,晴,晴後時々曇,https://www.data.jma.go.jp/stats/etrn/view/daily_s1.php?prec_no=61&block_no=47759&year=2010&month=11&day=&view=p1
2010-11-12,2010,11,12,0.500000,12.800000,20.100000,8.000000,72.000000,40.000000,1.400000,4.400000,8.900000,5.000000,雨時々曇後晴,晴後一時薄曇,https://www.data.jma.go.jp/stats/etrn/view/daily_s1.php?prec_no=61&block_no=47759&year=2010&month=11&day=&view=p1
2010-11-13,2010,11,13,0.000000,13.100000,16.900000,9.300000,70.000000,48.000000,1.100000,2.400000,3.400000,0.300000,曇一時晴,曇,https://www.data.jma.go.jp/stats/etrn/view/daily_s1.php?prec_no=61&block_no=47759&year=2010&month=11&day=&view=p1
2010-11-14,2010,11,14,0.000000,15.400000,19.000000,12.400000,71.000000,58.000000,1.000000,2.100000,3.400000,0.400000,曇,晴時々曇,https://www.data.jma.go.jp/stats/etrn/view/daily_s1.php?prec_no=61&block_no=47759&year=2010&month=11&day=&view=p1
2010-11-15,2010,11,15,0.000000,11.500000,14.800000,7.200000,73.000000,54.000000,2.400000,7.100000,11.400000,1.600000,曇時々雨後晴,晴後一時雨,https://www.data.jma.go.jp/stats/etrn/view/daily_s1.php?prec_no=61&block_no=47759&year=2010&month=11&day=&view=p1
2010-11-16,2010,11,16,0.000000,9.200000,14.000000,5.900000,61.000000,39.000000,1.600000,3.600000,6.300000,5.700000,晴後時々薄曇,曇時々晴,https://www.data.jma.go.jp/stats/etrn/view/daily_s1.php?prec_no=61&block_no=47759&year=2010&month=11&day=&view=p1
2010-11-17,2010,11,17,0.000000,9.700000,16.200000,5.700000,66.000000,40.000000,1.500000,4.700000,7.400000,2.800000,曇後晴,晴時々曇,https://www.data.jma.go.jp/stats/etrn/view/daily_s1.php?prec_no=61&block_no=47759&year=2010&month=11&day=&view=p1
2010-11-18,2010,11,18,0.000000,9.600000,13.000000,6.300000,71.000000,53.000000,2.200000,5.800000,10.300000,2.800000,晴時々雨一時曇,晴一時雨,https://www.data.jma.go.jp/stats/etrn/view/daily_s1.php?prec_no=61&block_no=47759&year=2010&month=11&day=&view=p1
2010-11-19,2010,11,19,0.000000,10.100000,16.200000,3.800000,65.000000,26.000000,1.100000,2.900000,5.100000,9.400000,快晴,曇時々雨一時晴,https://www.data.jma.go.jp/stats/etrn/view/daily_s1.php?prec_no=61&block_no=47759&year=2010&month=11&day=&view=p1
2010-11-20,2010,11,20,0.000000,12.700000,18.700000,8.200000,71.000000,44.000000,1.100000,2.600000,4.000000,7.100000,晴,快晴,https://www.data.jma.go.jp/stats/etrn/view/daily_s1.php?prec_no=61&block_no=47759&year=2010&month=11&day=&view=p1
2010-11-21,2010,11,21,0.000000,13.300000,20.100000,6.300000,69.000000,45.000000,1.100000,2.700000,4.300000,8.700000,晴,曇時々雨一時晴,https://www.data.jma.go.jp/stats/etrn/view/daily_s1.php?prec_no=61&block_no=47759&year=2010&month=11&day=&view=p1
2010-11-22,2010,11,22,10.500000,14.400000,17.400000,13.000000,90.000000,74.000000,1.100000,3.600000,6.400000,0.000000,雨時々曇,雨後曇,https://www.data.jma.go.jp/stats/etrn/view/daily_s1.php?prec_no=61&block_no=47759&year=2010&month=11&day=&view=p1
2010-11-23,2010,11,23,0.000000,11.500000,14.100000,7.700000,71.000000,47.000000,3.100000,6.100000,11.100000,1.400000,曇後時々晴,晴後曇,https://www.data.jma.go.jp/stats/etrn/view/daily_s1.php?prec_no=61&block_no=47759&year=2010&month=11&day=&view=p1
2010-11-24,2010,11,24,0.000000,10.300000,15.000000,6.800000,70.000000,46.000000,1.600000,4.200000,7.300000,4.200000,曇後晴,晴後一時薄曇,https://www.data.jma.go.jp/stats/etrn/view/daily_s1.php?prec_no=61&block_no=47759&year=2010&month=11&day=&view=p1
2010-11-25,2010,11,25,0.000000,10.100000,14.800000,4.800000,73.000000,52.000000,1.200000,3.200000,5.400000,5.800000,薄曇,曇時々雨,https://www.data.jma.go.jp/stats/etrn/view/daily_s1.php?prec_no=61&block_no=47759&year=2010&month=11&day=&view=p1
2010-11-26,2010,11,26,0.000000,11.200000,15.900000,7.500000,70.000000,46.000000,2.200000,7.100000,12.900000,5.900000,晴一時曇,晴,https://www.data.jma.go.jp/stats/etrn/view/daily_s1.php?prec_no=61&block_no=47759&year=2010&month=11&day=&view=p1
2010-11-27,2010,11,27,0.000000,9.900000,15.300000,6.300000,65.000000,39.000000,1.700000,4.500000,8.500000,7.700000,晴,晴後曇,https://www.data.jma.go.jp/stats/etrn/view/daily_s1.php?prec_no=61&block_no=47759&year=2010&month=11&day=&view=p1
2010-11-28,2010,11,28,0.000000,9.800000,16.000000,6.400000,61.000000,35.000000,1.800000,5.100000,9.100000,3.600000,曇時々晴,晴一時薄曇,https://www.data.jma.go.jp/stats/etrn/view/daily_s1.php?prec_no=61&block_no=47759&year=2010&month=11&day=&view=p1
2010-11-29,2010,11,29,0.000000,8.400000,14.500000,2.500000,62.000000,34.000000,1.600000,5.100000,11.000000,6.400000,晴時々曇,晴,https://www.data.jma.go.jp/stats/etrn/view/daily_s1.php?prec_no=61&block_no=47759&year=2010&month=11&day=&view=p1
2010-11-30,2010,11,30,0.000000,8.900000,13.700000,3.300000,62.000000,31.000000,1.300000,3.500000,5.500000,5.400000,晴後曇,曇,https://www.data.jma.go.jp/stats/etrn/view/daily_s1.php?prec_no=61&block_no=47759&year=2010&month=11&day=&view=p1
2010-12-01,2010,12,1,0.000000,11.300000,18.400000,6.100000,65.000000,40.000000,1.000000,2.600000,4.300000,8.700000,晴一時薄曇,晴,https://www.data.jma.go.jp/stats/etrn/view/daily_s1.php?prec_no=61&block_no=47759&year=2010&month=12&day=&view=p1
2010-12-02,2010,12,2,14.000000,13.600000,20.300000,6.000000,71.000000,46.000000,2.100000,5.800000,10.200000,7.500000,晴後曇,大雨時々曇,https://www.data.jma.go.jp/stats/etrn/view/daily_s1.php?prec_no=61&block_no=47759&year=2010&month=12&day=&view=p1
2010-12-03,2010,12,3,25.000000,13.700000,19.100000,8.200000,62.000000,30.000000,3.700000,10.100000,20.400000,5.100000,晴時々曇一時雨、雷を伴う,晴後曇,https://www.data.jma.go.jp/stats/etrn/view/daily_s1.php?prec_no=61&block_no=47759&year=2010&month=12&day=&view=p1
2010-12-04,2010,12,4,0.000000,9.400000,14.300000,5.200000,52.000000,39.000000,2.200000,5.800000,10.200000,7.500000,晴一時曇,快晴,https://www.data.jma.go.jp/stats/etrn/view/daily_s1.php?prec_no=61&block_no=47759&year=2010&month=12&day=&view=p1
2010-12-05,2010,12,5,0.000000,8.500000,15.200000,3.200000,73.000000,48.000000,1.000000,2.400000,4.700000,9.100000,晴後一時薄曇,晴,https://www.data.jma.go.jp/stats/etrn/view/daily_s1.php?prec_no=61&block_no=47759&year=2010&month=12&day=&view=p1
2010-12-06,2010,12,6,0.000000,10.900000,17.500000,4.000000,69.000000,41.000000,0.900000,2.400000,4.200000,8.600000,晴後一時曇,曇一時晴,https://www.data.jma.go.jp/stats/etrn/view/daily_s1.php?prec_no=61&block_no=47759&year=2010&month=12&day=&view=p1
2010-12-07,2010,12,7,0.000000,10.100000,12.100000,7.500000,69.000000,56.000000,2.800000,5.500000,10.200000,0.400000,曇,雨時々曇,https://www.data.jma.go.jp/stats/etrn/view/daily_s1.php?prec_no=61&block_no=47759&year=2010&month=12&day=&view=p1
2010-12-08,2010,12,8,0.000000,7.900000,12.600000,5.500000,70.000000,39.000000,1.900000,4.400000,7.800000,5.800000,曇時々雨後晴,晴時々曇一時雨,https://www.data.jma.go.jp/stats/etrn/view/daily_s1.php?prec_no=61&block_no=47759&year=2010&month=12&day=&view=p1
2010-12-09,2010,12,9,0.500000,6.500000,10.000000,4.200000,71.000000,42.000000,2.500000,6.300000,11.400000,5.200000,晴後時々雨,晴時々雨,https://www.data.jma.go.jp/stats/etrn/view/daily_s1.php?prec_no=61&block_no=47759&year=2010&month=12&day=&view=p1
2010-12-10,2010,12,10,0.000000,6.500000,11.200000,3.100000,76.000000,52.000000,1.100000,2.700000,4.100000,4.200000,晴後一時薄曇,晴,https://www.data.jma.go.jp/stats/etrn/view/daily_s1.php?prec_no=61&block_no=47759&year=2010&month=12&day=&view=p1
2010-12-11,2010,12,11,0.000000,9.100000,12.600000,4.800000,76.000000,60.000000,1.000000,3.400000,6.700000,1.400000,曇時々雨一時晴,晴一時曇,https://www.data.jma.go.jp/stats/etrn/view/daily_s1.php?prec_no=61&block_no=47759&year=2010&month=12&day=&view=p1
2010-12-12,2010,12,12,0.000000,8.000000,11.100000,4.500000,73.000000,58.000000,1.600000,4.200000,7.700000,0.900000,曇時々雨一時晴,曇,https://www.data.jma.go.jp/stats/etrn/view/daily_s1.php?prec_no=61&block_no=47759&year=2010&month=12&day=&view=p1
2010-12-13,2010,12,13,22.500000,9.600000,12.300000,6.300000,83.000000,65.000000,1.400000,3.300000,5.900000,0.000000,雨一時曇,雨,https://www.data.jma.go.jp/stats/etrn/view/daily_s1.php?prec_no=61&block_no=47759&year=2010&month=12&day=&view=p1
2010-12-14,2010,12,14,7.000000,12.500000,16.200000,9.700000,79.000000,54.000000,2.000000,4.900000,9.000000,3.300000,曇一時雨,晴一時曇,https://www.data.jma.go.jp/stats/etrn/view/daily_s1.php?prec_no=61&block_no=47759&year=2010&month=12&day=&view=p1
2010-12-15,2010,12,15,0.000000,6.300000,10.000000,2.900000,54.000000,38.000000,2.400000,4.400000,7.800000,2.600000,晴後曇,曇,https://www.data.jma.go.jp/stats/etrn/view/daily_s1.php?prec_no=61&block_no=47759&year=2010&month=12&day=&view=p1
2010-12-16,2010,12,16,0.000000,3.400000,6.000000,1.700000,58.000000,43.000000,2.000000,3.900000,8.200000,0.000000,曇,晴一時薄曇,https://www.data.jma.go.jp/stats/etrn/view/daily_s1.php?prec_no=61&block_no=47759&year=2010&month=12&day=&view=p1
2010-12-17,2010,12,17,0.000000,3.900000,9.500000,-0.500000,59.000000,32.000000,1.400000,4.300000,7.600000,8.500000,晴,晴後一時曇,https://www.data.jma.go.jp/stats/etrn/view/daily_s1.php?prec_no=61&block_no=47759&year=2010&month=12&day=&view=p1
2010-12-18,2010,12,18,0.000000,6.300000,11.800000,3.100000,69.000000,45.000000,1.500000,4.600000,7.400000,3.100000,曇一時晴,晴一時雨,https://www.data.jma.go.jp/stats/etrn/view/daily_s1.php?prec_no=61&block_no=47759&year=2010&month=12&day=&view=p1
2010-12-19,2010,12,19,0.000000,6.200000,12.100000,1.600000,72.000000,42.000000,1.000000,2.400000,4.900000,6.600000,晴時々薄曇,曇一時晴,https://www.data.jma.go.jp/stats/etrn/view/daily_s1.php?prec_no=61&block_no=47759&year=2010&month=12&day=&view=p1
2010-12-20,2010,12,20,0.000000,9.000000,15.500000,5.000000,77.000000,58.000000,0.900000,2.300000,4.100000,5.100000,晴一時雨,快晴,https://www.data.jma.go.jp/stats/etrn/view/daily_s1.php?prec_no=61&block_no=47759&year=2010&month=12&day=&view=p1
2010-12-21,2010,12,21,23.000000,8.800000,13.400000,3.300000,83.000000,64.000000,1.400000,4.100000,7.400000,0.700000,曇後一時雨,雨後時々曇,https://www.data.jma.go.jp/stats/etrn/view/daily_s1.php?prec_no=61&block_no=47759&year=2010&month=12&day=&view=p1
2010-12-22,2010,12,22,1.000000,11.200000,15.400000,8.400000,76.000000,53.000000,2.300000,5.700000,11.900000,3.500000,曇時々雨一時晴,晴後時々雨,https://www.data.jma.go.jp/stats/etrn/view/daily_s1.php?prec_no=61&block_no=47759&year=2010&month=12&day=&view=p1
2010-12-23,2010,12,23,0.000000,9.600000,13.900000,5.700000,65.000000,36.000000,2.400000,6.700000,11.800000,4.300000,晴時々曇一時雨,晴,https://www.data.jma.go.jp/stats/etrn/view/daily_s1.php?prec_no=61&block_no=47759&year=2010&month=12&day=&view=p1
2010-12-24,2010,12,24,0.000000,6.000000,10.300000,1.900000,58.000000,33.000000,3.000000,8.100000,13.500000,6.400000,晴一時雨,晴,https://www.data.jma.go.jp/stats/etrn/view/daily_s1.php?prec_no=61&block_no=47759&year=2010&month=12&day=&view=p1
2010-12-25,2010,12,25,0.000000,1.900000,4.900000,0.000000,50.000000,38.000000,3.600000,6.600000,13.400000,4.900000,晴一時曇,晴後時々曇,https://www.data.jma.go.jp/stats/etrn/view/daily_s1.php?prec_no=61&block_no=47759&year=2010&month=12&day=&view=p1
2010-12-26,2010,12,26,0.000000,3.900000,8.700000,0.700000,46.000000,28.000000,2.500000,6.600000,12.200000,7.700000,晴時々薄曇,晴一時薄曇,https://www.data.jma.go.jp/stats/etrn/view/daily_s1.php?prec_no=61&block_no=47759&year=2010&month=12&day=&view=p1
2010-12-27,2010,12,27,0.000000,4.100000,8.900000,-0.200000,53.000000,33.000000,2.400000,6.000000,12.400000,8.500000,晴,晴時々曇,https://www.data.jma.go.jp/stats/etrn/view/daily_s1.php?prec_no=61&block_no=47759&year=2010&month=12&day=&view=p1
2010-12-28,2010,12,28,2.500000,6.600000,12.900000,0.900000,65.000000,39.000000,1.800000,9.300000,17.300000,3.500000,晴後曇時々雨,曇時々雨後一時晴,https://www.data.jma.go.jp/stats/etrn/view/daily_s1.php?prec_no=61&block_no=47759&year=2010&month=12&day=&view=p1
2010-12-29,2010,12,29,0.000000,5.300000,9.900000,3.000000,59.000000,33.000000,2.700000,5.300000,9.200000,6.700000,晴,晴後一時曇,https://www.data.jma.go.jp/stats/etrn/view/daily_s1.php?prec_no=61&block_no=47759&year=2010&month=12&day=&view=p1
2010-12-30,2010,12,30,0.500000,2.600000,4.900000,0.500000,76.000000,55.000000,1.300000,3.800000,5.900000,0.000000,曇時々雨一時雪,晴,https://www.data.jma.go.jp/stats/etrn/view/daily_s1.php?prec_no=61&block_no=47759&year=2010&month=12&day=&view=p1
2010-12-31,2010,12,31,10.000000,0.200000,1.700000,-1.300000,82.000000,58.000000,1.900000,4.600000,10.400000,0.000000,大雪一時晴,雪後晴,https://www.data.jma.go.jp/stats/etrn/view/daily_s1.php?prec_no=61&block_no=47759&year=2010&month=12&day=&view=p1
2011-10-01,2011,10,1,0.000000,19.000000,23.100000,15.000000,58.000000,35.000000,3.100000,7.600000,12.200000,3.500000,曇一時晴,曇,https://www.data.jma.go.jp/stats/etrn/view/daily_s1.php?prec_no=61&block_no=47759&year=2011&month=10&day=&view=p1
2011-10-02,2011,10,2,0.000000,17.100000,22.900000,13.700000,63.000000,37.000000,2.200000,6.000000,10.600000,2.600000,曇一時晴,曇,https://www.data.jma.go.jp/stats/etrn/view/daily_s1.php?prec_no=61&block_no=47759&year=2011&month=10&day=&view=p1
2011-10-03,2011,10,3,0.000000,16.400000,21.300000,12.400000,57.000000,41.000000,2.400000,6.200000,10.200000,5.600000,曇後晴,薄曇時々晴,https://www.data.jma.go.jp/stats/etrn/view/daily_s1.php?prec_no=61&block_no=47759&year=2011&month=10&day=&view=p1
2011-10-04,2011,10,4,0.000000,17.400000,23.700000,10.200000,55.000000,18.000000,1.500000,3.900000,6.500000,10.900000,晴,晴後曇,https://www.data.jma.go.jp/stats/etrn/view/daily_s1.php?prec_no=61&block_no=47759&year=2011&month=10&day=&view=p1
2011-10-05,2011,10,5,17.000000,18.600000,21.500000,16.700000,82.000000,66.000000,1.600000,3.900000,6.200000,0.000000,雨一時曇,雨時々曇,https://www.data.jma.go.jp/stats/etrn/view/daily_s1.php?prec_no=61&block_no=47759&year=2011&month=10&day=&view=p1
2011-10-06,2011,10,6,4.500000,19.800000,24.800000,16.200000,70.000000,42.000000,2.300000,4.700000,9.700000,6.600000,晴一時曇,曇時々晴,https://www.data.jma.go.jp/stats/etrn/view/daily_s1.php?prec_no=61&block_no=47759&year=2011&month=10&day=&view=p1
2011-10-07,2011,10,7,0.000000,18.700000,24.000000,14.400000,59.000000,31.000000,2.300000,6.400000,11.600000,9.300000,晴,快晴,https://www.data.jma.go.jp/stats/etrn/view/daily_s1.php?prec_no=61&block_no=47759&year=2011&month=10&day=&view=p1
2011-10-08,2011,10,8,0.000000,17.700000,24.900000,12.500000,63.000000,32.000000,1.500000,3.500000,5.600000,8.800000,晴,快晴,https://www.data.jma.go.jp/stats/etrn/view/daily_s1.php?prec_no=61&block_no=47759&year=2011&month=10&day=&view=p1
2011-10-09,2011,10,9,0.000000,18.600000,25.500000,12.200000,58.000000,23.000000,1.200000,3.200000,5.200000,9.600000,晴後一時薄曇,晴時々薄曇,https://www.data.jma.go.jp/stats/etrn/view/daily_s1.php?prec_no=61&block_no=47759&year=2011&month=10&day=&view=p1
2011-10-10,2011,10,10,0.000000,19.700000,26.000000,14.400000,64.000000,38.000000,1.500000,4.300000,7.300000,6.100000,晴後薄曇,晴,https://www.data.jma.go.jp/stats/etrn/view/daily_s1.php?prec_no=61&block_no=47759&year=2011&month=10&day=&view=p1
2011-10-11,2011,10,11,0.000000,19.000000,23.600000,15.100000,74.000000,51.000000,1.200000,2.600000,4.400000,0.300000,薄曇一時晴,晴,https://www.data.jma.go.jp/stats/etrn/view/daily_s1.php?prec_no=61&block_no=47759&year=2011&month=10&day=&view=p1
2011-10-12,2011,10,12,0.000000,19.500000,25.700000,14.800000,66.000000,39.000000,1.400000,6.300000,10.000000,8.300000,晴,曇,https://www.data.jma.go.jp/stats/etrn/view/daily_s1.php?prec_no=61&block_no=47759&year=2011&month=10&day=&view=p1
2011-10-13,2011,10,13,0.000000,18.100000,20.700000,15.800000,70.000000,53.000000,1.100000,2.400000,3.700000,0.000000,曇一時雨,晴時々曇,https://www.data.jma.go.jp/stats/etrn/view/daily_s1.php?prec_no=61&block_no=47759&year=2011&month=10&day=&view=p1
2011-10-14,2011,10,14,70.500000,19.200000,22.900000,15.100000,85.000000,65.000000,1.500000,4.100000,8.300000,0.000000,雨時々曇,大雨時々曇,https://www.data.jma.go.jp/stats/etrn/view/daily_s1.php?prec_no=61&block_no=47759&year=2011&month=10&day=&view=p1
2011-10-15,2011,10,15,33.000000,21.400000,23.100000,19.500000,90.000000,82.000000,1.400000,4.400000,6.800000,0.000000,曇時々雨,雨後曇一時晴,https://www.data.jma.go.jp/stats/etrn/view/daily_s1.php?prec_no=61&block_no=47759&year=2011&month=10&day=&view=p1
2011-10-16,2011,10,16,2.000000,20.300000,24.700000,15.300000,66.000000,34.000000,2.300000,5.500000,9.400000,10.200000,晴,薄曇一時晴,https://www.data.jma.go.jp/stats/etrn/view/daily_s1.php?prec_no=61&block_no=47759&year=2011&month=10&day=&view=p1
2011-10-17,2011,10,17,0.000000,18.100000,22.800000,14.000000,64.000000,40.000000,1.700000,4.000000,7.400000,3.500000,薄曇,曇後晴,https://www.data.jma.go.jp/stats/etrn/view/daily_s1.php?prec_no=61&block_no=47759&year=2011&month=10&day=&view=p1
2011-10-18,2011,10,18,0.000000,17.600000,23.600000,13.400000,59.000000,35.000000,2.200000,5.500000,9.600000,9.500000,晴,晴,https://www.data.jma.go.jp/stats/etrn/view/daily_s1.php?prec_no=61&block_no=47759&year=2011&month=10&day=&view=p1
2011-10-19,2011,10,19,0.000000,17.200000,24.900000,11.000000,62.000000,40.000000,1.200000,3.800000,6.400000,10.300000,晴,晴,https://www.data.jma.go.jp/stats/etrn/view/daily_s1.php?prec_no=61&block_no=47759&year=2011&month=10&day=&view=p1
2011-10-20,2011,10,20,0.000000,19.700000,26.100000,13.000000,63.000000,43.000000,1.800000,4.000000,7.100000,9.800000,晴,晴一時曇,https://www.data.jma.go.jp/stats/etrn/view/daily_s1.php?prec_no=61&block_no=47759&year=2011&month=10&day=&view=p1
2011-10-21,2011,10,21,4.500000,20.800000,26.400000,16.200000,69.000000,48.000000,2.200000,5.200000,8.300000,5.600000,晴後曇,雨時々曇,https://www.data.jma.go.jp/stats/etrn/view/daily_s1.php?prec_no=61&block_no=47759&year=2011&month=10&day=&view=p1
2011-10-22,2011,10,22,52.000000,21.600000,26.100000,19.200000,85.000000,63.000000,1.600000,4.800000,10.100000,0.400000,曇時々大雨、雷を伴う,曇時々雨後一時晴,https://www.data.jma.go.jp/stats/etrn/view/daily_s1.php?prec_no=61&block_no=47759&year=2011&month=10&day=&view=p1
2011-10-23,2011,10,23,0.500000,20.500000,25.700000,17.100000,79.000000,55.000000,1.900000,5.000000,8.900000,3.900000,晴後曇,晴一時曇,https://www.data.jma.go.jp/stats/etrn/view/daily_s1.php?prec_no=61&block_no=47759&year=2011&month=10&day=&view=p1
2011-10-24,2011,10,24,0.000000,19.700000,24.800000,14.700000,73.000000,49.000000,1.300000,3.000000,5.200000,4.500000,曇,曇,https://www.data.jma.go.jp/stats/etrn/view/daily_s1.php?prec_no=61&block_no=47759&year=2011&month=10&day=&view=p1
2011-10-25,2011,10,25,0.000000,18.000000,21.000000,13.100000,68.000000,51.000000,2.300000,5.400000,11.600000,0.100000,曇,曇後晴,https://www.data.jma.go.jp/stats/etrn/view/daily_s1.php?prec_no=61&block_no=47759&year=2011&month=10&day=&view=p1
2011-10-26,2011,10,26,0.000000,13.600000,18.900000,9.800000,60.000000,38.000000,2.600000,6.600000,11.100000,3.300000,晴時々曇,晴,https://www.data.jma.go.jp/stats/etrn/view/daily_s1.php?prec_no=61&block_no=47759&year=2011&month=10&day=&view=p1
2011-10-27,2011,10,27,0.000000,13.800000,20.800000,7.600000,65.000000,37.000000,1.400000,3.800000,6.000000,10.400000,快晴,快晴,https://www.data.jma.go.jp/stats/etrn/view/daily_s1.php?prec_no=61&block_no=47759&year=2011&month=10&day=&view=p1
2011-10-28,2011,10,28,0.000000,16.800000,23.300000,10.900000,64.000000,40.000000,1.700000,3.400000,5.600000,10.100000,晴,晴一時曇,https://www.data.jma.go.jp/stats/etrn/view/daily_s1.php?prec_no=61&block_no=47759&year=2011&month=10&day=&view=p1
2011-10-29,2011,10,29,0.000000,18.000000,23.700000,11.400000,65.000000,43.000000,1.300000,2.800000,4.600000,7.900000,晴後薄曇,曇後一時雨,https://www.data.jma.go.jp/stats/etrn/view/daily_s1.php?prec_no=61&block_no=47759&year=2011&month=10&day=&view=p1
2011-10-30,2011,10,30,19.500000,16.700000,19.400000,14.500000,78.000000,51.000000,1.600000,3.600000,6.100000,0.000000,雨,雨後曇,https://www.data.jma.go.jp/stats/etrn/view/daily_s1.php?prec_no=61&block_no=47759&year=2011&month=10&day=&view=p1
2011-10-31,2011,10,31,2.000000,17.500000,23.300000,14.200000,75.000000,47.000000,2.100000,6.900000,12.700000,6.300000,晴,晴時々薄曇,https://www.data.jma.go.jp/stats/etrn/view/daily_s1.php?prec_no=61&block_no=47759&year=2011&month=10&day=&view=p1
2011-11-01,2011,11,1,0.000000,17.900000,24.900000,11.900000,69.000000,44.000000,1.700000,3.900000,6.300000,8.400000,晴一時薄曇,晴,https://www.data.jma.go.jp/stats/etrn/view/daily_s1.php?prec_no=61&block_no=47759&year=2011&month=11&day=&view=p1
2011-11-02,2011,11,2,0.000000,18.400000,23.300000,13.400000,65.000000,48.000000,1.900000,3.900000,6.400000,6.100000,晴後曇,曇,https://www.data.jma.go.jp/stats/etrn/view/daily_s1.php?prec_no=61&block_no=47759&year=2011&month=11&day=&view=p1
2011-11-03,2011,11,3,0.000000,18.800000,23.000000,15.800000,74.000000,54.000000,1.200000,2.500000,3.900000,1.400000,曇,晴一時曇,https://www.data.jma.go.jp/stats/etrn/view/daily_s1.php?prec_no=61&block_no=47759&year=2011&month=11&day=&view=p1
2011-11-04,2011,11,4,0.000000,19.300000,26.200000,14.000000,72.000000,42.000000,1.200000,3.000000,5.500000,9.500000,晴,晴後一時薄曇,https://www.data.jma.go.jp/stats/etrn/view/daily_s1.php?prec_no=61&block_no=47759&year=2011&month=11&day=&view=p1
2011-11-05,2011,11,5,5.000000,18.800000,21.100000,15.900000,86.000000,75.000000,1.100000,3.100000,4.600000,0.000000,曇後雨,曇一時雨,https://www.data.jma.go.jp/stats/etrn/view/daily_s1.php?prec_no=61&block_no=47759&year=2011&month=11&day=&view=p1
2011-11-06,2011,11,6,0.500000,19.800000,22.100000,18.400000,87.000000,75.000000,0.900000,2.900000,5.200000,0.000000,曇時々雨,曇,https://www.data.jma.go.jp/stats/etrn/view/daily_s1.php?prec_no=61&block_no=47759&year=2011&month=11&day=&view=p1
2011-11-07,2011,11,7,0.000000,17.000000,20.000000,12.500000,72.000000,57.000000,2.900000,5.300000,8.700000,0.800000,曇,曇一時晴,https://www.data.jma.go.jp/stats/etrn/view/daily_s1.php?prec_no=61&block_no=47759&year=2011&month=11&day=&view=p1
2011-11-08,2011,11,8,0.000000,14.400000,19.500000,10.500000,64.000000,36.000000,2.000000,5.600000,11.500000,6.400000,曇後晴,晴後時々曇,https://www.data.jma.go.jp/stats/etrn/view/daily_s1.php?prec_no=61&block_no=47759&year=2011&month=11&day=&view=p1
2011-11-09,2011,11,9,0.000000,12.900000,16.700000,10.000000,67.000000,49.000000,1.700000,5.100000,8.300000,1.400000,曇,薄曇,https://www.data.jma.go.jp/stats/etrn/view/daily_s1.php?prec_no=61&block_no=47759&year=2011&month=11&day=&view=p1
2011-11-10,2011,11,10,0.000000,13.600000,17.100000,10.100000,67.000000,48.000000,1.300000,3.900000,5.500000,0.100000,曇,曇後雨,https://www.data.jma.go.jp/stats/etrn/view/daily_s1.php?prec_no=61&block_no=47759&year=2011&month=11&day=&view=p1
2011-11-11,2011,11,11,7.000000,14.700000,17.000000,12.600000,87.000000,68.000000,1.500000,3.500000,5.700000,0.000000,雨後時々曇,晴一時曇,https://www.data.jma.go.jp/stats/etrn/view/daily_s1.php?prec_no=61&block_no=47759&year=2011&month=11&day=&view=p1
2011-11-12,2011,11,12,0.000000,15.500000,21.600000,11.200000,80.000000,52.000000,1.400000,3.100000,5.500000,6.200000,晴後曇,晴後曇,https://www.data.jma.go.jp/stats/etrn/view/daily_s1.php?prec_no=61&block_no=47759&year=2011&month=11&day=&view=p1
2011-11-13,2011,11,13,0.000000,16.500000,22.700000,12.700000,73.000000,47.000000,1.300000,3.100000,4.900000,6.100000,曇時々晴,晴一時曇,https://www.data.jma.go.jp/stats/etrn/view/daily_s1.php?prec_no=61&block_no=47759&year=2011&month=11&day=&view=p1
2011-11-14,2011,11,14,0.000000,14.300000,19.300000,10.200000,72.000000,47.000000,1.600000,4.300000,6.700000,6.300000,晴,晴,https://www.data.jma.go.jp/stats/etrn/view/daily_s1.php?prec_no=61&block_no=47759&year=2011&month=11&day=&view=p1
2011-11-15,2011,11,15,0.000000,13.000000,17.700000,10.500000,65.000000,39.000000,2.600000,6.200000,10.500000,4.100000,晴一時曇後時々雨,雨時々曇一時晴,https://www.data.jma.go.jp/stats/etrn/view/daily_s1.php?prec_no=61&block_no=47759&year=2011&month=11&day=&view=p1
2011-11-16,2011,11,16,0.500000,10.900000,15.800000,7.400000,68.000000,38.000000,1.600000,5.400000,8.500000,6.400000,晴一時曇,晴後曇,https://www.data.jma.go.jp/stats/etrn/view/daily_s1.php?prec_no=61&block_no=47759&year=2011&month=11&day=&view=p1
2011-11-17,2011,11,17,0.000000,11.700000,18.400000,7.200000,60.000000,21.000000,1.900000,5.400000,9.600000,6.600000,晴後一時曇,曇,https://www.data.jma.go.jp/stats/etrn/view/daily_s1.php?prec_no=61&block_no=47759&year=2011&month=11&day=&view=p1
2011-11-18,2011,11,18,0.500000,13.100000,16.400000,8.400000,62.000000,42.000000,1.000000,2.600000,4.400000,0.000000,曇,雨一時曇,https://www.data.jma.go.jp/stats/etrn/view/daily_s1.php?prec_no=61&block_no=47759&year=2011&month=11&day=&view=p1
2011-11-19,2011,11,19,57.000000,15.600000,17.500000,13.100000,95.000000,88.000000,0.900000,2.800000,5.100000,0.000000,大雨一時曇,曇一時雨,https://www.data.jma.go.jp/stats/etrn/view/daily_s1.php?prec_no=61&block_no=47759&year=2011&month=11&day=&view=p1
2011-11-20,2011,11,20,2.000000,14.600000,18.600000,9.100000,71.000000,47.000000,2.600000,7.100000,13.700000,4.500000,晴時々曇一時雨,晴時々曇,https://www.data.jma.go.jp/stats/etrn/view/daily_s1.php?prec_no=61&block_no=47759&year=2011&month=11&day=&view=p1
2011-11-21,2011,11,21,0.000000,9.000000,13.300000,6.200000,61.000000,41.000000,2.400000,5.800000,11.700000,5.300000,晴時々曇,晴一時曇,https://www.data.jma.go.jp/stats/etrn/view/daily_s1.php?prec_no=61&block_no=47759&year=2011&month=11&day=&view=p1
2011-11-22,2011,11,22,0.000000,9.000000,14.700000,4.600000,68.000000,39.000000,1.500000,3.300000,6.200000,7.600000,晴,晴後時々曇,https://www.data.jma.go.jp/stats/etrn/view/daily_s1.php?prec_no=61&block_no=47759&year=2011&month=11&day=&view=p1
2011-11-23,2011,11,23,0.500000,10.700000,14.400000,6.000000,74.000000,54.000000,1.200000,4.700000,10.400000,2.600000,晴後曇,晴時々曇一時雨,https://www.data.jma.go.jp/stats/etrn/view/daily_s1.php?prec_no=61&block_no=47759&year=2011&month=11&day=&view=p1
2011-11-24,2011,11,24,0.000000,9.800000,12.800000,5.700000,48.000000,30.000000,2.900000,5.200000,10.600000,5.900000,晴一時曇,晴後一時曇,https://www.data.jma.go.jp/stats/etrn/view/daily_s1.php?prec_no=61&block_no=47759&year=2011&month=11&day=&view=p1
2011-11-25,2011,11,25,0.000000,7.800000,13.400000,3.600000,63.000000,41.000000,2.600000,6.700000,11.100000,6.900000,晴,晴後時々曇,https://www.data.jma.go.jp/stats/etrn/view/daily_s1.php?prec_no=61&block_no=47759&year=2011&month=11&day=&view=p1
2011-11-26,2011,11,26,0.000000,8.400000,14.300000,3.800000,71.000000,43.000000,1.300000,2.800000,4.600000,8.200000,晴,晴後薄曇,https://www.data.jma.go.jp/stats/etrn/view/daily_s1.php?prec_no=61&block_no=47759&year=2011&month=11&day=&view=p1
2011-11-27,2011,11,27,0.000000,9.400000,15.100000,4.500000,73.000000,47.000000,0.800000,2.100000,3.200000,3.500000,薄曇,薄曇,https://www.data.jma.go.jp/stats/etrn/view/daily_s1.php?prec_no=61&block_no=47759&year=2011&month=11&day=&view=p1
2011-11-28,2011,11,28,0.000000,11.300000,14.700000,8.100000,83.000000,70.000000,0.700000,1.800000,2.700000,0.000000,曇,曇,https://www.data.jma.go.jp/stats/etrn/view/daily_s1.php?prec_no=61&block_no=47759&year=2011&month=11&day=&view=p1
2011-11-29,2011,11,29,0.000000,13.100000,18.000000,9.100000,81.000000,59.000000,0.700000,1.600000,2.500000,1.100000,曇,晴後一時曇,https://www.data.jma.go.jp/stats/etrn/view/daily_s1.php?prec_no=61&block_no=47759&year=2011&month=11&day=&view=p1
2011-11-30,2011,11,30,0.000000,14.500000,20.300000,9.700000,78.000000,55.000000,1.600000,5.100000,10.700000,4.400000,曇時々晴,曇,https://www.data.jma.go.jp/stats/etrn/view/daily_s1.php?prec_no=61&block_no=47759&year=2011&month=11&day=&view=p1
2011-12-01,2011,12,1,0.000000,11.100000,13.600000,9.300000,60.000000,52.000000,3.400000,6.000000,10.100000,0.900000,曇,曇後一時雨,https://www.data.jma.go.jp/stats/etrn/view/daily_s1.php?prec_no=61&block_no=47759&year=2011&month=12&day=&view=p1
2011-12-02,2011,12,2,0.000000,10.300000,13.100000,8.000000,72.000000,60.000000,1.500000,3.400000,5.800000,0.000000,曇一時雨,曇後雨,https://www.data.jma.go.jp/stats/etrn/view/daily_s1.php?prec_no=61&block_no=47759&year=2011&month=12&day=&view=p1
2011-12-03,2011,12,3,4.000000,14.800000,18.100000,12.000000,73.000000,66.000000,2.600000,5.300000,10.300000,0.600000,曇一時晴,曇時々雨一時晴,https://www.data.jma.go.jp/stats/etrn/view/daily_s1.php?prec_no=61&block_no=47759&year=2011&month=12&day=&view=p1
2011-12-04,2011,12,4,0.000000,11.000000,14.800000,8.400000,66.000000,43.000000,2.400000,5.500000,10.200000,5.500000,晴一時雨,晴一時薄曇,https://www.data.jma.go.jp/stats/etrn/view/daily_s1.php?prec_no=61&block_no=47759&year=2011&month=12&day=&view=p1
2011-12-05,2011,12,5,0.000000,9.200000,14.400000,5.700000,71.000000,42.000000,1.900000,5.200000,8.900000,5.100000,晴後一時雨,晴後曇,https://www.data.jma.go.jp/stats/etrn/view/daily_s1.php?prec_no=61&block_no=47759&year=2011&month=12&day=&view=p1
2011-12-06,2011,12,6,0.000000,7.900000,11.600000,5.100000,67.000000,38.000000,1.100000,2.700000,4.500000,1.000000,曇,晴後薄曇,https://www.data.jma.go.jp/stats/etrn/view/daily_s1.php?prec_no=61&block_no=47759&year=2011&month=12&day=&view=p1
2011-12-07,2011,12,7,0.000000,10.400000,15.000000,5.300000,68.000000,48.000000,1.300000,3.400000,6.300000,3.700000,曇一時晴,曇後一時雨,https://www.data.jma.go.jp/stats/etrn/view/daily_s1.php?prec_no=61&block_no=47759&year=2011&month=12&day=&view=p1
2011-12-08,2011,12,8,4.000000,9.800000,11.100000,8.800000,81.000000,70.000000,1.500000,3.400000,5.400000,0.000000,雨後曇,曇後雨,https://www.data.jma.go.jp/stats/etrn/view/daily_s1.php?prec_no=61&block_no=47759&year=2011&month=12&day=&view=p1
2011-12-09,2011,12,9,1.500000,5.500000,9.000000,1.800000,72.000000,54.000000,2.800000,6.200000,12.600000,5.300000,雨時々晴,晴後一時曇,https://www.data.jma.go.jp/stats/etrn/view/daily_s1.php?prec_no=61&block_no=47759&year=2011&month=12&day=&view=p1
2011-12-10,2011,12,10,0.000000,4.900000,9.200000,0.200000,69.000000,44.000000,1.600000,6.000000,11.500000,2.400000,曇時々晴,曇後晴,https://www.data.jma.go.jp/stats/etrn/view/daily_s1.php?prec_no=61&block_no=47759&year=2011&month=12&day=&view=p1
2011-12-11,2011,12,11,0.000000,5.700000,11.100000,1.900000,66.000000,45.000000,1.800000,4.200000,7.900000,4.100000,曇後晴,晴,https://www.data.jma.go.jp/stats/etrn/view/daily_s1.php?prec_no=61&block_no=47759&year=2011&month=12&day=&view=p1
2011-12-12,2011,12,12,0.000000,6.400000,12.200000,1.400000,73.000000,50.000000,1.000000,2.500000,4.900000,3.000000,晴時々曇,晴一時曇,https://www.data.jma.go.jp/stats/etrn/view/daily_s1.php?prec_no=61&block_no=47759&year=2011&month=12&day=&view=p1
2011-12-13,2011,12,13,0.000000,7.600000,12.900000,4.200000,72.000000,41.000000,1.300000,3.900000,6.400000,4.000000,晴時々曇,晴後一時曇,https://www.data.jma.go.jp/stats/etrn/view/daily_s1.php?prec_no=61&block_no=47759&year=2011&month=12&day=&view=p1
2011-12-14,2011,12,14,0.000000,8.100000,15.700000,2.900000,66.000000,35.000000,1.200000,2.600000,5.100000,6.300000,曇後晴,晴,https://www.data.jma.go.jp/stats/etrn/view/daily_s1.php?prec_no=61&block_no=47759&year=2011&month=12&day=&view=p1
2011-12-15,2011,12,15,0.000000,8.300000,14.400000,3.400000,68.000000,42.000000,1.800000,6.000000,10.000000,4.300000,晴一時曇,晴一時曇,https://www.data.jma.go.jp/stats/etrn/view/daily_s1.php?prec_no=61&block_no=47759&year=2011&month=12&day=&view=p1
2011-12-16,2011,12,16,0.000000,5.100000,8.100000,1.900000,60.000000,40.000000,3.100000,7.500000,12.700000,7.500000,晴一時雨、みぞれを伴う,晴後時々雪,https://www.data.jma.go.jp/stats/etrn/view/daily_s1.php?prec_no=61&block_no=47759&year=2011&month=12&day=&view=p1
2011-12-17,2011,12,17,0.000000,3.900000,8.300000,1.300000,66.000000,44.000000,2.500000,5.800000,11.800000,5.800000,晴一時曇,晴,https://www.data.jma.go.jp/stats/etrn/view/daily_s1.php?prec_no=61&block_no=47759&year=2011&month=12&day=&view=p1
2011-12-18,2011,12,18,0.000000,5.200000,10.400000,0.100000,61.000000,41.000000,1.900000,4.800000,7.900000,6.200000,晴後一時薄曇,曇後時々晴,https://www.data.jma.go.jp/stats/etrn/view/daily_s1.php?prec_no=61&block_no=47759&year=2011&month=12&day=&view=p1
2011-12-19,2011,12,19,0.000000,6.300000,10.400000,2.000000,57.000000,37.000000,2.200000,5.700000,10.000000,4.900000,晴時々曇一時雨,晴時々雨一時曇、あられを伴う,https://www.data.jma.go.jp/stats/etrn/view/daily_s1.php?prec_no=61&block_no=47759&year=2011&month=12&day=&view=p1
2011-12-20,2011,12,20,0.000000,5.700000,8.600000,3.000000,67.000000,51.000000,2.000000,4.400000,7.900000,0.500000,曇,薄曇,https://www.data.jma.go.jp/stats/etrn/view/daily_s1.php?prec_no=61&block_no=47759&year=2011&month=12&day=&view=p1
2011-12-21,2011,12,21,0.000000,6.400000,10.700000,2.400000,67.000000,43.000000,1.400000,4.200000,6.200000,4.000000,薄曇,曇,https://www.data.jma.go.jp/stats/etrn/view/daily_s1.php?prec_no=61&block_no=47759&year=2011&month=12&day=&view=p1
2011-12-22,2011,12,22,0.000000,6.500000,11.300000,3.800000,63.000000,39.000000,2.300000,5.800000,11.700000,1.200000,曇後時々晴,みぞれ時々晴一時雪,https://www.data.jma.go.jp/stats/etrn/view/daily_s1.php?prec_no=61&block_no=47759&year=2011&month=12&day=&view=p1
2011-12-23,2011,12,23,0.000000,3.600000,7.400000,1.400000,70.000000,49.000000,2.900000,6.800000,12.300000,5.800000,晴時々雪、みぞれを伴う,晴,https://www.data.jma.go.jp/stats/etrn/view/daily_s1.php?prec_no=61&block_no=47759&year=2011&month=12&day=&view=p1
2011-12-24,2011,12,24,0.000000,3.300000,8.100000,-0.200000,66.000000,43.000000,1.700000,4.300000,8.000000,4.700000,晴後時々曇一時みぞれ,晴後一時雪,https://www.data.jma.go.jp/stats/etrn/view/daily_s1.php?prec_no=61&block_no=47759&year=2011&month=12&day=&view=p1
2011-12-25,2011,12,25,0.000000,3.000000,7.800000,0.900000,56.000000,35.000000,3.500000,7.100000,12.800000,5.600000,晴,晴後雪,https://www.data.jma.go.jp/stats/etrn/view/daily_s1.php?prec_no=61&block_no=47759&year=2011&month=12&day=&view=p1
2011-12-26,2011,12,26,0.000000,2.200000,6.200000,0.100000,72.000000,57.000000,2.600000,5.100000,10.000000,5.000000,雪後一時晴,晴一時曇,https://www.data.jma.go.jp/stats/etrn/view/daily_s1.php?prec_no=61&block_no=47759&year=2011&month=12&day=&view=p1
2011-12-27,2011,12,27,0.000000,3.200000,7.900000,-0.900000,72.000000,50.000000,2.300000,5.000000,9.800000,6.800000,晴時々みぞれ,曇時々晴、みぞれを伴う,https://www.data.jma.go.jp/stats/etrn/view/daily_s1.php?prec_no=61&block_no=47759&year=2011&month=12&day=&view=p1
2011-12-28,2011,12,28,0.000000,4.300000,8.000000,1.700000,72.000000,53.000000,1.300000,3.500000,5.800000,3.100000,曇一時晴,晴一時曇,https://www.data.jma.go.jp/stats/etrn/view/daily_s1.php?prec_no=61&block_no=47759&year=2011&month=12&day=&view=p1
2011-12-29,2011,12,29,0.000000,5.100000,11.700000,-0.300000,70.000000,41.000000,1.800000,4.900000,8.900000,6.400000,晴後曇,曇時々みぞれ一時雨,https://www.data.jma.go.jp/stats/etrn/view/daily_s1.php?prec_no=61&block_no=47759&year=2011&month=12&day=&view=p1
2011-12-30,2011,12,30,0.000000,4.300000,8.000000,2.800000,66.000000,46.000000,2.700000,6.800000,11.800000,4.400000,晴時々雨一時みぞれ,曇後晴,https://www.data.jma.go.jp/stats/etrn/view/daily_s1.php?prec_no=61&block_no=47759&year=2011&month=12&day=&view=p1
2011-12-31,2011,12,31,0.000000,3.900000,10.000000,0.600000,68.000000,37.000000,1.500000,5.100000,8.000000,4.800000,晴時々曇,晴後薄曇,https://www.data.jma.go.jp/stats/etrn/view/daily_s1.php?prec_no=61&block_no=47759&year=2011&month=12&day=&view=p1
2012-10-01,2012,10,1,0.000000,20.700000,24.400000,17.900000,78.000000,61.000000,2.200000,5.100000,9.800000,0.700000,曇一時雨,曇時々晴,https://www.data.jma.go.jp/stats/etrn/view/daily_s1.php?prec_no=61&block_no=47759&year=2012&month=10&day=&view=p1
2012-10-02,2012,10,2,0.000000,22.100000,27.500000,17.500000,63.000000,39.000000,2.200000,5.500000,8.100000,7.100000,晴一時曇,曇,https://www.data.jma.go.jp/stats/etrn/view/daily_s1.php?prec_no=61&block_no=47759&year=2012&month=10&day=&view=p1
2012-10-03,2012,10,3,0.000000,22.500000,28.200000,18.000000,65.000000,37.000000,2.300000,7.000000,11.800000,7.900000,晴一時曇,晴後一時曇,https://www.data.jma.go.jp/stats/etrn/view/daily_s1.php?prec_no=61&block_no=47759&year=2012&month=10&day=&view=p1
2012-10-04,2012,10,4,0.000000,21.100000,25.000000,18.700000,76.000000,60.000000,1.800000,5.100000,8.900000,0.700000,曇時々雨,晴一時曇,https://www.data.jma.go.jp/stats/etrn/view/daily_s1.php?prec_no=61&block_no=47759&year=2012&month=10&day=&view=p1
2012-10-05,2012,10,5,0.000000,21.200000,26.900000,16.600000,61.000000,37.000000,2.000000,4.600000,8.200000,9.100000,晴後薄曇,曇,https://www.data.jma.go.jp/stats/etrn/view/daily_s1.php?prec_no=61&block_no=47759&year=2012&month=10&day=&view=p1
2012-10-06,2012,10,6,2.000000,20.200000,25.300000,16.900000,70.000000,49.000000,1.500000,3.900000,6.200000,1.100000,曇,雨後時々曇,https://www.data.jma.go.jp/stats/etrn/view/daily_s1.php?prec_no=61&block_no=47759&year=2012&month=10&day=&view=p1
2012-10-07,2012,10,7,1.000000,19.700000,24.800000,16.100000,66.000000,46.000000,2.500000,5.700000,9.900000,7.300000,晴時々曇,晴後薄曇,https://www.data.jma.go.jp/stats/etrn/view/daily_s1.php?prec_no=61&block_no=47759&year=2012&month=10&day=&view=p1
2012-10-08,2012,10,8,0.000000,19.400000,25.300000,13.800000,62.000000,40.000000,1.600000,4.800000,8.200000,6.400000,晴後曇,薄曇後晴,https://www.data.jma.go.jp/stats/etrn/view/daily_s1.php?prec_no=61&block_no=47759&year=2012&month=10&day=&view=p1
2012-10-09,2012,10,9,0.000000,20.600000,26.100000,16.200000,62.000000,36.000000,1.500000,4.600000,7.100000,7.100000,晴,晴後時々曇,https://www.data.jma.go.jp/stats/etrn/view/daily_s1.php?prec_no=61&block_no=47759&year=2012&month=10&day=&view=p1
2012-10-10,2012,10,10,0.000000,20.700000,25.800000,15.700000,65.000000,47.000000,1.700000,3.800000,6.400000,4.700000,晴後曇,曇後時々雨,https://www.data.jma.go.jp/stats/etrn/view/daily_s1.php?prec_no=61&block_no=47759&year=2012&month=10&day=&view=p1
2012-10-11,2012,10,11,0.500000,20.400000,25.500000,17.800000,68.000000,38.000000,1.600000,4.800000,7.300000,3.500000,曇一時雨後晴,晴一時曇,https://www.data.jma.go.jp/stats/etrn/view/daily_s1.php?prec_no=61&block_no=47759&year=2012&month=10&day=&view=p1
2012-10-12,2012,10,12,0.000000,17.700000,22.300000,13.000000,60.000000,39.000000,2.500000,6.800000,11.100000,5.600000,晴後曇,晴,https://www.data.jma.go.jp/stats/etrn/view/daily_s1.php?prec_no=61&block_no=47759&year=2012&month=10&day=&view=p1
2012-10-13,2012,10,13,0.000000,16.900000,24.500000,10.700000,61.000000,33.000000,1.800000,5.900000,9.100000,7.100000,晴後曇,曇一時晴,https://www.data.jma.go.jp/stats/etrn/view/daily_s1.php?prec_no=61&block_no=47759&year=2012&month=10&day=&view=p1
2012-10-14,2012,10,14,0.000000,18.500000,23.400000,14.300000,61.000000,43.000000,1.300000,2.800000,5.200000,2.500000,曇一時晴,曇後晴,https://www.data.jma.go.jp/stats/etrn/view/daily_s1.php?prec_no=61&block_no=47759&year=2012&month=10&day=&view=p1
2012-10-15,2012,10,15,0.000000,18.800000,26.400000,12.400000,62.000000,32.000000,1.900000,5.600000,9.300000,10.200000,快晴,快晴,https://www.data.jma.go.jp/stats/etrn/view/daily_s1.php?prec_no=61&block_no=47759&year=2012&month=10&day=&view=p1
2012-10-16,2012,10,16,0.000000,19.700000,25.800000,13.100000,61.000000,38.000000,2.000000,4.500000,6.800000,10.400000,快晴,晴後時々曇,https://www.data.jma.go.jp/stats/etrn/view/daily_s1.php?prec_no=61&block_no=47759&year=2012&month=10&day=&view=p1
2012-10-17,2012,10,17,37.500000,19.200000,21.200000,17.800000,77.000000,58.000000,2.300000,3.900000,7.500000,0.000000,曇後雨,雨後曇,https://www.data.jma.go.jp/stats/etrn/view/daily_s1.php?prec_no=61&block_no=47759&year=2012&month=10&day=&view=p1
2012-10-18,2012,10,18,0.500000,17.800000,19.200000,16.800000,69.000000,53.000000,2.300000,5.300000,12.000000,0.000000,曇時々雨,曇後晴,https://www.data.jma.go.jp/stats/etrn/view/daily_s1.php?prec_no=61&block_no=47759&year=2012&month=10&day=&view=p1
2012-10-19,2012,10,19,0.000000,16.900000,20.700000,12.200000,51.000000,32.000000,3.300000,7.400000,12.500000,10.100000,快晴,快晴,https://www.data.jma.go.jp/stats/etrn/view/daily_s1.php?prec_no=61&block_no=47759&year=2012&month=10&day=&view=p1
2012-10-20,2012,10,20,0.000000,16.100000,23.300000,10.300000,64.000000,35.000000,1.500000,4.100000,7.200000,10.400000,快晴,晴,https://www.data.jma.go.jp/stats/etrn/view/daily_s1.php?prec_no=61&block_no=47759&year=2012&month=10&day=&view=p1
2012-10-21,2012,10,21,0.000000,18.000000,25.500000,11.800000,66.000000,38.000000,1.600000,4.000000,8.400000,10.200000,晴,快晴,https://www.data.jma.go.jp/stats/etrn/view/daily_s1.php?prec_no=61&block_no=47759&year=2012&month=10&day=&view=p1
2012-10-22,2012,10,22,0.000000,19.200000,25.600000,12.500000,62.000000,31.000000,1.500000,4.000000,7.700000,8.900000,晴後一時曇,曇後雨,https://www.data.jma.go.jp/stats/etrn/view/daily_s1.php?prec_no=61&block_no=47759&year=2012&month=10&day=&view=p1
2012-10-23,2012,10,23,34.500000,15.100000,19.500000,12.400000,82.000000,64.000000,2.000000,5.600000,14.000000,0.500000,大雨一時曇,曇一時雨後晴,https://www.data.jma.go.jp/stats/etrn/view/daily_s1.php?prec_no=61&block_no=47759&year=2012&month=10&day=&view=p1
2012-10-24,2012,10,24,0.000000,13.400000,19.300000,8.600000,61.000000,32.000000,2.100000,5.500000,11.300000,8.000000,晴,晴後曇,https://www.data.jma.go.jp/stats/etrn/view/daily_s1.php?prec_no=61&block_no=47759&year=2012&month=10&day=&view=p1
2012-10-25,2012,10,25,0.000000,14.800000,21.500000,10.200000,63.000000,36.000000,1.400000,3.200000,5.800000,7.900000,薄曇後晴,快晴,https://www.data.jma.go.jp/stats/etrn/view/daily_s1.php?prec_no=61&block_no=47759&year=2012&month=10&day=&view=p1
2012-10-26,2012,10,26,0.000000,15.800000,23.000000,9.600000,66.000000,38.000000,1.300000,4.100000,6.200000,9.600000,晴後一時薄曇,快晴,https://www.data.jma.go.jp/stats/etrn/view/daily_s1.php?prec_no=61&block_no=47759&year=2012&month=10&day=&view=p1
2012-10-27,2012,10,27,0.000000,17.700000,23.300000,10.800000,66.000000,48.000000,1.700000,5.400000,7.800000,6.400000,晴後薄曇,曇後雨,https://www.data.jma.go.jp/stats/etrn/view/daily_s1.php?prec_no=61&block_no=47759&year=2012&month=10&day=&view=p1
2012-10-28,2012,10,28,12.000000,17.400000,19.400000,14.700000,81.000000,55.000000,1.700000,3.300000,6.600000,0.100000,雨後曇、雷を伴う,曇一時雨後晴、雷を伴う,https://www.data.jma.go.jp/stats/etrn/view/daily_s1.php?prec_no=61&block_no=47759&year=2012&month=10&day=&view=p1
2012-10-29,2012,10,29,0.000000,15.500000,20.500000,10.900000,66.000000,42.000000,2.300000,6.900000,10.900000,5.100000,晴一時曇,晴後薄曇,https://www.data.jma.go.jp/stats/etrn/view/daily_s1.php?prec_no=61&block_no=47759&year=2012&month=10&day=&view=p1
2012-10-30,2012,10,30,0.000000,13.400000,20.000000,8.800000,71.000000,44.000000,1.600000,3.600000,7.300000,3.400000,曇後晴一時雨,曇後晴,https://www.data.jma.go.jp/stats/etrn/view/daily_s1.php?prec_no=61&block_no=47759&year=2012&month=10&day=&view=p1
2012-10-31,2012,10,31,0.000000,14.300000,19.100000,11.500000,63.000000,36.000000,1.800000,3.000000,5.300000,7.600000,晴一時曇,曇時々晴一時雨,https://www.data.jma.go.jp/stats/etrn/view/daily_s1.php?prec_no=61&block_no=47759&year=2012&month=10&day=&view=p1
2012-11-01,2012,11,1,1.500000,13.000000,18.200000,9.900000,62.000000,33.000000,2.600000,6.800000,14.500000,5.700000,晴一時曇,晴,https://www.data.jma.go.jp/stats/etrn/view/daily_s1.php?prec_no=61&block_no=47759&year=2012&month=11&day=&view=p1
2012-11-02,2012,11,2,0.000000,11.400000,14.700000,8.700000,65.000000,49.000000,2.200000,5.400000,10.300000,2.400000,曇時々晴一時雨,曇一時雨,https://www.data.jma.go.jp/stats/etrn/view/daily_s1.php?prec_no=61&block_no=47759&year=2012&month=11&day=&view=p1
2012-11-03,2012,11,3,0.000000,12.000000,15.400000,8.100000,59.000000,39.000000,1.900000,4.600000,8.100000,2.500000,晴後時々曇,曇後晴,https://www.data.jma.go.jp/stats/etrn/view/daily_s1.php?prec_no=61&block_no=47759&year=2012&month=11&day=&view=p1
2012-11-04,2012,11,4,0.000000,11.800000,17.000000,6.700000,67.000000,45.000000,1.400000,2.600000,4.700000,7.000000,晴後薄曇,曇,https://www.data.jma.go.jp/stats/etrn/view/daily_s1.php?prec_no=61&block_no=47759&year=2012&month=11&day=&view=p1
2012-11-05,2012,11,5,0.000000,15.200000,18.500000,11.000000,68.000000,57.000000,1.700000,4.000000,6.700000,1.300000,曇一時雨,曇一時晴後時々雨、雷を伴う,https://www.data.jma.go.jp/stats/etrn/view/daily_s1.php?prec_no=61&block_no=47759&year=2012&month=11&day=&view=p1
2012-11-06,2012,11,6,2.500000,15.900000,19.900000,10.800000,72.000000,39.000000,1.900000,5.000000,8.900000,3.400000,曇一時雨後晴,晴,https://www.data.jma.go.jp/stats/etrn/view/daily_s1.php?prec_no=61&block_no=47759&year=2012&month=11&day=&view=p1
2012-11-07,2012,11,7,0.000000,13.600000,18.600000,9.400000,58.000000,36.000000,2.000000,4.600000,8.800000,7.600000,晴,晴後一時曇,https://www.data.jma.go.jp/stats/etrn/view/daily_s1.php?prec_no=61&block_no=47759&year=2012&month=11&day=&view=p1
2012-11-08,2012,11,8,0.000000,14.100000,19.300000,9.000000,60.000000,38.000000,1.700000,4.700000,7.800000,8.600000,晴後一時曇,曇,https://www.data.jma.go.jp/stats/etrn/view/daily_s1.php?prec_no=61&block_no=47759&year=2012&month=11&day=&view=p1
2012-11-09,2012,11,9,0.000000,13.100000,17.200000,10.700000,69.000000,59.000000,1.900000,6.100000,10.500000,2.200000,曇一時雨後時々晴,曇一時晴,https://www.data.jma.go.jp/stats/etrn/view/daily_s1.php?prec_no=61&block_no=47759&year=2012&month=11&day=&view=p1
2012-11-10,2012,11,10,0.000000,12.400000,16.900000,9.500000,68.000000,48.000000,1.500000,4.400000,7.800000,2.300000,曇一時晴,薄曇,https://www.data.jma.go.jp/stats/etrn/view/daily_s1.php?prec_no=61&block_no=47759&year=2012&month=11&day=&view=p1
2012-11-11,2012,11,11,26.500000,13.600000,15.600000,9.900000,82.000000,68.000000,2.400000,6.700000,12.700000,0.000000,雨一時曇,曇一時雨,https://www.data.jma.go.jp/stats/etrn/view/daily_s1.php?prec_no=61&block_no=47759&year=2012&month=11&day=&view=p1
2012-11-12,2012,11,12,0.000000,13.900000,18.200000,9.000000,61.000000,31.000000,2.200000,5.400000,9.700000,6.600000,曇後晴,晴,https://www.data.jma.go.jp/stats/etrn/view/daily_s1.php?prec_no=61&block_no=47759&year=2012&month=11&day=&view=p1
2012-11-13,2012,11,13,2.500000,11.400000,17.300000,7.000000,72.000000,38.000000,1.700000,5.600000,13.100000,4.500000,曇時々晴後一時雨、雷を伴う,曇,https://www.data.jma.go.jp/stats/etrn/view/daily_s1.php?prec_no=61&block_no=47759&year=2012&month=11&day=&view=p1
2012-11-14,2012,11,14,1.000000,9.300000,14.700000,5.500000,66.000000,34.000000,2.300000,5.800000,10.500000,5.500000,晴時々曇後一時雨,晴時々雨一時曇,https://www.data.jma.go.jp/stats/etrn/view/daily_s1.php?prec_no=61&block_no=47759&year=2012&month=11&day=&view=p1
2012-11-15,2012,11,15,7.000000,7.600000,10.700000,5.400000,76.000000,58.000000,2.100000,4.900000,7.700000,2.100000,晴時々雨一時曇,雨時々曇,https://www.data.jma.go.jp/stats/etrn/view/daily_s1.php?prec_no=61&block_no=47759&year=2012&month=11&day=&view=p1
2012-11-16,2012,11,16,1.000000,9.800000,15.800000,6.700000,75.000000,45.000000,1.300000,3.300000,5.400000,8.100000,曇後晴,晴後曇一時雨,https://www.data.jma.go.jp/stats/etrn/view/daily_s1.php?prec_no=61&block_no=47759&year=2012&month=11&day=&view=p1
2012-11-17,2012,11,17,39.500000,11.100000,12.900000,8.100000,88.000000,80.000000,1.500000,4.300000,7.500000,0.000000,大雨,曇,https://www.data.jma.go.jp/stats/etrn/view/daily_s1.php?prec_no=61&block_no=47759&year=2012&month=11&day=&view=p1
2012-11-18,2012,11,18,0.000000,11.300000,15.500000,9.400000,71.000000,39.000000,2.300000,5.600000,12.600000,5.200000,晴後曇時々雨,曇一時雨後晴,https://www.data.jma.go.jp/stats/etrn/view/daily_s1.php?prec_no=61&block_no=47759&year=2012&month=11&day=&view=p1
2012-11-19,2012,11,19,0.000000,10.400000,15.700000,5.700000,69.000000,41.000000,1.500000,5.600000,11.100000,8.300000,快晴,晴後曇,https://www.data.jma.go.jp/stats/etrn/view/daily_s1.php?prec_no=61&block_no=47759&year=2012&month=11&day=&view=p1
2012-11-20,2012,11,20,0.000000,11.300000,15.500000,8.900000,69.000000,47.000000,1.800000,5.200000,8.700000,2.000000,曇時々晴一時雨,曇一時晴後時々雨,https://www.data.jma.go.jp/stats/etrn/view/daily_s1.php?prec_no=61&block_no=47759&year=2012&month=11&day=&view=p1
2012-11-21,2012,11,21,0.000000,9.900000,13.500000,7.700000,68.000000,44.000000,1.500000,3.500000,5.800000,4.800000,晴時々曇,曇,https://www.data.jma.go.jp/stats/etrn/view/daily_s1.php?prec_no=61&block_no=47759&year=2012&month=11&day=&view=p1
2012-11-22,2012,11,22,0.000000,10.900000,15.300000,8.100000,71.000000,56.000000,1.200000,2.900000,4.600000,3.300000,曇,曇後一時雨,https://www.data.jma.go.jp/stats/etrn/view/daily_s1.php?prec_no=61&block_no=47759&year=2012&month=11&day=&view=p1
2012-11-23,2012,11,23,6.500000,11.100000,12.800000,9.500000,82.000000,71.000000,1.500000,3.200000,5.700000,0.100000,曇時々雨,曇一時雨,https://www.data.jma.go.jp/stats/etrn/view/daily_s1.php?prec_no=61&block_no=47759&year=2012&month=11&day=&view=p1
2012-11-24,2012,11,24,0.000000,9.200000,12.400000,4.600000,63.000000,46.000000,2.100000,5.000000,8.600000,0.900000,曇後一時晴,晴,https://www.data.jma.go.jp/stats/etrn/view/daily_s1.php?prec_no=61&block_no=47759&year=2012&month=11&day=&view=p1
2012-11-25,2012,11,25,0.000000,8.000000,14.300000,2.300000,61.000000,28.000000,1.200000,2.400000,4.200000,9.600000,晴,曇後雨,https://www.data.jma.go.jp/stats/etrn/view/daily_s1.php?prec_no=61&block_no=47759&year=2012&month=11&day=&view=p1
2012-11-26,2012,11,26,32.000000,10.500000,13.800000,8.500000,81.000000,55.000000,1.800000,5.600000,10.000000,0.000000,雨後一時曇,曇時々晴後一時雨,https://www.data.jma.go.jp/stats/etrn/view/daily_s1.php?prec_no=61&block_no=47759&year=2012&month=11&day=&view=p1
2012-11-27,2012,11,27,0.000000,7.300000,10.700000,4.500000,69.000000,51.000000,2.700000,6.300000,10.100000,4.600000,晴時々曇一時雨,晴,https://www.data.jma.go.jp/stats/etrn/view/daily_s1.php?prec_no=61&block_no=47759&year=2012&month=11&day=&view=p1
2012-11-28,2012,11,28,0.000000,6.700000,11.300000,2.000000,74.000000,46.000000,1.200000,3.500000,5.800000,5.300000,晴後曇,曇後晴,https://www.data.jma.go.jp/stats/etrn/view/daily_s1.php?prec_no=61&block_no=47759&year=2012&month=11&day=&view=p1
2012-11-29,2012,11,29,0.000000,9.100000,14.200000,4.100000,77.000000,56.000000,1.000000,2.300000,3.700000,3.200000,曇,晴一時曇,https://www.data.jma.go.jp/stats/etrn/view/daily_s1.php?prec_no=61&block_no=47759&year=2012&month=11&day=&view=p1
2012-11-30,2012,11,30,0.000000,9.200000,13.900000,5.500000,75.000000,59.000000,1.800000,4.800000,7.800000,2.700000,曇,晴時々曇,https://www.data.jma.go.jp/stats/etrn/view/daily_s1.php?prec_no=61&block_no=47759&year=2012&month=11&day=&view=p1
2012-12-01,2012,12,1,0.000000,6.500000,9.400000,4.100000,76.000000,59.000000,2.100000,5.100000,8.600000,1.600000,雨一時曇,雨時々曇,https://www.data.jma.go.jp/stats/etrn/view/daily_s1.php?prec_no=61&block_no=47759&year=2012&month=12&day=&view=p1
2012-12-02,2012,12,2,1.000000,5.300000,8.000000,3.000000,74.000000,46.000000,1.500000,3.700000,5.700000,2.700000,曇後一時雨,晴一時雨,https://www.data.jma.go.jp/stats/etrn/view/daily_s1.php?prec_no=61&block_no=47759&year=2012&month=12&day=&view=p1
2012-12-03,2012,12,3,0.000000,7.100000,13.900000,0.900000,73.000000,40.000000,1.300000,3.100000,5.500000,9.100000,晴,曇後雨,https://www.data.jma.go.jp/stats/etrn/view/daily_s1.php?prec_no=61&block_no=47759&year=2012&month=12&day=&view=p1
2012-12-04,2012,12,4,5.000000,7.700000,11.400000,3.400000,66.000000,38.000000,2.900000,8.900000,14.000000,3.600000,晴時々曇,晴後一時曇,https://www.data.jma.go.jp/stats/etrn/view/daily_s1.php?prec_no=61&block_no=47759&year=2012&month=12&day=&view=p1
2012-12-05,2012,12,5,0.000000,5.200000,8.300000,1.900000,57.000000,41.000000,1.700000,3.800000,6.900000,0.900000,曇,曇時々晴一時雨、雷を伴う,https://www.data.jma.go.jp/stats/etrn/view/daily_s1.php?prec_no=61&block_no=47759&year=2012&month=12&day=&view=p1
2012-12-06,2012,12,6,3.500000,6.000000,10.100000,0.900000,52.000000,24.000000,3.000000,6.500000,12.000000,5.700000,晴,晴,https://www.data.jma.go.jp/stats/etrn/view/daily_s1.php?prec_no=61&block_no=47759&year=2012&month=12&day=&view=p1
2012-12-07,2012,12,7,0.000000,4.000000,8.800000,-1.200000,57.000000,38.000000,1.500000,3.800000,7.000000,8.600000,晴後薄曇,曇後時々雨,https://www.data.jma.go.jp/stats/etrn/view/daily_s1.php?prec_no=61&block_no=47759&year=2012&month=12&day=&view=p1
2012-12-08,2012,12,8,1.000000,4.400000,9.800000,0.000000,63.000000,26.000000,2.700000,8.200000,14.200000,4.200000,晴一時雨,晴,https://www.data.jma.go.jp/stats/etrn/view/daily_s1.php?prec_no=61&block_no=47759&year=2012&month=12&day=&view=p1
2012-12-09,2012,12,9,0.000000,2.600000,7.000000,-0.400000,50.000000,25.000000,2.600000,6.300000,13.000000,6.100000,晴一時曇,晴後一時雪,https://www.data.jma.go.jp/stats/etrn/view/daily_s1.php?prec_no=61&block_no=47759&year=2012&month=12&day=&view=p1
2012-12-10,2012,12,10,0.000000,1.700000,5.400000,-0.900000,75.000000,56.000000,2.500000,5.600000,10.200000,2.200000,雪後みぞれ時々雨,曇一時雨後晴、みぞれを伴う,https://www.data.jma.go.jp/stats/etrn/view/daily_s1.php?prec_no=61&block_no=47759&year=2012&month=12&day=&view=p1
2012-12-11,2012,12,11,0.000000,3.400000,8.200000,-0.600000,70.000000,46.000000,2.000000,5.300000,10.100000,9.000000,晴,晴後一時曇,https://www.data.jma.go.jp/stats/etrn/view/daily_s1.php?prec_no=61&block_no=47759&year=2012&month=12&day=&view=p1
2012-12-12,2012,12,12,0.000000,3.800000,8.100000,0.600000,73.000000,48.000000,1.600000,5.300000,9.400000,6.600000,晴,晴,https://www.data.jma.go.jp/stats/etrn/view/daily_s1.php?prec_no=61&block_no=47759&year=2012&month=12&day=&view=p1
2012-12-13,2012,12,13,0.000000,4.200000,10.000000,-0.200000,70.000000,39.000000,1.300000,3.300000,6.000000,7.100000,晴,快晴,https://www.data.jma.go.jp/stats/etrn/view/daily_s1.php?prec_no=61&block_no=47759&year=2012&month=12&day=&view=p1
2012-12-14,2012,12,14,2.000000,6.100000,12.000000,-0.300000,70.000000,44.000000,1.000000,3.300000,5.100000,5.800000,晴後曇,雨一時曇,https://www.data.jma.go.jp/stats/etrn/view/daily_s1.php?prec_no=61&block_no=47759&year=2012&month=12&day=&view=p1
2012-12-15,2012,12,15,8.500000,10.700000,13.400000,7.200000,87.000000,74.000000,1.000000,2.400000,4.200000,0.400000,曇一時雨,雨後曇,https://www.data.jma.go.jp/stats/etrn/view/daily_s1.php?prec_no=61&block_no=47759&year=2012&month=12&day=&view=p1
2012-12-16,2012,12,16,0.000000,10.200000,13.700000,6.000000,67.000000,42.000000,2.200000,5.800000,10.600000,4.900000,曇後晴,薄曇時々晴,https://www.data.jma.go.jp/stats/etrn/view/daily_s1.php?prec_no=61&block_no=47759&year=2012&month=12&day=&view=p1
2012-12-17,2012,12,17,0.500000,8.700000,14.100000,3.900000,75.000000,46.000000,1.300000,3.400000,6.300000,3.000000,晴後曇一時雨,曇後晴,https://www.data.jma.go.jp/stats/etrn/view/daily_s1.php?prec_no=61&block_no=47759&year=2012&month=12&day=&view=p1
2012-12-18,2012,12,18,0.000000,6.900000,9.700000,4.600000,75.000000,62.000000,2.100000,6.900000,10.500000,0.000000,曇,曇時々雨後時々みぞれ,https://www.data.jma.go.jp/stats/etrn/view/daily_s1.php?prec_no=61&block_no=47759&year=2012&month=12&day=&view=p1
2012-12-19,2012,12,19,0.000000,3.300000,6.000000,1.100000,75.000000,55.000000,1.800000,5.300000,11.000000,2.800000,曇後晴一時雨、みぞれを伴う,晴後曇,https://www.data.jma.go.jp/stats/etrn/view/daily_s1.php?prec_no=61&block_no=47759&year=2012&month=12&day=&view=p1
2012-12-20,2012,12,20,0.000000,4.500000,9.700000,0.700000,68.000000,45.000000,1.300000,3.100000,5.500000,4.400000,晴時々曇,曇時々晴,https://www.data.jma.go.jp/stats/etrn/view/daily_s1.php?prec_no=61&block_no=47759&year=2012&month=12&day=&view=p1
2012-12-21,2012,12,21,10.000000,5.500000,8.000000,2.600000,73.000000,52.000000,1.600000,3.500000,6.400000,2.200000,曇,雨,https://www.data.jma.go.jp/stats/etrn/view/daily_s1.php?prec_no=61&block_no=47759&year=2012&month=12&day=&view=p1
2012-12-22,2012,12,22,12.500000,7.800000,12.100000,5.200000,80.000000,66.000000,2.400000,4.900000,9.600000,1.300000,曇時々雨一時晴,晴時々曇,https://www.data.jma.go.jp/stats/etrn/view/daily_s1.php?prec_no=61&block_no=47759&year=2012&month=12&day=&view=p1
2012-12-23,2012,12,23,0.000000,5.400000,10.200000,1.400000,66.000000,46.000000,2.300000,5.800000,11.200000,3.500000,晴後一時曇,晴,https://www.data.jma.go.jp/stats/etrn/view/daily_s1.php?prec_no=61&block_no=47759&year=2012&month=12&day=&view=p1
2012-12-24,2012,12,24,0.000000,1.800000,5.300000,-0.500000,63.000000,48.000000,2.500000,5.000000,9.100000,4.100000,晴一時雪、みぞれを伴う,晴一時曇,https://www.data.jma.go.jp/stats/etrn/view/daily_s1.php?prec_no=61&block_no=47759&year=2012&month=12&day=&view=p1
2012-12-25,2012,12,25,0.000000,3.300000,7.900000,-1.100000,58.000000,45.000000,2.100000,5.000000,9.700000,5.800000,晴後時々曇,曇時々晴一時雨後時々みぞれ,https://www.data.jma.go.jp/stats/etrn/view/daily_s1.php?prec_no=61&block_no=47759&year=2012&month=12&day=&view=p1
2012-12-26,2012,12,26,0.000000,3.000000,6.100000,0.900000,66.000000,51.000000,2.900000,6.200000,11.200000,6.100000,晴後雪,晴時々雪,https://www.data.jma.go.jp/stats/etrn/view/daily_s1.php?prec_no=61&block_no=47759&year=2012&month=12&day=&view=p1
2012-12-27,2012,12,27,0.000000,2.100000,6.200000,-0.300000,68.000000,46.000000,1.600000,3.200000,5.700000,1.900000,曇時々晴,晴後薄曇,https://www.data.jma.go.jp/stats/etrn/view/daily_s1.php?prec_no=61&block_no=47759&year=2012&month=12&day=&view=p1
2012-12-28,2012,12,28,8.000000,3.600000,6.700000,-0.300000,81.000000,71.000000,1.600000,4.200000,7.500000,0.000000,曇一時みぞれ後時々雨,雨後曇,https://www.data.jma.go.jp/stats/etrn/view/daily_s1.php?prec_no=61&block_no=47759&year=2012&month=12&day=&view=p1
2012-12-29,2012,12,29,0.000000,9.200000,13.100000,5.700000,74.000000,48.000000,1.400000,4.700000,8.000000,7.200000,曇一時晴,曇後時々雨,https://www.data.jma.go.jp/stats/etrn/view/daily_s1.php?prec_no=61&block_no=47759&year=2012&month=12&day=&view=p1
2012-12-30,2012,12,30,29.000000,9.300000,11.000000,7.100000,85.000000,69.000000,1.800000,5.000000,8.900000,0.000000,雨,曇一時雨,https://www.data.jma.go.jp/stats/etrn/view/daily_s1.php?prec_no=61&block_no=47759&year=2012&month=12&day=&view=p1
2012-12-31,2012,12,31,0.000000,3.800000,7.300000,0.300000,55.000000,40.000000,2.700000,5.000000,8.700000,3.300000,晴後一時雪,快晴,https://www.data.jma.go.jp/stats/etrn/view/daily_s1.php?prec_no=61&block_no=47759&year=2012&month=12&day=&view=p1
2013-10-01,2013,10,1,0.000000,24.600000,30.600000,20.300000,58.000000,40.000000,2.100000,5.300000,8.900000,9.000000,晴,晴後曇一時雨,https://www.data.jma.go.jp/stats/etrn/view/daily_s1.php?prec_no=61&block_no=47759&year=2013&month=10&day=&view=p1
2013-10-02,2013,10,2,0.000000,24.700000,29.400000,22.100000,63.000000,43.000000,2.100000,4.800000,7.700000,4.100000,曇時々晴,曇,https://www.data.jma.go.jp/stats/etrn/view/daily_s1.php?prec_no=61&block_no=47759&year=2013&month=10&day=&view=p1
2013-10-03,2013,10,3,0.000000,21.700000,24.700000,17.700000,61.000000,46.000000,3.300000,8.000000,13.400000,5.200000,曇一時雨後晴,晴後薄曇,https://www.data.jma.go.jp/stats/etrn/view/daily_s1.php?prec_no=61&block_no=47759&year=2013&month=10&day=&view=p1
2013-10-04,2013,10,4,0.000000,20.700000,25.800000,15.600000,59.000000,38.000000,1.500000,3.700000,6.100000,4.900000,曇,薄曇後一時雨,https://www.data.jma.go.jp/stats/etrn/view/daily_s1.php?prec_no=61&block_no=47759&year=2013&month=10&day=&view=p1
2013-10-05,2013,10,5,0.000000,23.400000,27.300000,19.700000,67.000000,54.000000,1.700000,4.100000,7.500000,0.000000,曇一時雨,曇後一時晴,https://www.data.jma.go.jp/stats/etrn/view/daily_s1.php?prec_no=61&block_no=47759&year=2013&month=10&day=&view=p1
2013-10-06,2013,10,6,0.000000,26.200000,31.400000,23.100000,63.000000,41.000000,2.800000,5.000000,8.500000,8.100000,晴,晴,https://www.data.jma.go.jp/stats/etrn/view/daily_s1.php?prec_no=61&block_no=47759&year=2013&month=10&day=&view=p1
2013-10-07,2013,10,7,0.000000,25.500000,29.200000,23.300000,66.000000,53.000000,3.100000,5.900000,10.800000,5.700000,晴,薄曇時々晴,https://www.data.jma.go.jp/stats/etrn/view/daily_s1.php?prec_no=61&block_no=47759&year=2013&month=10&day=&view=p1
2013-10-08,2013,10,8,0.000000,24.800000,27.700000,22.800000,69.000000,59.000000,2.400000,4.600000,7.500000,0.800000,曇,曇,https://www.data.jma.go.jp/stats/etrn/view/daily_s1.php?prec_no=61&block_no=47759&year=2013&month=10&day=&view=p1
2013-10-09,2013,10,9,16.500000,24.900000,31.500000,21.500000,75.000000,51.000000,2.100000,4.600000,7.900000,3.000000,曇時々雨一時晴,曇後晴,https://www.data.jma.go.jp/stats/etrn/view/daily_s1.php?prec_no=61&block_no=47759&year=2013&month=10&day=&view=p1
2013-10-10,2013,10,10,0.000000,25.600000,30.700000,20.800000,70.000000,49.000000,1.300000,3.000000,5.400000,5.900000,晴時々曇,曇後一時雨,https://www.data.jma.go.jp/stats/etrn/view/daily_s1.php?prec_no=61&block_no=47759&year=2013&month=10&day=&view=p1
2013-10-11,2013,10,11,0.000000,26.200000,30.100000,23.800000,68.000000,45.000000,3.200000,7.900000,14.100000,3.800000,晴時々曇,曇一時雨後晴,https://www.data.jma.go.jp/stats/etrn/view/daily_s1.php?prec_no=61&block_no=47759&year=2013&month=10&day=&view=p1
2013-10-12,2013,10,12,0.000000,21.800000,26.200000,16.500000,52.000000,36.000000,3.100000,6.800000,10.900000,8.900000,晴,晴一時曇,https://www.data.jma.go.jp/stats/etrn/view/daily_s1.php?prec_no=61&block_no=47759&year=2013&month=10&day=&view=p1
2013-10-13,2013,10,13,0.000000,19.100000,25.600000,14.200000,56.000000,35.000000,2.100000,6.300000,11.100000,9.400000,晴,快晴,https://www.data.jma.go.jp/stats/etrn/view/daily_s1.php?prec_no=61&block_no=47759&year=2013&month=10&day=&view=p1
2013-10-14,2013,10,14,0.000000,20.100000,26.500000,13.300000,58.000000,37.000000,2.000000,5.500000,8.500000,9.100000,晴,晴時々曇,https://www.data.jma.go.jp/stats/etrn/view/daily_s1.php?prec_no=61&block_no=47759&year=2013&month=10&day=&view=p1
2013-10-15,2013,10,15,28.000000,20.000000,22.100000,17.800000,77.000000,63.000000,2.200000,5.300000,11.800000,0.000000,雨一時曇,大雨,https://www.data.jma.go.jp/stats/etrn/view/daily_s1.php?prec_no=61&block_no=47759&year=2013&month=10&day=&view=p1
2013-10-16,2013,10,16,18.500000,17.200000,19.800000,13.800000,70.000000,54.000000,3.500000,7.200000,16.700000,4.200000,雨時々曇一時晴,晴一時雨,https://www.data.jma.go.jp/stats/etrn/view/daily_s1.php?prec_no=61&block_no=47759&year=2013&month=10&day=&view=p1
2013-10-17,2013,10,17,0.000000,15.000000,19.700000,12.200000,58.000000,34.000000,2.500000,7.400000,12.900000,7.400000,晴後一時薄曇,薄曇,https://www.data.jma.go.jp/stats/etrn/view/daily_s1.php?prec_no=61&block_no=47759&year=2013&month=10&day=&view=p1
2013-10-18,2013,10,18,0.000000,16.200000,20.200000,11.800000,62.000000,46.000000,1.600000,4.600000,7.700000,0.300000,曇,雨一時曇,https://www.data.jma.go.jp/stats/etrn/view/daily_s1.php?prec_no=61&block_no=47759&year=2013&month=10&day=&view=p1
2013-10-19,2013,10,19,9.000000,17.500000,21.000000,15.200000,75.000000,53.000000,1.800000,4.400000,7.600000,0.400000,曇一時雨,雨,https://www.data.jma.go.jp/stats/etrn/view/daily_s1.php?prec_no=61&block_no=47759&year=2013&month=10&day=&view=p1
2013-10-20,2013,10,20,24.000000,17.100000,18.600000,16.000000,89.000000,83.000000,1.000000,2.500000,4.200000,0.000000,雨後一時曇,曇後一時晴,https://www.data.jma.go.jp/stats/etrn/view/daily_s1.php?prec_no=61&block_no=47759&year=2013&month=10&day=&view=p1
2013-10-21,2013,10,21,0.000000,19.000000,25.400000,15.200000,77.000000,47.000000,1.400000,4.800000,8.200000,3.700000,曇後晴,快晴,https://www.data.jma.go.jp/stats/etrn/view/daily_s1.php?prec_no=61&block_no=47759&year=2013&month=10&day=&view=p1
2013-10-22,2013,10,22,0.000000,19.000000,24.600000,14.500000,72.000000,51.000000,1.700000,4.900000,8.300000,2.700000,晴後曇,曇,https://www.data.jma.go.jp/stats/etrn/view/daily_s1.php?prec_no=61&block_no=47759&year=2013&month=10&day=&view=p1
2013-10-23,2013,10,23,12.000000,18.500000,20.500000,17.300000,78.000000,66.000000,2.000000,5.200000,9.100000,0.000000,雨一時曇,雨後曇,https://www.data.jma.go.jp/stats/etrn/view/daily_s1.php?prec_no=61&block_no=47759&year=2013&month=10&day=&view=p1
2013-10-24,2013,10,24,9.500000,19.500000,21.600000,18.000000,75.000000,64.000000,3.400000,5.200000,8.800000,0.000000,曇時々雨,大雨一時曇,https://www.data.jma.go.jp/stats/etrn/view/daily_s1.php?prec_no=61&block_no=47759&year=2013&month=10&day=&view=p1
2013-10-25,2013,10,25,94.000000,18.600000,20.600000,16.000000,88.000000,75.000000,1.900000,3.700000,6.500000,0.000000,大雨,雨,https://www.data.jma.go.jp/stats/etrn/view/daily_s1.php?prec_no=61&block_no=47759&year=2013&month=10&day=&view=p1
2013-10-26,2013,10,26,6.000000,15.900000,19.500000,12.900000,67.000000,45.000000,2.800000,6.300000,11.800000,1.200000,曇,曇後晴,https://www.data.jma.go.jp/stats/etrn/view/daily_s1.php?prec_no=61&block_no=47759&year=2013&month=10&day=&view=p1
2013-10-27,2013,10,27,0.000000,15.000000,20.000000,10.500000,63.000000,34.000000,2.000000,6.600000,11.000000,7.400000,晴後一時曇,曇後晴,https://www.data.jma.go.jp/stats/etrn/view/daily_s1.php?prec_no=61&block_no=47759&year=2013&month=10&day=&view=p1
2013-10-28,2013,10,28,0.000000,14.800000,20.600000,9.700000,63.000000,35.000000,1.300000,3.100000,5.000000,9.800000,晴,曇,https://www.data.jma.go.jp/stats/etrn/view/daily_s1.php?prec_no=61&block_no=47759&year=2013&month=10&day=&view=p1
2013-10-29,2013,10,29,0.000000,16.300000,18.600000,13.800000,75.000000,64.000000,1.100000,2.900000,4.600000,0.000000,曇後一時雨,曇,https://www.data.jma.go.jp/stats/etrn/view/daily_s1.php?prec_no=61&block_no=47759&year=2013&month=10&day=&view=p1
2013-10-30,2013,10,30,0.000000,17.300000,23.200000,13.200000,67.000000,35.000000,1.900000,6.700000,13.300000,6.500000,晴時々曇,晴後一時薄曇,https://www.data.jma.go.jp/stats/etrn/view/daily_s1.php?prec_no=61&block_no=47759&year=2013&month=10&day=&view=p1
2013-10-31,2013,10,31,0.000000,15.300000,20.300000,11.100000,67.000000,42.000000,1.500000,4.600000,6.800000,2.400000,晴後曇,曇後晴,https://www.data.jma.go.jp/stats/etrn/view/daily_s1.php?prec_no=61&block_no=47759&year=2013&month=10&day=&view=p1
2013-11-01,2013,11,1,0.000000,15.100000,20.900000,11.300000,64.000000,36.000000,1.600000,5.500000,8.400000,9.700000,晴,快晴,https://www.data.jma.go.jp/stats/etrn/view/daily_s1.php?prec_no=61&block_no=47759&year=2013&month=11&day=&view=p1
2013-11-02,2013,11,2,0.000000,15.100000,20.600000,9.500000,69.000000,50.000000,1.000000,2.200000,4.100000,3.900000,晴時々薄曇,曇,https://www.data.jma.go.jp/stats/etrn/view/daily_s1.php?prec_no=61&block_no=47759&year=2013&month=11&day=&view=p1
2013-11-03,2013,11,3,13.000000,16.300000,18.700000,14.400000,83.000000,67.000000,0.800000,2.300000,3.400000,0.000000,曇後雨,雨後一時曇,https://www.data.jma.go.jp/stats/etrn/view/daily_s1.php?prec_no=61&block_no=47759&year=2013&month=11&day=&view=p1
2013-11-04,2013,11,4,2.000000,16.000000,20.600000,12.700000,71.000000,47.000000,2.300000,6.500000,11.700000,2.100000,曇後一時雨,曇時々雨一時晴,https://www.data.jma.go.jp/stats/etrn/view/daily_s1.php?prec_no=61&block_no=47759&year=2013&month=11&day=&view=p1
2013-11-05,2013,11,5,0.000000,14.400000,19.300000,10.700000,63.000000,33.000000,1.900000,5.100000,8.400000,8.200000,晴,晴,https://www.data.jma.go.jp/stats/etrn/view/daily_s1.php?prec_no=61&block_no=47759&year=2013&month=11&day=&view=p1
2013-11-06,2013,11,6,0.000000,14.800000,20.100000,8.400000,67.000000,45.000000,1.100000,3.100000,5.000000,4.200000,晴後曇,曇時々雨,https://www.data.jma.go.jp/stats/etrn/view/daily_s1.php?prec_no=61&block_no=47759&year=2013&month=11&day=&view=p1
2013-11-07,2013,11,7,1.000000,16.500000,22.100000,11.800000,73.000000,44.000000,1.400000,4.900000,7.900000,2.000000,曇一時雨後晴,晴,https://www.data.jma.go.jp/stats/etrn/view/daily_s1.php?prec_no=61&block_no=47759&year=2013&month=11&day=&view=p1
2013-11-08,2013,11,8,0.000000,14.700000,21.200000,9.200000,61.000000,29.000000,1.700000,5.200000,9.000000,8.900000,晴,晴,https://www.data.jma.go.jp/stats/etrn/view/daily_s1.php?prec_no=61&block_no=47759&year=2013&month=11&day=&view=p1
2013-11-09,2013,11,9,0.000000,14.100000,19.000000,9.800000,63.000000,37.000000,1.000000,3.000000,4.800000,5.700000,晴時々薄曇,曇,https://www.data.jma.go.jp/stats/etrn/view/daily_s1.php?prec_no=61&block_no=47759&year=2013&month=11&day=&view=p1
2013-11-10,2013,11,10,4.000000,14.600000,17.000000,12.700000,82.000000,75.000000,1.600000,4.400000,6.900000,0.000000,雨時々曇,曇一時雨,https://www.data.jma.go.jp/stats/etrn/view/daily_s1.php?prec_no=61&block_no=47759&year=2013&month=11&day=&view=p1
2013-11-11,2013,11,11,0.000000,11.300000,16.200000,6.600000,73.000000,47.000000,2.600000,6.900000,12.300000,2.100000,曇時々雨,晴一時雨,https://www.data.jma.go.jp/stats/etrn/view/daily_s1.php?prec_no=61&block_no=47759&year=2013&month=11&day=&view=p1
2013-11-12,2013,11,12,0.000000,8.600000,11.800000,5.800000,72.000000,54.000000,1.700000,4.800000,7.100000,0.200000,曇後一時雨,曇時々晴後一時雨,https://www.data.jma.go.jp/stats/etrn/view/daily_s1.php?prec_no=61&block_no=47759&year=2013&month=11&day=&view=p1
2013-11-13,2013,11,13,0.500000,8.400000,13.000000,5.900000,72.000000,49.000000,1.900000,6.000000,12.200000,5.800000,晴時々雨,曇一時雨,https://www.data.jma.go.jp/stats/etrn/view/daily_s1.php?prec_no=61&block_no=47759&year=2013&month=11&day=&view=p1
2013-11-14,2013,11,14,0.000000,10.300000,15.000000,6.300000,65.000000,36.000000,1.200000,3.000000,5.600000,8.200000,曇一時晴,曇時々雨,https://www.data.jma.go.jp/stats/etrn/view/daily_s1.php?prec_no=61&block_no=47759&year=2013&month=11&day=&view=p1
2013-11-15,2013,11,15,13.500000,12.000000,15.800000,9.400000,81.000000,64.000000,1.500000,2.900000,4.700000,3.400000,雨後曇一時晴,晴一時曇,https://www.data.jma.go.jp/stats/etrn/view/daily_s1.php?prec_no=61&block_no=47759&year=2013&month=11&day=&view=p1
2013-11-16,2013,11,16,0.000000,11.700000,18.100000,7.700000,76.000000,45.000000,1.400000,4.000000,6.500000,6.800000,晴一時曇,晴,https://www.data.jma.go.jp/stats/etrn/view/daily_s1.php?prec_no=61&block_no=47759&year=2013&month=11&day=&view=p1
2013-11-17,2013,11,17,0.000000,12.700000,18.700000,7.000000,70.000000,45.000000,1.400000,3.800000,7.700000,6.100000,晴後曇,曇,https://www.data.jma.go.jp/stats/etrn/view/daily_s1.php?prec_no=61&block_no=47759&year=2013&month=11&day=&view=p1
2013-11-18,2013,11,18,0.000000,11.100000,14.500000,5.700000,52.000000,26.000000,2.500000,6.400000,11.800000,7.200000,晴一時曇,晴後一時雨,https://www.data.jma.go.jp/stats/etrn/view/daily_s1.php?prec_no=61&block_no=47759&year=2013&month=11&day=&view=p1
2013-11-19,2013,11,19,0.000000,8.600000,13.200000,5.600000,51.000000,33.000000,2.300000,6.700000,12.800000,6.700000,晴後一時曇,晴,https://www.data.jma.go.jp/stats/etrn/view/daily_s1.php?prec_no=61&block_no=47759&year=2013&month=11&day=&view=p1
2013-11-20,2013,11,20,0.000000,9.000000,13.700000,5.400000,54.000000,34.000000,2.200000,6.500000,12.700000,8.400000,晴,晴,https://www.data.jma.go.jp/stats/etrn/view/daily_s1.php?prec_no=61&block_no=47759&year=2013&month=11&day=&view=p1
2013-11-21,2013,11,21,0.000000,9.200000,15.000000,4.600000,57.000000,33.000000,1.800000,4.100000,7.600000,6.500000,晴,快晴,https://www.data.jma.go.jp/stats/etrn/view/daily_s1.php?prec_no=61&block_no=47759&year=2013&month=11&day=&view=p1
2013-11-22,2013,11,22,0.000000,9.300000,14.800000,4.100000,63.000000,41.000000,1.400000,4.100000,7.600000,6.700000,晴後一時曇,晴,https://www.data.jma.go.jp/stats/etrn/view/daily_s1.php?prec_no=61&block_no=47759&year=2013&month=11&day=&view=p1
2013-11-23,2013,11,23,0.000000,9.800000,15.800000,5.200000,67.000000,40.000000,1.400000,3.600000,6.700000,7.500000,晴,晴,https://www.data.jma.go.jp/stats/etrn/view/daily_s1.php?prec_no=61&block_no=47759&year=2013&month=11&day=&view=p1
2013-11-24,2013,11,24,0.000000,10.100000,16.500000,5.700000,70.000000,45.000000,1.100000,2.700000,4.700000,8.400000,薄曇時々晴,曇,https://www.data.jma.go.jp/stats/etrn/view/daily_s1.php?prec_no=61&block_no=47759&year=2013&month=11&day=&view=p1
2013-11-25,2013,11,25,14.500000,13.300000,17.400000,9.000000,73.000000,51.000000,2.100000,5.400000,10.400000,0.000000,雨時々曇,晴一時曇,https://www.data.jma.go.jp/stats/etrn/view/daily_s1.php?prec_no=61&block_no=47759&year=2013&month=11&day=&view=p1
2013-11-26,2013,11,26,0.000000,9.600000,12.900000,5.700000,52.000000,34.000000,2.400000,5.500000,10.200000,6.200000,晴時々曇,晴後一時薄曇,https://www.data.jma.go.jp/stats/etrn/view/daily_s1.php?prec_no=61&block_no=47759&year=2013&month=11&day=&view=p1
2013-11-27,2013,11,27,1.500000,8.800000,13.200000,3.800000,63.000000,40.000000,1.500000,5.100000,10.000000,3.400000,曇後一時雨,雨後薄曇,https://www.data.jma.go.jp/stats/etrn/view/daily_s1.php?prec_no=61&block_no=47759&year=2013&month=11&day=&view=p1
2013-11-28,2013,11,28,0.000000,7.800000,11.800000,3.000000,46.000000,24.000000,3.000000,6.000000,10.800000,6.200000,曇後晴,快晴,https://www.data.jma.go.jp/stats/etrn/view/daily_s1.php?prec_no=61&block_no=47759&year=2013&month=11&day=&view=p1
2013-11-29,2013,11,29,0.000000,5.800000,10.900000,1.600000,54.000000,33.000000,2.500000,6.500000,13.400000,8.600000,晴後一時曇,晴,https://www.data.jma.go.jp/stats/etrn/view/daily_s1.php?prec_no=61&block_no=47759&year=2013&month=11&day=&view=p1
2013-11-30,2013,11,30,0.000000,6.300000,12.300000,1.800000,61.000000,37.000000,1.600000,4.300000,7.000000,9.100000,晴,快晴,https://www.data.jma.go.jp/stats/etrn/view/daily_s1.php?prec_no=61&block_no=47759&year=2013&month=11&day=&view=p1
2013-12-01,2013,12,1,0.000000,7.700000,14.200000,2.600000,68.000000,37.000000,1.300000,5.000000,9.800000,5.800000,晴一時曇,晴,https://www.data.jma.go.jp/stats/etrn/view/daily_s1.php?prec_no=61&block_no=47759&year=2013&month=12&day=&view=p1
2013-12-02,2013,12,2,0.000000,8.500000,14.900000,3.000000,70.000000,45.000000,1.200000,3.600000,5.800000,8.300000,晴後一時曇,晴一時曇,https://www.data.jma.go.jp/stats/etrn/view/daily_s1.php?prec_no=61&block_no=47759&year=2013&month=12&day=&view=p1
2013-12-03,2013,12,3,0.000000,8.300000,14.300000,3.800000,68.000000,36.000000,1.300000,4.300000,7.800000,8.700000,快晴,晴,https://www.data.jma.go.jp/stats/etrn/view/daily_s1.php?prec_no=61&block_no=47759&year=2013&month=12&day=&view=p1
2013-12-04,2013,12,4,0.000000,8.500000,14.700000,3.600000,66.000000,35.000000,1.300000,3.400000,6.600000,8.300000,晴,晴後一時曇,https://www.data.jma.go.jp/stats/etrn/view/daily_s1.php?prec_no=61&block_no=47759&year=2013&month=12&day=&view=p1
2013-12-05,2013,12,5,0.000000,8.900000,15.000000,4.600000,69.000000,43.000000,1.500000,4.600000,7.100000,8.100000,晴一時曇,薄曇,https://www.data.jma.go.jp/stats/etrn/view/daily_s1.php?prec_no=61&block_no=47759&year=2013&month=12&day=&view=p1
2013-12-06,2013,12,6,0.000000,9.400000,15.600000,5.100000,67.000000,41.000000,1.400000,4.000000,7.500000,4.100000,晴時々曇,晴,https://www.data.jma.go.jp/stats/etrn/view/daily_s1.php?prec_no=61&block_no=47759&year=2013&month=12&day=&view=p1
2013-12-07,2013,12,7,0.000000,8.700000,13.600000,4.600000,67.000000,40.000000,1.900000,4.600000,7.800000,5.600000,晴後曇,曇時々雨一時晴,https://www.data.jma.go.jp/stats/etrn/view/daily_s1.php?prec_no=61&block_no=47759&year=2013&month=12&day=&view=p1
2013-12-08,2013,12,8,0.000000,7.100000,11.100000,3.800000,70.000000,48.000000,1.500000,3.800000,6.200000,2.400000,晴一時雨,快晴,https://www.data.jma.go.jp/stats/etrn/view/daily_s1.php?prec_no=61&block_no=47759&year=2013&month=12&day=&view=p1
2013-12-09,2013,12,9,0.000000,7.900000,12.500000,1.900000,64.000000,42.000000,1.300000,3.700000,6.600000,4.600000,曇一時晴,曇後雨、雷を伴う,https://www.data.jma.go.jp/stats/etrn/view/daily_s1.php?prec_no=61&block_no=47759&year=2013&month=12&day=&view=p1
2013-12-10,2013,12,10,17.500000,9.600000,12.400000,6.600000,67.000000,44.000000,3.000000,8.400000,16.300000,3.500000,雨後時々晴,曇時々晴,https://www.data.jma.go.jp/stats/etrn/view/daily_s1.php?prec_no=61&block_no=47759&year=2013&month=12&day=&view=p1
2013-12-11,2013,12,11,0.000000,7.200000,11.800000,3.700000,58.000000,41.000000,2.600000,6.300000,12.200000,3.200000,曇後一時雨,晴,https://www.data.jma.go.jp/stats/etrn/view/daily_s1.php?prec_no=61&block_no=47759&year=2013&month=12&day=&view=p1
2013-12-12,2013,12,12,0.000000,4.900000,8.900000,1.900000,52.000000,31.000000,2.600000,5.800000,10.500000,4.300000,晴後一時曇,晴,https://www.data.jma.go.jp/stats/etrn/view/daily_s1.php?prec_no=61&block_no=47759&year=2013&month=12&day=&view=p1
2013-12-13,2013,12,13,0.000000,3.800000,11.000000,0.300000,64.000000,43.000000,1.700000,6.500000,11.900000,2.300000,晴時々雨一時曇,快晴,https://www.data.jma.go.jp/stats/etrn/view/daily_s1.php?prec_no=61&block_no=47759&year=2013&month=12&day=&view=p1
2013-12-14,2013,12,14,0.000000,4.400000,8.900000,0.000000,51.000000,32.000000,2.400000,6.700000,12.000000,5.800000,晴後曇,曇一時みぞれ,https://www.data.jma.go.jp/stats/etrn/view/daily_s1.php?prec_no=61&block_no=47759&year=2013&month=12&day=&view=p1
2013-12-15,2013,12,15,0.000000,5.600000,9.700000,3.600000,62.000000,48.000000,2.300000,5.800000,13.100000,1.800000,曇時々雨一時晴,曇時々雨一時晴,https://www.data.jma.go.jp/stats/etrn/view/daily_s1.php?prec_no=61&block_no=47759&year=2013&month=12&day=&view=p1
2013-12-16,2013,12,16,0.000000,6.000000,8.800000,4.300000,62.000000,47.000000,2.100000,5.900000,10.600000,1.600000,曇時々雨,曇,https://www.data.jma.go.jp/stats/etrn/view/daily_s1.php?prec_no=61&block_no=47759&year=2013&month=12&day=&view=p1
2013-12-17,2013,12,17,0.000000,6.700000,9.700000,4.000000,68.000000,53.000000,1.400000,3.200000,5.600000,0.600000,曇,曇後一時雨,https://www.data.jma.go.jp/stats/etrn/view/daily_s1.php?prec_no=61&block_no=47759&year=2013&month=12&day=&view=p1
2013-12-18,2013,12,18,13.000000,6.500000,7.600000,5.200000,82.000000,66.000000,1.200000,3.500000,6.700000,0.000000,雨,雨時々曇,https://www.data.jma.go.jp/stats/etrn/view/daily_s1.php?prec_no=61&block_no=47759&year=2013&month=12&day=&view=p1
2013-12-19,2013,12,19,4.000000,7.900000,9.800000,6.300000,85.000000,72.000000,1.300000,3.200000,5.900000,0.100000,雨後曇,曇時々雨後晴,https://www.data.jma.go.jp/stats/etrn/view/daily_s1.php?prec_no=61&block_no=47759&year=2013&month=12&day=&view=p1
2013-12-20,2013,12,20,0.000000,5.100000,7.300000,2.500000,61.000000,39.000000,3.100000,6.600000,10.600000,6.300000,晴後一時曇,曇時々雨,https://www.data.jma.go.jp/stats/etrn/view/daily_s1.php?prec_no=61&block_no=47759&year=2013&month=12&day=&view=p1
2013-12-21,2013,12,21,6.500000,5.000000,6.700000,3.600000,78.000000,70.000000,2.700000,4.900000,9.200000,0.700000,雨,雨時々晴,https://www.data.jma.go.jp/stats/etrn/view/daily_s1.php?prec_no=61&block_no=47759&year=2013&month=12&day=&view=p1
2013-12-22,2013,12,22,0.000000,4.600000,7.000000,2.400000,68.000000,52.000000,2.100000,5.400000,9.300000,3.500000,晴後曇,曇,https://www.data.jma.go.jp/stats/etrn/view/daily_s1.php?prec_no=61&block_no=47759&year=2013&month=12&day=&view=p1
2013-12-23,2013,12,23,0.000000,5.600000,9.800000,3.600000,59.000000,37.000000,1.600000,4.800000,10.600000,5.200000,晴一時曇,曇,https://www.data.jma.go.jp/stats/etrn/view/daily_s1.php?prec_no=61&block_no=47759&year=2013&month=12&day=&view=p1
2013-12-24,2013,12,24,0.000000,5.800000,9.100000,4.200000,66.000000,53.000000,2.000000,5.600000,10.100000,3.500000,曇後時々みぞれ一時雨,曇一時雨,https://www.data.jma.go.jp/stats/etrn/view/daily_s1.php?prec_no=61&block_no=47759&year=2013&month=12&day=&view=p1
2013-12-25,2013,12,25,0.000000,6.100000,10.400000,3.500000,61.000000,39.000000,1.600000,4.000000,6.400000,7.700000,晴一時曇,薄曇,https://www.data.jma.go.jp/stats/etrn/view/daily_s1.php?prec_no=61&block_no=47759&year=2013&month=12&day=&view=p1
2013-12-26,2013,12,26,13.000000,6.200000,9.300000,3.800000,77.000000,57.000000,1.000000,3.700000,6.300000,0.000000,曇時々雨,雨後曇,https://www.data.jma.go.jp/stats/etrn/view/daily_s1.php?prec_no=61&block_no=47759&year=2013&month=12&day=&view=p1
2013-12-27,2013,12,27,3.500000,5.100000,7.500000,1.800000,76.000000,64.000000,2.400000,5.800000,10.100000,0.500000,雨一時曇,雨一時曇後晴,https://www.data.jma.go.jp/stats/etrn/view/daily_s1.php?prec_no=61&block_no=47759&year=2013&month=12&day=&view=p1
2013-12-28,2013,12,28,2.000000,2.300000,6.200000,0.800000,73.000000,49.000000,2.500000,4.800000,8.300000,4.400000,晴一時雪後一時みぞれ,曇一時みぞれ後晴,https://www.data.jma.go.jp/stats/etrn/view/daily_s1.php?prec_no=61&block_no=47759&year=2013&month=12&day=&view=p1
2013-12-29,2013,12,29,0.000000,2.400000,6.900000,-0.600000,66.000000,37.000000,1.800000,5.100000,8.200000,7.700000,晴,快晴,https://www.data.jma.go.jp/stats/etrn/view/daily_s1.php?prec_no=61&block_no=47759&year=2013&month=12&day=&view=p1
2013-12-30,2013,12,30,0.000000,3.200000,8.700000,-1.600000,66.000000,40.000000,1.600000,5.800000,10.600000,8.400000,晴時々薄曇,曇時々晴後一時雨,https://www.data.jma.go.jp/stats/etrn/view/daily_s1.php?prec_no=61&block_no=47759&year=2013&month=12&day=&view=p1
2013-12-31,2013,12,31,0.000000,5.700000,11.700000,1.400000,68.000000,31.000000,1.500000,5.100000,9.400000,7.300000,晴,晴後曇時々雨、みぞれを伴う,https://www.data.jma.go.jp/stats/etrn/view/daily_s1.php?prec_no=61&block_no=47759&year=2013&month=12&day=&view=p1
2014-10-01,2014,10,1,0.000000,23.400000,27.800000,20.500000,62.000000,49.000000,1.700000,3.900000,6.600000,3.200000,晴一時曇,晴一時曇,https://www.data.jma.go.jp/stats/etrn/view/daily_s1.php?prec_no=61&block_no=47759&year=2014&month=10&day=&view=p1
2014-10-02,2014,10,2,0.000000,23.700000,27.900000,19.600000,67.000000,53.000000,2.000000,4.800000,7.700000,1.800000,曇,曇,https://www.data.jma.go.jp/stats/etrn/view/daily_s1.php?prec_no=61&block_no=47759&year=2014&month=10&day=&view=p1
2014-10-03,2014,10,3,1.500000,23.000000,27.400000,20.400000,73.000000,55.000000,1.500000,4.400000,7.600000,1.400000,曇後時々雨,曇後一時晴,https://www.data.jma.go.jp/stats/etrn/view/daily_s1.php?prec_no=61&block_no=47759&year=2014&month=10&day=&view=p1
2014-10-04,2014,10,4,0.000000,21.300000,23.900000,18.900000,61.000000,43.000000,2.700000,6.100000,10.500000,1.800000,曇,曇一時晴後一時雨,https://www.data.jma.go.jp/stats/etrn/view/daily_s1.php?prec_no=61&block_no=47759&year=2014&month=10&day=&view=p1
2014-10-05,2014,10,5,1.500000,21.400000,23.100000,19.600000,74.000000,65.000000,1.700000,4.300000,8.500000,0.000000,曇後時々雨,雨一時曇,https://www.data.jma.go.jp/stats/etrn/view/daily_s1.php?prec_no=61&block_no=47759&year=2014&month=10&day=&view=p1
2014-10-06,2014,10,6,22.500000,21.000000,24.000000,17.300000,70.000000,57.000000,4.400000,10.300000,18.000000,2.300000,雨時々曇後時々晴,晴,https://www.data.jma.go.jp/stats/etrn/view/daily_s1.php?prec_no=61&block_no=47759&year=2014&month=10&day=&view=p1
2014-10-07,2014,10,7,0.000000,18.900000,24.100000,14.900000,57.000000,36.000000,2.400000,6.500000,11.500000,10.600000,晴,快晴,https://www.data.jma.go.jp/stats/etrn/view/daily_s1.php?prec_no=61&block_no=47759&year=2014&month=10&day=&view=p1
2014-10-08,2014,10,8,0.000000,19.200000,25.700000,13.200000,64.000000,35.000000,1.500000,3.700000,5.300000,10.500000,晴,晴後一時雨,https://www.data.jma.go.jp/stats/etrn/view/daily_s1.php?prec_no=61&block_no=47759&year=2014&month=10&day=&view=p1
2014-10-09,2014,10,9,3.000000,20.600000,25.200000,17.000000,76.000000,57.000000,2.200000,4.800000,8.300000,1.300000,曇後一時雨,曇時々雨後一時晴,https://www.data.jma.go.jp/stats/etrn/view/daily_s1.php?prec_no=61&block_no=47759&year=2014&month=10&day=&view=p1
2014-10-10,2014,10,10,0.000000,22.100000,27.600000,17.800000,69.000000,44.000000,2.000000,4.900000,8.000000,5.000000,曇一時晴,曇,https://www.data.jma.go.jp/stats/etrn/view/daily_s1.php?prec_no=61&block_no=47759&year=2014&month=10&day=&view=p1
2014-10-11,2014,10,11,0.000000,21.700000,26.800000,18.700000,60.000000,41.000000,1.700000,3.100000,5.200000,4.300000,薄曇,曇,https://www.data.jma.go.jp/stats/etrn/view/daily_s1.php?prec_no=61&block_no=47759&year=2014&month=10&day=&view=p1
2014-10-12,2014,10,12,0.000000,21.000000,25.200000,18.200000,65.000000,46.000000,3.400000,5.800000,10.700000,2.100000,曇,曇後雨,https://www.data.jma.go.jp/stats/etrn/view/daily_s1.php?prec_no=61&block_no=47759&year=2014&month=10&day=&view=p1
2014-10-13,2014,10,13,57.000000,19.900000,21.500000,17.800000,79.000000,65.000000,4.700000,9.300000,19.800000,0.000000,雨時々曇,大雨,https://www.data.jma.go.jp/stats/etrn/view/daily_s1.php?prec_no=61&block_no=47759&year=2014&month=10&day=&view=p1
2014-10-14,2014,10,14,0.000000,17.300000,20.400000,14.000000,67.000000,48.000000,3.400000,6.800000,12.700000,0.900000,曇時々雨一時晴,曇時々雨後晴,https://www.data.jma.go.jp/stats/etrn/view/daily_s1.php?prec_no=61&block_no=47759&year=2014&month=10&day=&view=p1
2014-10-15,2014,10,15,0.000000,15.900000,21.500000,11.400000,65.000000,40.000000,1.800000,4.100000,6.500000,6.500000,晴,晴,https://www.data.jma.go.jp/stats/etrn/view/daily_s1.php?prec_no=61&block_no=47759&year=2014&month=10&day=&view=p1
2014-10-16,2014,10,16,0.000000,16.400000,23.000000,11.400000,63.000000,35.000000,1.700000,5.300000,9.600000,10.000000,晴,晴一時薄曇,https://www.data.jma.go.jp/stats/etrn/view/daily_s1.php?prec_no=61&block_no=47759&year=2014&month=10&day=&view=p1
2014-10-17,2014,10,17,0.000000,15.700000,21.300000,11.700000,61.000000,37.000000,2.300000,6.100000,10.300000,7.300000,晴,晴,https://www.data.jma.go.jp/stats/etrn/view/daily_s1.php?prec_no=61&block_no=47759&year=2014&month=10&day=&view=p1
2014-10-18,2014,10,18,0.000000,15.300000,22.500000,9.300000,57.000000,33.000000,1.400000,3.000000,5.800000,10.700000,快晴,快晴,https://www.data.jma.go.jp/stats/etrn/view/daily_s1.php?prec_no=61&block_no=47759&year=2014&month=10&day=&view=p1
2014-10-19,2014,10,19,0.000000,17.800000,25.000000,10.000000,58.000000,33.000000,2.000000,5.100000,7.700000,10.200000,晴,晴後曇一時雨,https://www.data.jma.go.jp/stats/etrn/view/daily_s1.php?prec_no=61&block_no=47759&year=2014&month=10&day=&view=p1
2014-10-20,2014,10,20,8.500000,19.200000,21.400000,17.900000,79.000000,63.000000,1.700000,3.200000,6.200000,0.000000,雨時々曇,曇時々雨,https://www.data.jma.go.jp/stats/etrn/view/daily_s1.php?prec_no=61&block_no=47759&year=2014&month=10&day=&view=p1
2014-10-21,2014,10,21,0.000000,21.000000,26.200000,17.700000,76.000000,49.000000,1.300000,3.700000,6.300000,2.900000,曇後一時晴,曇時々雨,https://www.data.jma.go.jp/stats/etrn/view/daily_s1.php?prec_no=61&block_no=47759&year=2014&month=10&day=&view=p1
2014-10-22,2014,10,22,1.500000,18.200000,20.300000,16.600000,75.000000,63.000000,2.500000,4.600000,9.300000,0.000000,雨時々曇,曇後一時晴,https://www.data.jma.go.jp/stats/etrn/view/daily_s1.php?prec_no=61&block_no=47759&year=2014&month=10&day=&view=p1
2014-10-23,2014,10,23,0.000000,16.600000,21.000000,12.400000,59.000000,39.000000,2.800000,6.800000,11.300000,8.000000,晴,晴,https://www.data.jma.go.jp/stats/etrn/view/daily_s1.php?prec_no=61&block_no=47759&year=2014&month=10&day=&view=p1
2014-10-24,2014,10,24,0.000000,15.700000,22.900000,10.300000,65.000000,37.000000,1.300000,2.700000,4.500000,10.400000,快晴,快晴,https://www.data.jma.go.jp/stats/etrn/view/daily_s1.php?prec_no=61&block_no=47759&year=2014&month=10&day=&view=p1
2014-10-25,2014,10,25,0.000000,17.100000,23.500000,11.300000,67.000000,41.000000,1.300000,3.100000,5.900000,6.800000,晴後一時曇,晴,https://www.data.jma.go.jp/stats/etrn/view/daily_s1.php?prec_no=61&block_no=47759&year=2014&month=10&day=&view=p1
2014-10-26,2014,10,26,4.500000,19.600000,26.400000,14.000000,68.000000,39.000000,1.500000,4.200000,7.500000,8.900000,晴後一時曇,雨時々曇、雷を伴う,https://www.data.jma.go.jp/stats/etrn/view/daily_s1.php?prec_no=61&block_no=47759&year=2014&month=10&day=&view=p1
2014-10-27,2014,10,27,4.000000,17.000000,23.800000,12.200000,71.000000,49.000000,2.400000,7.600000,13.800000,4.100000,曇時々晴一時雨,晴一時曇,https://www.data.jma.go.jp/stats/etrn/view/daily_s1.php?prec_no=61&block_no=47759&year=2014&month=10&day=&view=p1
2014-10-28,2014,10,28,0.000000,13.200000,18.500000,9.400000,57.000000,36.000000,2.600000,6.600000,11.600000,6.500000,晴,快晴,https://www.data.jma.go.jp/stats/etrn/view/daily_s1.php?prec_no=61&block_no=47759&year=2014&month=10&day=&view=p1
2014-10-29,2014,10,29,0.000000,13.000000,20.400000,7.200000,62.000000,37.000000,1.400000,3.800000,6.200000,10.000000,晴,曇一時晴,https://www.data.jma.go.jp/stats/etrn/view/daily_s1.php?prec_no=61&block_no=47759&year=2014&month=10&day=&view=p1
2014-10-30,2014,10,30,0.000000,16.500000,24.000000,10.000000,62.000000,27.000000,1.400000,4.100000,6.400000,8.300000,晴一時曇,晴後曇,https://www.data.jma.go.jp/stats/etrn/view/daily_s1.php?prec_no=61&block_no=47759&year=2014&month=10&day=&view=p1
2014-10-31,2014,10,31,1.000000,18.700000,22.000000,15.900000,76.000000,63.000000,1.700000,4.100000,6.300000,0.000000,曇後時々雨,雨,https://www.data.jma.go.jp/stats/etrn/view/daily_s1.php?prec_no=61&block_no=47759&year=2014&month=10&day=&view=p1
2014-11-01,2014,11,1,13.500000,17.900000,19.500000,16.600000,87.000000,79.000000,1.500000,3.700000,5.800000,0.000000,雨後曇,雨後曇,https://www.data.jma.go.jp/stats/etrn/view/daily_s1.php?prec_no=61&block_no=47759&year=2014&month=11&day=&view=p1
2014-11-02,2014,11,2,4.000000,18.600000,21.200000,15.900000,81.000000,57.000000,2.100000,6.300000,11.800000,0.300000,曇時々雨一時晴,曇時々晴一時雨,https://www.data.jma.go.jp/stats/etrn/view/daily_s1.php?prec_no=61&block_no=47759&year=2014&month=11&day=&view=p1
2014-11-03,2014,11,3,0.000000,14.100000,17.500000,11.300000,60.000000,39.000000,3.200000,7.700000,13.700000,8.200000,晴後一時雨,晴一時雨,https://www.data.jma.go.jp/stats/etrn/view/daily_s1.php?prec_no=61&block_no=47759&year=2014&month=11&day=&view=p1
2014-11-04,2014,11,4,0.000000,12.700000,19.100000,8.200000,64.000000,38.000000,1.600000,4.500000,8.000000,6.700000,晴,晴,https://www.data.jma.go.jp/stats/etrn/view/daily_s1.php?prec_no=61&block_no=47759&year=2014&month=11&day=&view=p1
2014-11-05,2014,11,5,0.000000,14.500000,20.100000,8.300000,65.000000,45.000000,1.200000,2.700000,4.300000,1.800000,曇一時晴,曇後時々雨,https://www.data.jma.go.jp/stats/etrn/view/daily_s1.php?prec_no=61&block_no=47759&year=2014&month=11&day=&view=p1
2014-11-06,2014,11,6,1.000000,17.400000,21.700000,14.900000,76.000000,63.000000,1.900000,4.300000,7.300000,1.100000,曇一時雨,晴時々曇,https://www.data.jma.go.jp/stats/etrn/view/daily_s1.php?prec_no=61&block_no=47759&year=2014&month=11&day=&view=p1
2014-11-07,2014,11,7,0.000000,15.100000,20.000000,10.600000,58.000000,37.000000,2.700000,6.100000,10.200000,8.900000,晴一時曇,晴,https://www.data.jma.go.jp/stats/etrn/view/daily_s1.php?prec_no=61&block_no=47759&year=2014&month=11&day=&view=p1
2014-11-08,2014,11,8,0.000000,13.300000,18.000000,8.500000,65.000000,43.000000,1.100000,2.400000,3.900000,2.800000,曇一時晴,曇,https://www.data.jma.go.jp/stats/etrn/view/daily_s1.php?prec_no=61&block_no=47759&year=2014&month=11&day=&view=p1
2014-11-09,2014,11,9,6.500000,14.600000,16.200000,13.200000,85.000000,66.000000,0.800000,2.300000,4.200000,0.000000,雨後時々曇,曇時々雨後一時晴,https://www.data.jma.go.jp/stats/etrn/view/daily_s1.php?prec_no=61&block_no=47759&year=2014&month=11&day=&view=p1
2014-11-10,2014,11,10,0.000000,15.200000,19.800000,10.500000,64.000000,42.000000,2.500000,5.300000,9.300000,8.200000,晴後一時薄曇,晴,https://www.data.jma.go.jp/stats/etrn/view/daily_s1.php?prec_no=61&block_no=47759&year=2014&month=11&day=&view=p1
2014-11-11,2014,11,11,0.000000,14.000000,20.600000,9.000000,70.000000,47.000000,1.300000,2.600000,5.100000,8.200000,晴後一時薄曇,曇一時晴後一時雨,https://www.data.jma.go.jp/stats/etrn/view/daily_s1.php?prec_no=61&block_no=47759&year=2014&month=11&day=&view=p1
2014-11-12,2014,11,12,0.000000,15.600000,19.500000,13.200000,65.000000,37.000000,2.100000,5.500000,12.300000,2.600000,曇後時々晴一時雨,曇時々晴,https://www.data.jma.go.jp/stats/etrn/view/daily_s1.php?prec_no=61&block_no=47759&year=2014&month=11&day=&view=p1
2014-11-13,2014,11,13,0.000000,11.200000,15.200000,5.800000,45.000000,29.000000,3.600000,6.700000,13.600000,3.700000,晴後一時曇,晴,https://www.data.jma.go.jp/stats/etrn/view/daily_s1.php?prec_no=61&block_no=47759&year=2014&month=11&day=&view=p1
2014-11-14,2014,11,14,0.000000,9.000000,15.000000,4.000000,52.000000,33.000000,2.400000,5.800000,10.200000,5.700000,晴後一時曇,晴,https://www.data.jma.go.jp/stats/etrn/view/daily_s1.php?prec_no=61&block_no=47759&year=2014&month=11&day=&view=p1
2014-11-15,2014,11,15,0.000000,9.500000,15.900000,5.200000,64.000000,36.000000,2.100000,6.100000,12.500000,7.100000,晴,晴後一時薄曇,https://www.data.jma.go.jp/stats/etrn/view/daily_s1.php?prec_no=61&block_no=47759&year=2014&month=11&day=&view=p1
2014-11-16,2014,11,16,0.000000,10.200000,16.100000,6.000000,68.000000,35.000000,1.300000,3.300000,5.200000,5.200000,曇一時晴,晴時々薄曇,https://www.data.jma.go.jp/stats/etrn/view/daily_s1.php?prec_no=61&block_no=47759&year=2014&month=11&day=&view=p1
2014-11-17,2014,11,17,0.000000,10.800000,16.200000,6.400000,71.000000,53.000000,1.100000,3.800000,8.500000,1.500000,曇,曇一時雨,https://www.data.jma.go.jp/stats/etrn/view/daily_s1.php?prec_no=61&block_no=47759&year=2014&month=11&day=&view=p1
2014-11-18,2014,11,18,0.000000,10.100000,14.200000,8.100000,66.000000,42.000000,2.300000,7.500000,13.200000,3.500000,晴時々雨,曇時々晴一時雨,https://www.data.jma.go.jp/stats/etrn/view/daily_s1.php?prec_no=61&block_no=47759&year=2014&month=11&day=&view=p1
2014-11-19,2014,11,19,0.000000,9.600000,14.200000,6.900000,66.000000,37.000000,1.700000,4.900000,8.900000,5.100000,晴一時曇,晴後薄曇,https://www.data.jma.go.jp/stats/etrn/view/daily_s1.php?prec_no=61&block_no=47759&year=2014&month=11&day=&view=p1
2014-11-20,2014,11,20,0.000000,9.400000,15.000000,5.700000,59.000000,34.000000,1.200000,2.400000,4.400000,5.800000,曇後晴,晴,https://www.data.jma.go.jp/stats/etrn/view/daily_s1.php?prec_no=61&block_no=47759&year=2014&month=11&day=&view=p1
2014-11-21,2014,11,21,0.000000,10.100000,17.100000,4.200000,59.000000,25.000000,1.100000,2.600000,4.600000,8.700000,晴後薄曇,曇後時々晴,https://www.data.jma.go.jp/stats/etrn/view/daily_s1.php?prec_no=61&block_no=47759&year=2014&month=11&day=&view=p1
2014-11-22,2014,11,22,0.000000,13.000000,20.300000,8.200000,63.000000,39.000000,1.100000,2.300000,3.900000,8.600000,晴,晴,https://www.data.jma.go.jp/stats/etrn/view/daily_s1.php?prec_no=61&block_no=47759&year=2014&month=11&day=&view=p1
2014-11-23,2014,11,23,0.000000,12.700000,19.500000,8.300000,67.000000,40.000000,1.900000,5.500000,10.700000,7.800000,晴後一時薄曇,晴一時薄曇,https://www.data.jma.go.jp/stats/etrn/view/daily_s1.php?prec_no=61&block_no=47759&year=2014&month=11&day=&view=p1
2014-11-24,2014,11,24,0.000000,12.700000,19.200000,7.300000,67.000000,42.000000,1.200000,2.600000,4.100000,6.800000,晴後曇,曇一時晴後雨,https://www.data.jma.go.jp/stats/etrn/view/daily_s1.php?prec_no=61&block_no=47759&year=2014&month=11&day=&view=p1
2014-11-25,2014,11,25,24.500000,13.300000,15.300000,11.900000,84.000000,72.000000,1.400000,3.000000,5.300000,0.000000,雨後時々曇,曇後時々雨,https://www.data.jma.go.jp/stats/etrn/view/daily_s1.php?prec_no=61&block_no=47759&year=2014&month=11&day=&view=p1
2014-11-26,2014,11,26,1.000000,13.400000,16.400000,11.100000,78.000000,58.000000,1.300000,4.000000,6.700000,0.800000,曇時々雨,曇一時雨,https://www.data.jma.go.jp/stats/etrn/view/daily_s1.php?prec_no=61&block_no=47759&year=2014&month=11&day=&view=p1
2014-11-27,2014,11,27,0.000000,12.200000,17.600000,8.100000,69.000000,40.000000,1.800000,4.400000,8.100000,5.800000,晴,晴,https://www.data.jma.go.jp/stats/etrn/view/daily_s1.php?prec_no=61&block_no=47759&year=2014&month=11&day=&view=p1
2014-11-28,2014,11,28,0.500000,13.700000,19.600000,7.400000,70.000000,49.000000,1.000000,2.700000,4.100000,4.500000,曇一時晴,曇一時晴後雨,https://www.data.jma.go.jp/stats/etrn/view/daily_s1.php?prec_no=61&block_no=47759&year=2014&month=11&day=&view=p1
2014-11-29,2014,11,29,5.000000,15.400000,19.300000,13.600000,79.000000,54.000000,1.700000,5.500000,10.100000,2.900000,曇時々雨後晴,曇時々晴,https://www.data.jma.go.jp/stats/etrn/view/daily_s1.php?prec_no=61&block_no=47759&year=2014&month=11&day=&view=p1
2014-11-30,2014,11,30,4.000000,15.100000,20.000000,10.800000,74.000000,44.000000,1.300000,3.200000,6.100000,7.300000,晴後一時雨,雨後時々曇,https://www.data.jma.go.jp/stats/etrn/view/daily_s1.php?prec_no=61&block_no=47759&year=2014&month=11&day=&view=p1
2014-12-01,2014,12,1,8.000000,13.400000,15.500000,8.000000,82.000000,55.000000,1.700000,5.500000,11.100000,0.000000,雨時々曇,晴,https://www.data.jma.go.jp/stats/etrn/view/daily_s1.php?prec_no=61&block_no=47759&year=2014&month=12&day=&view=p1
2014-12-02,2014,12,2,0.000000,5.800000,8.900000,3.100000,42.000000,27.000000,3.800000,6.400000,11.600000,7.800000,晴,快晴,https://www.data.jma.go.jp/stats/etrn/view/daily_s1.php?prec_no=61&block_no=47759&year=2014&month=12&day=&view=p1
2014-12-03,2014,12,3,0.000000,6.100000,10.500000,1.700000,54.000000,34.000000,2.300000,6.100000,11.300000,7.900000,晴後一時曇,晴後雨,https://www.data.jma.go.jp/stats/etrn/view/daily_s1.php?prec_no=61&block_no=47759&year=2014&month=12&day=&view=p1
2014-12-04,2014,12,4,10.000000,6.800000,8.300000,4.700000,86.000000,70.000000,1.200000,3.200000,5.300000,0.000000,雨後一時曇,晴時々曇,https://www.data.jma.go.jp/stats/etrn/view/daily_s1.php?prec_no=61&block_no=47759&year=2014&month=12&day=&view=p1
2014-12-05,2014,12,5,0.000000,5.000000,9.700000,1.900000,59.000000,31.000000,2.400000,5.700000,10.600000,7.100000,晴,快晴,https://www.data.jma.go.jp/stats/etrn/view/daily_s1.php?prec_no=61&block_no=47759&year=2014&month=12&day=&view=p1
2014-12-06,2014,12,6,0.000000,3.300000,6.700000,0.700000,64.000000,50.000000,2.400000,5.200000,8.900000,3.700000,晴時々曇一時雨,快晴,https://www.data.jma.go.jp/stats/etrn/view/daily_s1.php?prec_no=61&block_no=47759&year=2014&month=12&day=&view=p1
2014-12-07,2014,12,7,0.000000,4.700000,9.200000,0.800000,65.000000,49.000000,2.000000,4.900000,8.800000,5.800000,晴時々薄曇,晴一時薄曇,https://www.data.jma.go.jp/stats/etrn/view/daily_s1.php?prec_no=61&block_no=47759&year=2014&month=12&day=&view=p1
2014-12-08,2014,12,8,0.000000,6.000000,10.200000,0.900000,67.000000,40.000000,0.800000,2.700000,4.100000,4.200000,晴後曇,曇後晴,https://www.data.jma.go.jp/stats/etrn/view/daily_s1.php?prec_no=61&block_no=47759&year=2014&month=12&day=&view=p1
2014-12-09,2014,12,9,0.000000,6.800000,12.800000,2.500000,69.000000,39.000000,2.000000,5.800000,11.200000,6.200000,晴後雨,曇,https://www.data.jma.go.jp/stats/etrn/view/daily_s1.php?prec_no=61&block_no=47759&year=2014&month=12&day=&view=p1
2014-12-10,2014,12,10,0.000000,7.200000,11.700000,3.000000,67.000000,42.000000,1.200000,2.700000,4.600000,6.700000,曇後一時晴,曇後雨,https://www.data.jma.go.jp/stats/etrn/view/daily_s1.php?prec_no=61&block_no=47759&year=2014&month=12&day=&view=p1
2014-12-11,2014,12,11,20.500000,9.200000,11.200000,7.700000,80.000000,61.000000,1.600000,4.300000,8.000000,0.100000,雨後曇,曇後一時晴,https://www.data.jma.go.jp/stats/etrn/view/daily_s1.php?prec_no=61&block_no=47759&year=2014&month=12&day=&view=p1
2014-12-12,2014,12,12,0.000000,7.400000,9.800000,4.000000,64.000000,50.000000,2.500000,5.800000,9.600000,0.600000,曇一時晴後時々雨,晴一時雨,https://www.data.jma.go.jp/stats/etrn/view/daily_s1.php?prec_no=61&block_no=47759&year=2014&month=12&day=&view=p1
2014-12-13,2014,12,13,0.000000,4.500000,9.600000,1.800000,52.000000,31.000000,2.500000,5.700000,11.200000,7.600000,晴,晴,https://www.data.jma.go.jp/stats/etrn/view/daily_s1.php?prec_no=61&block_no=47759&year=2014&month=12&day=&view=p1
2014-12-14,2014,12,14,0.000000,3.600000,7.000000,0.700000,55.000000,43.000000,2.700000,5.100000,9.300000,3.700000,晴後時々曇,晴後一時曇,https://www.data.jma.go.jp/stats/etrn/view/daily_s1.php?prec_no=61&block_no=47759&year=2014&month=12&day=&view=p1
2014-12-15,2014,12,15,0.000000,4.400000,7.100000,1.000000,66.000000,57.000000,1.600000,3.800000,6.600000,0.400000,曇一時晴,曇後一時雨,https://www.data.jma.go.jp/stats/etrn/view/daily_s1.php?prec_no=61&block_no=47759&year=2014&month=12&day=&view=p1
2014-12-16,2014,12,16,14.000000,5.400000,7.400000,2.400000,77.000000,48.000000,2.000000,6.100000,10.800000,0.000000,雨,晴一時曇,https://www.data.jma.go.jp/stats/etrn/view/daily_s1.php?prec_no=61&block_no=47759&year=2014&month=12&day=&view=p1
2014-12-17,2014,12,17,0.000000,1.400000,4.200000,-0.900000,49.000000,30.000000,5.100000,8.500000,16.000000,7.900000,晴,雪一時曇,https://www.data.jma.go.jp/stats/etrn/view/daily_s1.php?prec_no=61&block_no=47759&year=2014&month=12&day=&view=p1
2014-12-18,2014,12,18,2.000000,0.400000,3.500000,-1.700000,80.000000,62.000000,2.700000,5.800000,9.300000,1.500000,雪,晴一時雪後曇,https://www.data.jma.go.jp/stats/etrn/view/daily_s1.php?prec_no=61&block_no=47759&year=2014&month=12&day=&view=p1
2014-12-19,2014,12,19,0.000000,3.000000,7.300000,0.000000,75.000000,50.000000,1.100000,3.300000,5.400000,3.800000,曇後時々晴,曇,https://www.data.jma.go.jp/stats/etrn/view/daily_s1.php?prec_no=61&block_no=47759&year=2014&month=12&day=&view=p1
2014-12-20,2014,12,20,18.500000,6.200000,8.200000,2.700000,80.000000,63.000000,2.000000,4.800000,8.300000,0.000000,雨時々曇,曇一時雨後時々晴,https://www.data.jma.go.jp/stats/etrn/view/daily_s1.php?prec_no=61&block_no=47759&year=2014&month=12&day=&view=p1
2014-12-21,2014,12,21,0.000000,6.000000,10.400000,2.300000,63.000000,34.000000,2.600000,5.900000,11.500000,6.400000,晴後薄曇,曇後晴,https://www.data.jma.go.jp/stats/etrn/view/daily_s1.php?prec_no=61&block_no=47759&year=2014&month=12&day=&view=p1
2014-12-22,2014,12,22,0.000000,3.500000,6.900000,0.300000,52.000000,35.000000,2.800000,5.500000,10.000000,7.300000,晴,曇時々晴,https://www.data.jma.go.jp/stats/etrn/view/daily_s1.php?prec_no=61&block_no=47759&year=2014&month=12&day=&view=p1
2014-12-23,2014,12,23,0.000000,6.000000,11.000000,3.000000,64.000000,41.000000,2.100000,4.700000,8.500000,4.700000,曇時々雨後一時晴,晴時々薄曇,https://www.data.jma.go.jp/stats/etrn/view/daily_s1.php?prec_no=61&block_no=47759&year=2014&month=12&day=&view=p1
2014-12-24,2014,12,24,0.000000,6.100000,11.100000,1.600000,73.000000,53.000000,1.300000,4.300000,8.700000,5.100000,曇時々晴,曇後時々雨,https://www.data.jma.go.jp/stats/etrn/view/daily_s1.php?prec_no=61&block_no=47759&year=2014&month=12&day=&view=p1
2014-12-25,2014,12,25,0.000000,6.400000,8.600000,4.400000,70.000000,58.000000,2.100000,4.700000,8.300000,0.900000,雨時々曇,曇時々雨,https://www.data.jma.go.jp/stats/etrn/view/daily_s1.php?prec_no=61&block_no=47759&year=2014&month=12&day=&view=p1
2014-12-26,2014,12,26,0.000000,5.100000,8.500000,2.800000,67.000000,43.000000,2.800000,6.900000,11.400000,8.100000,晴後時々雨,曇時々雨一時晴,https://www.data.jma.go.jp/stats/etrn/view/daily_s1.php?prec_no=61&block_no=47759&year=2014&month=12&day=&view=p1
2014-12-27,2014,12,27,0.000000,4.500000,8.000000,1.600000,71.000000,50.000000,1.500000,4.300000,7.500000,2.200000,曇時々晴一時雨,晴,https://www.data.jma.go.jp/stats/etrn/view/daily_s1.php?prec_no=61&block_no=47759&year=2014&month=12&day=&view=p1
2014-12-28,2014,12,28,10.000000,4.000000,8.200000,-0.600000,78.000000,50.000000,0.900000,2.400000,3.900000,2.900000,晴後雨一時曇,雨,https://www.data.jma.go.jp/stats/etrn/view/daily_s1.php?prec_no=61&block_no=47759&year=2014&month=12&day=&view=p1
2014-12-29,2014,12,29,8.500000,7.000000,11.700000,4.800000,81.000000,47.000000,1.600000,4.600000,8.500000,1.700000,曇後時々晴,晴,https://www.data.jma.go.jp/stats/etrn/view/daily_s1.php?prec_no=61&block_no=47759&year=2014&month=12&day=&view=p1
2014-12-30,2014,12,30,0.000000,6.700000,12.300000,2.600000,70.000000,39.000000,1.700000,5.500000,10.100000,6.000000,晴後一時曇,晴,https://www.data.jma.go.jp/stats/etrn/view/daily_s1.php?prec_no=61&block_no=47759&year=2014&month=12&day=&view=p1
2014-12-31,2014,12,31,2.000000,6.000000,12.500000,1.300000,70.000000,34.000000,2.200000,5.900000,12.300000,6.600000,晴後曇一時雨,雨後晴一時みぞれ,https://www.data.jma.go.jp/stats/etrn/view/daily_s1.php?prec_no=61&block_no=47759&year=2014&month=12&day=&view=p1
2015-10-01,2015,10,1,7.500000,20.000000,22.600000,16.700000,76.000000,60.000000,1.400000,3.100000,5.800000,0.000000,曇時々雨,雨時々曇,https://www.data.jma.go.jp/stats/etrn/view/daily_s1.php?prec_no=61&block_no=47759&year=2015&month=10&day=&view=p1
2015-10-02,2015,10,2,21.000000,21.900000,25.900000,16.000000,61.000000,35.000000,2.900000,5.700000,12.300000,8.500000,晴一時曇,快晴,https://www.data.jma.go.jp/stats/etrn/view/daily_s1.php?prec_no=61&block_no=47759&year=2015&month=10&day=&view=p1
2015-10-03,2015,10,3,0.000000,20.100000,27.200000,14.100000,61.000000,34.000000,2.000000,5.000000,8.300000,10.800000,晴,晴,https://www.data.jma.go.jp/stats/etrn/view/daily_s1.php?prec_no=61&block_no=47759&year=2015&month=10&day=&view=p1
2015-10-04,2015,10,4,0.000000,19.300000,25.700000,15.000000,62.000000,37.000000,2.100000,5.900000,10.100000,7.100000,晴,晴後一時曇,https://www.data.jma.go.jp/stats/etrn/view/daily_s1.php?prec_no=61&block_no=47759&year=2015&month=10&day=&view=p1
2015-10-05,2015,10,5,0.000000,17.600000,23.400000,13.800000,59.000000,36.000000,1.700000,5.100000,8.300000,4.500000,曇一時晴,曇時々晴,https://www.data.jma.go.jp/stats/etrn/view/daily_s1.php?prec_no=61&block_no=47759&year=2015&month=10&day=&view=p1
2015-10-06,2015,10,6,0.000000,18.800000,24.900000,15.000000,61.000000,38.000000,2.200000,6.100000,10.400000,7.100000,晴一時曇,快晴,https://www.data.jma.go.jp/stats/etrn/view/daily_s1.php?prec_no=61&block_no=47759&year=2015&month=10&day=&view=p1
2015-10-07,2015,10,7,0.000000,18.900000,24.600000,13.700000,56.000000,31.000000,3.100000,9.900000,15.500000,10.900000,快晴,晴,https://www.data.jma.go.jp/stats/etrn/view/daily_s1.php?prec_no=61&block_no=47759&year=2015&month=10&day=&view=p1
2015-10-08,2015,10,8,0.000000,18.700000,23.300000,15.000000,55.000000,34.000000,2.700000,6.700000,12.500000,7.100000,晴後一時曇,曇後晴,https://www.data.jma.go.jp/stats/etrn/view/daily_s1.php?prec_no=61&block_no=47759&year=2015&month=10&day=&view=p1
2015-10-09,2015,10,9,0.000000,19.000000,24.800000,14.500000,62.000000,38.000000,1.900000,4.800000,8.000000,7.800000,薄曇時々晴,晴後一時薄曇,https://www.data.jma.go.jp/stats/etrn/view/daily_s1.php?prec_no=61&block_no=47759&year=2015&month=10&day=&view=p1
2015-10-10,2015,10,10,0.000000,18.600000,22.600000,14.300000,68.000000,52.000000,1.200000,2.700000,4.300000,0.300000,曇,曇後時々雨,https://www.data.jma.go.jp/stats/etrn/view/daily_s1.php?prec_no=61&block_no=47759&year=2015&month=10&day=&view=p1
2015-10-11,2015,10,11,4.000000,19.000000,22.400000,16.000000,71.000000,50.000000,1.700000,3.700000,6.700000,1.100000,曇後一時晴,晴一時曇,https://www.data.jma.go.jp/stats/etrn/view/daily_s1.php?prec_no=61&block_no=47759&year=2015&month=10&day=&view=p1
2015-10-12,2015,10,12,0.000000,17.700000,23.600000,12.400000,59.000000,36.000000,1.900000,5.600000,11.300000,5.500000,晴後時々曇,曇後時々晴,https://www.data.jma.go.jp/stats/etrn/view/daily_s1.php?prec_no=61&block_no=47759&year=2015&month=10&day=&view=p1
2015-10-13,2015,10,13,0.000000,18.100000,23.500000,14.000000,56.000000,30.000000,2.200000,5.300000,8.800000,9.300000,晴,晴,https://www.data.jma.go.jp/stats/etrn/view/daily_s1.php?prec_no=61&block_no=47759&year=2015&month=10&day=&view=p1
2015-10-14,2015,10,14,0.000000,17.200000,24.000000,12.000000,60.000000,34.000000,1.700000,4.600000,7.900000,7.600000,晴,快晴,https://www.data.jma.go.jp/stats/etrn/view/daily_s1.php?prec_no=61&block_no=47759&year=2015&month=10&day=&view=p1
2015-10-15,2015,10,15,0.000000,17.100000,23.900000,11.900000,57.000000,31.000000,1.400000,3.700000,6.100000,7.300000,晴時々曇,晴,https://www.data.jma.go.jp/stats/etrn/view/daily_s1.php?prec_no=61&block_no=47759&year=2015&month=10&day=&view=p1
2015-10-16,2015,10,16,0.000000,18.000000,25.400000,11.500000,59.000000,27.000000,1.500000,4.200000,6.800000,10.700000,快晴,晴,https://www.data.jma.go.jp/stats/etrn/view/daily_s1.php?prec_no=61&block_no=47759&year=2015&month=10&day=&view=p1
2015-10-17,2015,10,17,0.000000,18.900000,25.400000,13.900000,64.000000,44.000000,1.500000,3.800000,5.600000,7.400000,晴後時々曇,快晴,https://www.data.jma.go.jp/stats/etrn/view/daily_s1.php?prec_no=61&block_no=47759&year=2015&month=10&day=&view=p1
2015-10-18,2015,10,18,0.000000,19.800000,28.000000,13.800000,62.000000,34.000000,1.700000,5.200000,9.300000,10.800000,快晴,快晴,https://www.data.jma.go.jp/stats/etrn/view/daily_s1.php?prec_no=61&block_no=47759&year=2015&month=10&day=&view=p1
2015-10-19,2015,10,19,0.000000,19.200000,26.100000,13.900000,62.000000,31.000000,1.400000,3.600000,5.400000,10.700000,快晴,晴後薄曇,https://www.data.jma.go.jp/stats/etrn/view/daily_s1.php?prec_no=61&block_no=47759&year=2015&month=10&day=&view=p1
2015-10-20,2015,10,20,0.000000,19.500000,26.700000,14.500000,63.000000,24.000000,1.700000,5.500000,9.100000,8.300000,晴一時薄曇,晴時々曇,https://www.data.jma.go.jp/stats/etrn/view/daily_s1.php?prec_no=61&block_no=47759&year=2015&month=10&day=&view=p1
2015-10-21,2015,10,21,0.000000,20.300000,26.300000,15.900000,61.000000,37.000000,1.800000,4.200000,7.400000,10.000000,晴一時曇,快晴,https://www.data.jma.go.jp/stats/etrn/view/daily_s1.php?prec_no=61&block_no=47759&year=2015&month=10&day=&view=p1
2015-10-22,2015,10,22,0.000000,18.000000,22.200000,14.800000,68.000000,46.000000,1.800000,4.800000,7.700000,3.800000,晴一時曇,快晴,https://www.data.jma.go.jp/stats/etrn/view/daily_s1.php?prec_no=61&block_no=47759&year=2015&month=10&day=&view=p1
2015-10-23,2015,10,23,0.000000,18.100000,24.400000,12.900000,63.000000,37.000000,1.300000,2.600000,4.200000,10.000000,快晴,快晴,https://www.data.jma.go.jp/stats/etrn/view/daily_s1.php?prec_no=61&block_no=47759&year=2015&month=10&day=&view=p1
2015-10-24,2015,10,24,0.000000,19.400000,25.900000,13.400000,63.000000,39.000000,1.800000,6.800000,11.400000,8.500000,晴,晴後一時曇,https://www.data.jma.go.jp/stats/etrn/view/daily_s1.php?prec_no=61&block_no=47759&year=2015&month=10&day=&view=p1
2015-10-25,2015,10,25,0.000000,15.600000,19.100000,10.900000,47.000000,31.000000,3.700000,7.600000,13.500000,10.100000,晴,晴,https://www.data.jma.go.jp/stats/etrn/view/daily_s1.php?prec_no=61&block_no=47759&year=2015&month=10&day=&view=p1
2015-10-26,2015,10,26,0.000000,14.100000,21.000000,8.400000,58.000000,36.000000,1.500000,3.600000,5.300000,10.500000,晴後一時薄曇,曇後晴,https://www.data.jma.go.jp/stats/etrn/view/daily_s1.php?prec_no=61&block_no=47759&year=2015&month=10&day=&view=p1
2015-10-27,2015,10,27,6.000000,18.100000,25.500000,10.900000,62.000000,41.000000,1.300000,5.200000,10.200000,8.800000,晴後時々曇,雨後曇一時晴,https://www.data.jma.go.jp/stats/etrn/view/daily_s1.php?prec_no=61&block_no=47759&year=2015&month=10&day=&view=p1
2015-10-28,2015,10,28,0.000000,17.600000,22.300000,12.600000,63.000000,41.000000,3.000000,6.500000,11.200000,10.000000,晴,晴後一時薄曇,https://www.data.jma.go.jp/stats/etrn/view/daily_s1.php?prec_no=61&block_no=47759&year=2015&month=10&day=&view=p1
2015-10-29,2015,10,29,0.000000,15.100000,21.000000,10.200000,58.000000,36.000000,1.800000,4.500000,8.300000,8.800000,晴,曇時々晴,https://www.data.jma.go.jp/stats/etrn/view/daily_s1.php?prec_no=61&block_no=47759&year=2015&month=10&day=&view=p1
2015-10-30,2015,10,30,0.000000,15.000000,20.700000,11.100000,60.000000,37.000000,1.800000,4.600000,6.900000,4.600000,曇一時晴,曇後晴,https://www.data.jma.go.jp/stats/etrn/view/daily_s1.php?prec_no=61&block_no=47759&year=2015&month=10&day=&view=p1
2015-10-31,2015,10,31,0.000000,12.800000,17.800000,9.200000,55.000000,29.000000,2.300000,6.400000,10.300000,6.400000,晴時々薄曇,快晴,https://www.data.jma.go.jp/stats/etrn/view/daily_s1.php?prec_no=61&block_no=47759&year=2015&month=10&day=&view=p1
2015-11-01,2015,11,1,0.000000,12.600000,17.300000,7.300000,59.000000,39.000000,1.400000,3.200000,4.800000,6.300000,曇一時晴,曇後雨,https://www.data.jma.go.jp/stats/etrn/view/daily_s1.php?prec_no=61&block_no=47759&year=2015&month=11&day=&view=p1
2015-11-02,2015,11,2,14.500000,13.100000,15.100000,11.000000,86.000000,64.000000,1.300000,3.200000,5.600000,0.000000,雨後曇,晴一時曇,https://www.data.jma.go.jp/stats/etrn/view/daily_s1.php?prec_no=61&block_no=47759&year=2015&month=11&day=&view=p1
2015-11-03,2015,11,3,0.000000,13.500000,18.500000,9.100000,74.000000,46.000000,1.700000,4.500000,8.900000,6.800000,晴,快晴,https://www.data.jma.go.jp/stats/etrn/view/daily_s1.php?prec_no=61&block_no=47759&year=2015&month=11&day=&view=p1
2015-11-04,2015,11,4,0.000000,15.300000,22.300000,8.800000,69.000000,47.000000,1.400000,3.500000,7.100000,10.100000,快晴,晴一時曇,https://www.data.jma.go.jp/stats/etrn/view/daily_s1.php?prec_no=61&block_no=47759&year=2015&month=11&day=&view=p1
2015-11-05,2015,11,5,0.000000,17.600000,24.100000,12.000000,63.000000,40.000000,1.500000,3.300000,6.200000,10.000000,晴,晴,https://www.data.jma.go.jp/stats/etrn/view/daily_s1.php?prec_no=61&block_no=47759&year=2015&month=11&day=&view=p1
2015-11-06,2015,11,6,0.000000,18.900000,25.300000,13.200000,62.000000,40.000000,1.300000,3.200000,5.300000,8.100000,晴後一時曇,曇一時晴,https://www.data.jma.go.jp/stats/etrn/view/daily_s1.php?prec_no=61&block_no=47759&year=2015&month=11&day=&view=p1
2015-11-07,2015,11,7,0.000000,18.700000,21.400000,16.800000,66.000000,55.000000,1.700000,3.600000,5.300000,0.200000,曇,曇後雨,https://www.data.jma.go.jp/stats/etrn/view/daily_s1.php?prec_no=61&block_no=47759&year=2015&month=11&day=&view=p1
2015-11-08,2015,11,8,29.000000,16.800000,18.900000,16.300000,91.000000,70.000000,1.300000,2.900000,5.700000,0.000000,雨,雨時々曇,https://www.data.jma.go.jp/stats/etrn/view/daily_s1.php?prec_no=61&block_no=47759&year=2015&month=11&day=&view=p1
2015-11-09,2015,11,9,21.500000,18.100000,19.500000,16.800000,93.000000,87.000000,0.800000,2.400000,3.800000,0.000000,曇時々雨,雨時々曇,https://www.data.jma.go.jp/stats/etrn/view/daily_s1.php?prec_no=61&block_no=47759&year=2015&month=11&day=&view=p1
2015-11-10,2015,11,10,0.500000,16.900000,19.900000,13.100000,72.000000,55.000000,2.600000,6.100000,11.300000,1.100000,晴一時曇,晴,https://www.data.jma.go.jp/stats/etrn/view/daily_s1.php?prec_no=61&block_no=47759&year=2015&month=11&day=&view=p1
2015-11-11,2015,11,11,0.000000,13.900000,18.600000,10.200000,60.000000,38.000000,2.200000,6.100000,10.700000,8.900000,晴後時々薄曇,薄曇,https://www.data.jma.go.jp/stats/etrn/view/daily_s1.php?prec_no=61&block_no=47759&year=2015&month=11&day=&view=p1
2015-11-12,2015,11,12,0.000000,13.500000,19.200000,8.700000,60.000000,35.000000,1.500000,3.600000,6.000000,8.200000,曇後晴,薄曇時々晴,https://www.data.jma.go.jp/stats/etrn/view/daily_s1.php?prec_no=61&block_no=47759&year=2015&month=11&day=&view=p1
2015-11-13,2015,11,13,2.000000,14.400000,17.500000,10.300000,72.000000,56.000000,2.400000,4.800000,8.400000,0.000000,曇後一時雨,雨後一時曇,https://www.data.jma.go.jp/stats/etrn/view/daily_s1.php?prec_no=61&block_no=47759&year=2015&month=11&day=&view=p1
2015-11-14,2015,11,14,30.500000,16.600000,18.200000,15.300000,85.000000,71.000000,2.900000,6.000000,12.100000,0.000000,雨一時曇,雨,https://www.data.jma.go.jp/stats/etrn/view/daily_s1.php?prec_no=61&block_no=47759&year=2015&month=11&day=&view=p1
2015-11-15,2015,11,15,7.000000,17.600000,21.500000,15.900000,79.000000,56.000000,2.100000,6.300000,10.200000,4.700000,曇一時雨後晴,曇時々晴,https://www.data.jma.go.jp/stats/etrn/view/daily_s1.php?prec_no=61&block_no=47759&year=2015&month=11&day=&view=p1
2015-11-16,2015,11,16,0.000000,16.800000,21.700000,12.900000,71.000000,46.000000,1.300000,2.900000,4.600000,8.200000,晴後曇,曇,https://www.data.jma.go.jp/stats/etrn/view/daily_s1.php?prec_no=61&block_no=47759&year=2015&month=11&day=&view=p1
2015-11-17,2015,11,17,34.500000,17.400000,20.500000,15.400000,82.000000,62.000000,0.900000,2.300000,4.000000,0.300000,曇後雨,雨後曇,https://www.data.jma.go.jp/stats/etrn/view/daily_s1.php?prec_no=61&block_no=47759&year=2015&month=11&day=&view=p1
2015-11-18,2015,11,18,28.000000,16.800000,18.200000,15.800000,92.000000,76.000000,1.000000,3.500000,6.700000,0.100000,雨一時曇,雨時々曇,https://www.data.jma.go.jp/stats/etrn/view/daily_s1.php?prec_no=61&block_no=47759&year=2015&month=11&day=&view=p1
2015-11-19,2015,11,19,0.000000,14.700000,16.500000,12.500000,69.000000,59.000000,2.400000,4.700000,9.400000,0.000000,曇,曇,https://www.data.jma.go.jp/stats/etrn/view/daily_s1.php?prec_no=61&block_no=47759&year=2015&month=11&day=&view=p1
2015-11-20,2015,11,20,0.000000,15.100000,20.400000,12.300000,69.000000,45.000000,1.400000,3.100000,5.600000,5.900000,曇後晴,晴時々曇,https://www.data.jma.go.jp/stats/etrn/view/daily_s1.php?prec_no=61&block_no=47759&year=2015&month=11&day=&view=p1
2015-11-21,2015,11,21,0.000000,14.600000,18.800000,11.800000,66.000000,45.000000,2.000000,4.700000,7.600000,4.200000,曇,曇,https://www.data.jma.go.jp/stats/etrn/view/daily_s1.php?prec_no=61&block_no=47759&year=2015&month=11&day=&view=p1
2015-11-22,2015,11,22,0.000000,14.300000,19.200000,10.500000,69.000000,45.000000,1.000000,2.100000,3.200000,1.200000,曇,曇後一時晴,https://www.data.jma.go.jp/stats/etrn/view/daily_s1.php?prec_no=61&block_no=47759&year=2015&month=11&day=&view=p1
2015-11-23,2015,11,23,0.000000,15.800000,18.800000,12.400000,75.000000,64.000000,1.500000,3.600000,6.100000,0.000000,曇,曇一時雨,https://www.data.jma.go.jp/stats/etrn/view/daily_s1.php?prec_no=61&block_no=47759&year=2015&month=11&day=&view=p1
2015-11-24,2015,11,24,0.000000,14.600000,18.500000,12.200000,69.000000,54.000000,2.500000,6.900000,11.900000,2.000000,曇後時々晴,曇後晴,https://www.data.jma.go.jp/stats/etrn/view/daily_s1.php?prec_no=61&block_no=47759&year=2015&month=11&day=&view=p1
2015-11-25,2015,11,25,8.000000,10.500000,12.400000,8.100000,72.000000,54.000000,1.300000,3.900000,7.300000,1.100000,曇一時晴後時々雨,雨後曇,https://www.data.jma.go.jp/stats/etrn/view/daily_s1.php?prec_no=61&block_no=47759&year=2015&month=11&day=&view=p1
2015-11-26,2015,11,26,1.500000,10.200000,12.500000,7.400000,75.000000,45.000000,1.700000,4.000000,7.500000,0.000000,曇時々雨後一時晴,晴,https://www.data.jma.go.jp/stats/etrn/view/daily_s1.php?prec_no=61&block_no=47759&year=2015&month=11&day=&view=p1
2015-11-27,2015,11,27,0.000000,7.700000,11.800000,4.600000,54.000000,37.000000,3.000000,6.500000,12.800000,8.800000,晴,晴後一時曇,https://www.data.jma.go.jp/stats/etrn/view/daily_s1.php?prec_no=61&block_no=47759&year=2015&month=11&day=&view=p1
2015-11-28,2015,11,28,0.000000,8.800000,14.900000,4.100000,60.000000,37.000000,1.700000,4.600000,7.600000,6.400000,晴時々曇,晴,https://www.data.jma.go.jp/stats/etrn/view/daily_s1.php?prec_no=61&block_no=47759&year=2015&month=11&day=&view=p1
2015-11-29,2015,11,29,0.000000,8.800000,13.300000,4.800000,70.000000,49.000000,1.500000,3.400000,5.700000,5.400000,薄曇一時晴,薄曇一時晴,https://www.data.jma.go.jp/stats/etrn/view/daily_s1.php?prec_no=61&block_no=47759&year=2015&month=11&day=&view=p1
2015-11-30,2015,11,30,0.000000,9.900000,16.100000,5.000000,69.000000,40.000000,1.300000,3.700000,6.100000,8.800000,晴,晴後一時曇,https://www.data.jma.go.jp/stats/etrn/view/daily_s1.php?prec_no=61&block_no=47759&year=2015&month=11&day=&view=p1
2015-12-01,2015,12,1,0.000000,9.500000,13.600000,6.100000,69.000000,48.000000,2.200000,5.800000,9.900000,5.000000,曇後晴,快晴,https://www.data.jma.go.jp/stats/etrn/view/daily_s1.php?prec_no=61&block_no=47759&year=2015&month=12&day=&view=p1
2015-12-02,2015,12,2,0.500000,11.200000,18.100000,3.700000,64.000000,41.000000,1.200000,3.400000,5.300000,8.000000,晴後時々薄曇,曇後雨,https://www.data.jma.go.jp/stats/etrn/view/daily_s1.php?prec_no=61&block_no=47759&year=2015&month=12&day=&view=p1
2015-12-03,2015,12,3,13.000000,11.500000,13.600000,7.700000,71.000000,47.000000,2.300000,4.900000,9.500000,0.200000,曇時々雨一時晴,晴,https://www.data.jma.go.jp/stats/etrn/view/daily_s1.php?prec_no=61&block_no=47759&year=2015&month=12&day=&view=p1
2015-12-04,2015,12,4,0.000000,8.300000,11.300000,5.700000,50.000000,38.000000,4.000000,6.900000,14.300000,8.400000,晴後一時曇,晴一時曇,https://www.data.jma.go.jp/stats/etrn/view/daily_s1.php?prec_no=61&block_no=47759&year=2015&month=12&day=&view=p1
2015-12-05,2015,12,5,0.000000,8.800000,13.400000,3.800000,58.000000,38.000000,2.100000,4.900000,8.900000,8.300000,晴後一時薄曇,曇,https://www.data.jma.go.jp/stats/etrn/view/daily_s1.php?prec_no=61&block_no=47759&year=2015&month=12&day=&view=p1
2015-12-06,2015,12,6,0.000000,9.700000,12.500000,7.400000,64.000000,49.000000,1.400000,3.700000,6.200000,0.400000,曇,曇後晴,https://www.data.jma.go.jp/stats/etrn/view/daily_s1.php?prec_no=61&block_no=47759&year=2015&month=12&day=&view=p1
2015-12-07,2015,12,7,0.000000,9.300000,14.900000,5.200000,62.000000,39.000000,1.600000,4.800000,8.000000,9.300000,晴,晴,https://www.data.jma.go.jp/stats/etrn/view/daily_s1.php?prec_no=61&block_no=47759&year=2015&month=12&day=&view=p1
2015-12-08,2015,12,8,0.000000,8.300000,15.200000,3.600000,66.000000,36.000000,1.700000,7.000000,12.000000,8.900000,快晴,晴,https://www.data.jma.go.jp/stats/etrn/view/daily_s1.php?prec_no=61&block_no=47759&year=2015&month=12&day=&view=p1
2015-12-09,2015,12,9,0.000000,8.800000,14.600000,4.000000,68.000000,41.000000,1.200000,2.800000,4.700000,8.000000,晴一時曇,晴後曇,https://www.data.jma.go.jp/stats/etrn/view/daily_s1.php?prec_no=61&block_no=47759&year=2015&month=12&day=&view=p1
2015-12-10,2015,12,10,8.500000,13.600000,16.500000,7.500000,73.000000,58.000000,2.300000,5.600000,9.400000,0.000000,曇後時々雨,大雨,https://www.data.jma.go.jp/stats/etrn/view/daily_s1.php?prec_no=61&block_no=47759&year=2015&month=12&day=&view=p1
2015-12-11,2015,12,11,52.500000,15.700000,18.900000,11.500000,79.000000,66.000000,3.800000,8.000000,15.000000,0.000000,雨時々曇,曇時々雨,https://www.data.jma.go.jp/stats/etrn/view/daily_s1.php?prec_no=61&block_no=47759&year=2015&month=12&day=&view=p1
2015-12-12,2015,12,12,0.500000,11.000000,14.500000,8.000000,70.000000,47.000000,1.700000,3.800000,5.700000,5.200000,晴時々曇,晴時々曇,https://www.data.jma.go.jp/stats/etrn/view/daily_s1.php?prec_no=61&block_no=47759&year=2015&month=12&day=&view=p1
2015-12-13,2015,12,13,0.000000,10.800000,16.400000,7.200000,72.000000,49.000000,1.300000,3.800000,6.500000,3.800000,曇時々晴,晴後一時曇,https://www.data.jma.go.jp/stats/etrn/view/daily_s1.php?prec_no=61&block_no=47759&year=2015&month=12&day=&view=p1
2015-12-14,2015,12,14,0.000000,11.000000,16.000000,7.700000,74.000000,52.000000,1.300000,3.100000,5.100000,4.500000,晴一時曇,晴後曇,https://www.data.jma.go.jp/stats/etrn/view/daily_s1.php?prec_no=61&block_no=47759&year=2015&month=12&day=&view=p1
2015-12-15,2015,12,15,1.000000,13.200000,18.300000,9.500000,75.000000,51.000000,1.100000,3.100000,5.500000,2.600000,曇時々晴後時々雨,曇一時雨,https://www.data.jma.go.jp/stats/etrn/view/daily_s1.php?prec_no=61&block_no=47759&year=2015&month=12&day=&view=p1
2015-12-16,2015,12,16,0.000000,11.800000,15.200000,7.100000,69.000000,48.000000,2.000000,4.200000,7.500000,1.900000,曇,晴時々曇,https://www.data.jma.go.jp/stats/etrn/view/daily_s1.php?prec_no=61&block_no=47759&year=2015&month=12&day=&view=p1
2015-12-17,2015,12,17,0.000000,6.900000,10.100000,4.300000,60.000000,36.000000,2.500000,5.300000,10.100000,4.100000,晴後一時雨,晴時々雨,https://www.data.jma.go.jp/stats/etrn/view/daily_s1.php?prec_no=61&block_no=47759&year=2015&month=12&day=&view=p1
2015-12-18,2015,12,18,0.000000,5.400000,8.600000,3.400000,70.000000,47.000000,1.300000,3.600000,6.300000,0.000000,曇後一時晴,晴,https://www.data.jma.go.jp/stats/etrn/view/daily_s1.php?prec_no=61&block_no=47759&year=2015&month=12&day=&view=p1
2015-12-19,2015,12,19,0.000000,5.200000,8.900000,2.200000,73.000000,52.000000,1.500000,4.400000,8.600000,0.300000,曇時々雨後一時晴,晴,https://www.data.jma.go.jp/stats/etrn/view/daily_s1.php?prec_no=61&block_no=47759&year=2015&month=12&day=&view=p1
2015-12-20,2015,12,20,0.000000,6.100000,11.100000,0.900000,66.000000,38.000000,1.100000,2.300000,3.800000,8.000000,晴後一時曇,曇後雨,https://www.data.jma.go.jp/stats/etrn/view/daily_s1.php?prec_no=61&block_no=47759&year=2015&month=12&day=&view=p1
2015-12-21,2015,12,21,9.500000,8.400000,9.900000,6.900000,90.000000,74.000000,1.100000,2.900000,4.700000,0.000000,雨後曇,晴時々曇,https://www.data.jma.go.jp/stats/etrn/view/daily_s1.php?prec_no=61&block_no=47759&year=2015&month=12&day=&view=p1
2015-12-22,2015,12,22,0.000000,8.800000,14.100000,5.500000,78.000000,46.000000,1.700000,5.100000,8.100000,5.300000,晴時々曇,晴後時々曇,https://www.data.jma.go.jp/stats/etrn/view/daily_s1.php?prec_no=61&block_no=47759&year=2015&month=12&day=&view=p1
2015-12-23,2015,12,23,15.000000,8.300000,11.700000,4.400000,84.000000,67.000000,1.200000,2.500000,4.900000,0.000000,曇後雨,雨後時々曇,https://www.data.jma.go.jp/stats/etrn/view/daily_s1.php?prec_no=61&block_no=47759&year=2015&month=12&day=&view=p1
2015-12-24,2015,12,24,0.500000,11.900000,16.300000,9.600000,81.000000,53.000000,1.300000,3.800000,6.300000,3.700000,曇後晴,曇,https://www.data.jma.go.jp/stats/etrn/view/daily_s1.php?prec_no=61&block_no=47759&year=2015&month=12&day=&view=p1
2015-12-25,2015,12,25,0.000000,9.800000,13.000000,6.300000,68.000000,49.000000,2.000000,6.100000,10.500000,2.200000,曇後晴時々雨,晴,https://www.data.jma.go.jp/stats/etrn/view/daily_s1.php?prec_no=61&block_no=47759&year=2015&month=12&day=&view=p1
2015-12-26,2015,12,26,0.000000,8.000000,12.200000,5.100000,60.000000,36.000000,2.200000,4.800000,9.100000,7.300000,晴,晴一時曇,https://www.data.jma.go.jp/stats/etrn/view/daily_s1.php?prec_no=61&block_no=47759&year=2015&month=12&day=&view=p1
2015-12-27,2015,12,27,0.000000,6.600000,9.900000,2.900000,67.000000,52.000000,2.500000,5.500000,9.200000,1.400000,曇時々雨一時晴,晴時々曇,https://www.data.jma.go.jp/stats/etrn/view/daily_s1.php?prec_no=61&block_no=47759&year=2015&month=12&day=&view=p1
2015-12-28,2015,12,28,0.000000,5.000000,9.400000,1.700000,68.000000,51.000000,1.400000,5.000000,8.500000,5.200000,晴後時々曇,晴,https://www.data.jma.go.jp/stats/etrn/view/daily_s1.php?prec_no=61&block_no=47759&year=2015&month=12&day=&view=p1
2015-12-29,2015,12,29,0.000000,5.400000,9.700000,2.300000,61.000000,45.000000,2.700000,6.100000,10.700000,8.000000,晴,晴,https://www.data.jma.go.jp/stats/etrn/view/daily_s1.php?prec_no=61&block_no=47759&year=2015&month=12&day=&view=p1
2015-12-30,2015,12,30,0.000000,5.000000,10.600000,0.600000,69.000000,43.000000,1.300000,3.000000,4.900000,6.800000,晴,晴,https://www.data.jma.go.jp/stats/etrn/view/daily_s1.php?prec_no=61&block_no=47759&year=2015&month=12&day=&view=p1
2015-12-31,2015,12,31,0.000000,5.800000,11.400000,1.600000,70.000000,45.000000,1.700000,5.100000,9.200000,5.600000,晴一時曇,晴後時々雨,https://www.data.jma.go.jp/stats/etrn/view/daily_s1.php?prec_no=61&block_no=47759&year=2015&month=12&day=&view=p1
2016-10-01,2016,10,1,4.000000,23.800000,27.900000,20.600000,80.000000,61.000000,1.300000,2.700000,4.200000,1.400000,曇,曇後一時雨,https://www.data.jma.go.jp/stats/etrn/view/daily_s1.php?prec_no=61&block_no=47759&year=2016&month=10&day=&view=p1
2016-10-02,2016,10,2,0.500000,27.000000,31.000000,22.900000,74.000000,56.000000,1.400000,3.000000,5.200000,4.200000,曇一時晴,曇、雷を伴う,https://www.data.jma.go.jp/stats/etrn/view/daily_s1.php?prec_no=61&block_no=47759&year=2016&month=10&day=&view=p1
2016-10-03,2016,10,3,9.500000,24.100000,27.300000,21.100000,85.000000,74.000000,1.300000,3.500000,5.700000,0.000000,雨時々曇,曇,https://www.data.jma.go.jp/stats/etrn/view/daily_s1.php?prec_no=61&block_no=47759&year=2016&month=10&day=&view=p1
2016-10-04,2016,10,4,0.000000,23.500000,28.300000,20.700000,74.000000,55.000000,1.700000,4.200000,7.000000,1.400000,曇,曇,https://www.data.jma.go.jp/stats/etrn/view/daily_s1.php?prec_no=61&block_no=47759&year=2016&month=10&day=&view=p1
2016-10-05,2016,10,5,19.500000,24.000000,28.400000,19.000000,75.000000,60.000000,2.200000,6.800000,13.900000,0.500000,曇時々雨,晴一時雨,https://www.data.jma.go.jp/stats/etrn/view/daily_s1.php?prec_no=61&block_no=47759&year=2016&month=10&day=&view=p1
2016-10-06,2016,10,6,0.000000,23.100000,27.500000,19.500000,64.000000,46.000000,2.800000,6.700000,11.000000,6.300000,晴後一時曇,晴一時曇,https://www.data.jma.go.jp/stats/etrn/view/daily_s1.php?prec_no=61&block_no=47759&year=2016&month=10&day=&view=p1
2016-10-07,2016,10,7,0.000000,21.800000,26.900000,16.000000,61.000000,34.000000,2.000000,4.400000,7.400000,8.800000,晴後一時曇,曇,https://www.data.jma.go.jp/stats/etrn/view/daily_s1.php?prec_no=61&block_no=47759&year=2016&month=10&day=&view=p1
2016-10-08,2016,10,8,0.000000,26.100000,31.000000,22.500000,68.000000,51.000000,2.400000,5.700000,9.500000,2.300000,曇後一時晴,曇時々雨,https://www.data.jma.go.jp/stats/etrn/view/daily_s1.php?prec_no=61&block_no=47759&year=2016&month=10&day=&view=p1
2016-10-09,2016,10,9,7.500000,21.200000,26.400000,17.500000,68.000000,50.000000,3.100000,6.700000,12.300000,3.300000,曇一時雨,曇時々晴,https://www.data.jma.go.jp/stats/etrn/view/daily_s1.php?prec_no=61&block_no=47759&year=2016&month=10&day=&view=p1
2016-10-10,2016,10,10,0.000000,18.500000,23.100000,16.000000,56.000000,41.000000,2.900000,6.700000,11.100000,8.700000,晴一時曇,曇時々晴,https://www.data.jma.go.jp/stats/etrn/view/daily_s1.php?prec_no=61&block_no=47759&year=2016&month=10&day=&view=p1
2016-10-11,2016,10,11,0.000000,17.700000,21.000000,14.700000,64.000000,51.000000,1.600000,4.000000,6.600000,2.600000,曇一時晴,曇時々晴,https://www.data.jma.go.jp/stats/etrn/view/daily_s1.php?prec_no=61&block_no=47759&year=2016&month=10&day=&view=p1
2016-10-12,2016,10,12,0.000000,17.900000,25.000000,13.700000,64.000000,34.000000,1.900000,5.300000,9.300000,7.500000,曇一時晴,晴時々曇,https://www.data.jma.go.jp/stats/etrn/view/daily_s1.php?prec_no=61&block_no=47759&year=2016&month=10&day=&view=p1
2016-10-13,2016,10,13,0.000000,16.800000,21.400000,14.300000,58.000000,40.000000,2.100000,5.500000,9.300000,2.300000,曇,曇,https://www.data.jma.go.jp/stats/etrn/view/daily_s1.php?prec_no=61&block_no=47759&year=2016&month=10&day=&view=p1
2016-10-14,2016,10,14,0.000000,16.500000,22.100000,13.000000,60.000000,36.000000,1.200000,2.400000,3.700000,4.500000,曇後晴,快晴,https://www.data.jma.go.jp/stats/etrn/view/daily_s1.php?prec_no=61&block_no=47759&year=2016&month=10&day=&view=p1
2016-10-15,2016,10,15,0.000000,17.800000,25.100000,10.700000,53.000000,27.000000,1.800000,4.400000,7.800000,10.500000,晴後時々薄曇,薄曇,https://www.data.jma.go.jp/stats/etrn/view/daily_s1.php?prec_no=61&block_no=47759&year=2016&month=10&day=&view=p1
2016-10-16,2016,10,16,0.000000,21.000000,26.600000,16.000000,60.000000,41.000000,2.600000,6.000000,9.300000,7.000000,晴後曇,雨時々曇,https://www.data.jma.go.jp/stats/etrn/view/daily_s1.php?prec_no=61&block_no=47759&year=2016&month=10&day=&view=p1
2016-10-17,2016,10,17,39.000000,21.400000,25.800000,18.700000,79.000000,60.000000,2.200000,4.200000,7.300000,2.400000,曇時々晴一時雨,晴,https://www.data.jma.go.jp/stats/etrn/view/daily_s1.php?prec_no=61&block_no=47759&year=2016&month=10&day=&view=p1
2016-10-18,2016,10,18,0.000000,22.200000,28.500000,18.100000,71.000000,44.000000,1.800000,5.200000,8.100000,7.300000,晴時々曇,晴時々曇,https://www.data.jma.go.jp/stats/etrn/view/daily_s1.php?prec_no=61&block_no=47759&year=2016&month=10&day=&view=p1
2016-10-19,2016,10,19,0.500000,22.300000,27.500000,17.500000,71.000000,48.000000,1.300000,2.700000,4.900000,5.600000,晴後曇,曇後一時晴,https://www.data.jma.go.jp/stats/etrn/view/daily_s1.php?prec_no=61&block_no=47759&year=2016&month=10&day=&view=p1
2016-10-20,2016,10,20,0.000000,21.900000,26.400000,19.100000,63.000000,41.000000,2.600000,5.900000,10.000000,6.800000,晴後時々薄曇,薄曇,https://www.data.jma.go.jp/stats/etrn/view/daily_s1.php?prec_no=61&block_no=47759&year=2016&month=10&day=&view=p1
2016-10-21,2016,10,21,0.000000,17.900000,22.000000,13.900000,55.000000,39.000000,2.400000,5.000000,8.500000,2.800000,曇,晴時々薄曇,https://www.data.jma.go.jp/stats/etrn/view/daily_s1.php?prec_no=61&block_no=47759&year=2016&month=10&day=&view=p1
2016-10-22,2016,10,22,0.000000,17.000000,21.000000,12.800000,70.000000,54.000000,1.000000,2.300000,3.600000,0.200000,曇,曇,https://www.data.jma.go.jp/stats/etrn/view/daily_s1.php?prec_no=61&block_no=47759&year=2016&month=10&day=&view=p1
2016-10-23,2016,10,23,0.000000,18.300000,21.200000,15.300000,62.000000,51.000000,2.500000,5.100000,9.500000,0.400000,曇,晴,https://www.data.jma.go.jp/stats/etrn/view/daily_s1.php?prec_no=61&block_no=47759&year=2016&month=10&day=&view=p1
2016-10-24,2016,10,24,0.000000,16.000000,21.000000,11.300000,51.000000,31.000000,2.800000,6.600000,10.600000,10.500000,快晴,晴後一時曇,https://www.data.jma.go.jp/stats/etrn/view/daily_s1.php?prec_no=61&block_no=47759&year=2016&month=10&day=&view=p1
2016-10-25,2016,10,25,5.000000,15.700000,18.500000,10.400000,78.000000,62.000000,1.800000,3.700000,6.300000,0.400000,雨時々曇,曇時々雨,https://www.data.jma.go.jp/stats/etrn/view/daily_s1.php?prec_no=61&block_no=47759&year=2016&month=10&day=&view=p1
2016-10-26,2016,10,26,2.500000,20.200000,25.200000,16.800000,79.000000,64.000000,1.300000,4.100000,7.500000,2.000000,曇一時晴後一時雨,曇一時雨,https://www.data.jma.go.jp/stats/etrn/view/daily_s1.php?prec_no=61&block_no=47759&year=2016&month=10&day=&view=p1
2016-10-27,2016,10,27,0.000000,17.200000,21.800000,13.300000,59.000000,35.000000,2.700000,6.500000,11.400000,6.600000,晴一時曇,晴後曇,https://www.data.jma.go.jp/stats/etrn/view/daily_s1.php?prec_no=61&block_no=47759&year=2016&month=10&day=&view=p1
2016-10-28,2016,10,28,10.500000,16.300000,18.900000,13.000000,79.000000,59.000000,1.200000,3.200000,5.600000,0.000000,曇時々雨,曇時々雨,https://www.data.jma.go.jp/stats/etrn/view/daily_s1.php?prec_no=61&block_no=47759&year=2016&month=10&day=&view=p1
2016-10-29,2016,10,29,0.500000,16.100000,19.900000,11.100000,67.000000,49.000000,2.400000,5.400000,10.100000,1.300000,曇後一時晴,晴一時曇,https://www.data.jma.go.jp/stats/etrn/view/daily_s1.php?prec_no=61&block_no=47759&year=2016&month=10&day=&view=p1
2016-10-30,2016,10,30,0.000000,13.600000,19.800000,8.700000,61.000000,34.000000,1.500000,3.700000,6.500000,9.500000,晴後一時薄曇,晴時々薄曇,https://www.data.jma.go.jp/stats/etrn/view/daily_s1.php?prec_no=61&block_no=47759&year=2016&month=10&day=&view=p1
2016-10-31,2016,10,31,0.500000,13.700000,18.400000,8.600000,68.000000,45.000000,1.200000,2.600000,4.200000,1.000000,曇一時晴,雨一時曇,https://www.data.jma.go.jp/stats/etrn/view/daily_s1.php?prec_no=61&block_no=47759&year=2016&month=10&day=&view=p1
2016-11-01,2016,11,1,5.500000,13.700000,18.100000,10.400000,75.000000,54.000000,2.300000,6.200000,10.300000,3.800000,曇後時々晴,曇後晴,https://www.data.jma.go.jp/stats/etrn/view/daily_s1.php?prec_no=61&block_no=47759&year=2016&month=11&day=&view=p1
2016-11-02,2016,11,2,0.000000,12.300000,18.600000,7.500000,60.000000,30.000000,1.600000,3.200000,5.400000,10.200000,快晴,晴,https://www.data.jma.go.jp/stats/etrn/view/daily_s1.php?prec_no=61&block_no=47759&year=2016&month=11&day=&view=p1
2016-11-03,2016,11,3,0.000000,12.400000,16.400000,8.900000,63.000000,41.000000,2.100000,6.500000,11.200000,6.300000,晴,晴時々曇,https://www.data.jma.go.jp/stats/etrn/view/daily_s1.php?prec_no=61&block_no=47759&year=2016&month=11&day=&view=p1
2016-11-04,2016,11,4,0.000000,12.700000,18.400000,8.400000,65.000000,40.000000,1.500000,3.500000,6.500000,6.300000,晴時々曇,晴,https://www.data.jma.go.jp/stats/etrn/view/daily_s1.php?prec_no=61&block_no=47759&year=2016&month=11&day=&view=p1
2016-11-05,2016,11,5,0.000000,13.300000,20.200000,7.600000,67.000000,42.000000,1.500000,4.000000,7.000000,10.000000,快晴,晴後曇,https://www.data.jma.go.jp/stats/etrn/view/daily_s1.php?prec_no=61&block_no=47759&year=2016&month=11&day=&view=p1
2016-11-06,2016,11,6,0.000000,12.200000,15.100000,9.400000,69.000000,48.000000,2.000000,6.000000,10.000000,0.900000,曇時々雨後晴,晴,https://www.data.jma.go.jp/stats/etrn/view/daily_s1.php?prec_no=61&block_no=47759&year=2016&month=11&day=&view=p1
2016-11-07,2016,11,7,0.000000,12.100000,18.100000,7.000000,69.000000,48.000000,1.200000,2.900000,5.200000,9.600000,快晴,晴後時々曇,https://www.data.jma.go.jp/stats/etrn/view/daily_s1.php?prec_no=61&block_no=47759&year=2016&month=11&day=&view=p1
2016-11-08,2016,11,8,6.000000,13.200000,16.300000,10.600000,80.000000,65.000000,1.400000,4.200000,7.500000,0.000000,曇時々雨,雨後曇一時晴,https://www.data.jma.go.jp/stats/etrn/view/daily_s1.php?prec_no=61&block_no=47759&year=2016&month=11&day=&view=p1
2016-11-09,2016,11,9,1.500000,9.200000,11.700000,6.600000,68.000000,53.000000,2.500000,4.700000,8.400000,4.000000,雨時々曇,曇時々雨,https://www.data.jma.go.jp/stats/etrn/view/daily_s1.php?prec_no=61&block_no=47759&year=2016&month=11&day=&view=p1
2016-11-10,2016,11,10,0.000000,10.000000,13.400000,6.300000,69.000000,46.000000,1.400000,3.800000,6.000000,1.300000,曇,曇時々雨,https://www.data.jma.go.jp/stats/etrn/view/daily_s1.php?prec_no=61&block_no=47759&year=2016&month=11&day=&view=p1
2016-11-11,2016,11,11,4.000000,13.600000,19.500000,10.200000,75.000000,46.000000,1.500000,4.400000,7.500000,5.000000,曇後晴,晴,https://www.data.jma.go.jp/stats/etrn/view/daily_s1.php?prec_no=61&block_no=47759&year=2016&month=11&day=&view=p1
2016-11-12,2016,11,12,0.000000,13.400000,19.600000,8.700000,68.000000,40.000000,1.300000,3.100000,5.600000,9.500000,快晴,晴時々曇,https://www.data.jma.go.jp/stats/etrn/view/daily_s1.php?prec_no=61&block_no=47759&year=2016&month=11&day=&view=p1
2016-11-13,2016,11,13,0.000000,14.900000,20.800000,9.300000,69.000000,48.000000,1.200000,2.800000,4.900000,7.100000,晴後曇,曇,https://www.data.jma.go.jp/stats/etrn/view/daily_s1.php?prec_no=61&block_no=47759&year=2016&month=11&day=&view=p1
2016-11-14,2016,11,14,9.500000,15.300000,17.000000,13.200000,80.000000,66.000000,1.400000,3.900000,7.400000,0.000000,曇時々雨,雨時々曇,https://www.data.jma.go.jp/stats/etrn/view/daily_s1.php?prec_no=61&block_no=47759&year=2016&month=11&day=&view=p1
2016-11-15,2016,11,15,9.500000,15.900000,21.700000,11.800000,77.000000,52.000000,2.300000,8.200000,13.200000,1.400000,曇一時雨,曇時々晴,https://www.data.jma.go.jp/stats/etrn/view/daily_s1.php?prec_no=61&block_no=47759&year=2016&month=11&day=&view=p1
2016-11-16,2016,11,16,0.000000,11.600000,15.000000,8.400000,54.000000,40.000000,2.400000,4.900000,8.200000,8.400000,曇時々晴,薄曇後晴,https://www.data.jma.go.jp/stats/etrn/view/daily_s1.php?prec_no=61&block_no=47759&year=2016&month=11&day=&view=p1
2016-11-17,2016,11,17,0.000000,10.900000,16.500000,6.200000,68.000000,47.000000,1.700000,4.500000,7.000000,5.500000,晴時々曇,晴,https://www.data.jma.go.jp/stats/etrn/view/daily_s1.php?prec_no=61&block_no=47759&year=2016&month=11&day=&view=p1
2016-11-18,2016,11,18,0.000000,12.900000,19.700000,5.800000,66.000000,35.000000,1.400000,3.500000,5.300000,9.000000,晴,雨時々曇,https://www.data.jma.go.jp/stats/etrn/view/daily_s1.php?prec_no=61&block_no=47759&year=2016&month=11&day=&view=p1
2016-11-19,2016,11,19,6.000000,15.800000,18.600000,13.900000,87.000000,75.000000,1.100000,2.500000,5.000000,0.000000,曇一時雨,晴時々曇,https://www.data.jma.go.jp/stats/etrn/view/daily_s1.php?prec_no=61&block_no=47759&year=2016&month=11&day=&view=p1
2016-11-20,2016,11,20,0.000000,16.700000,21.000000,13.300000,82.000000,62.000000,1.200000,3.900000,6.700000,0.200000,曇,曇一時晴,https://www.data.jma.go.jp/stats/etrn/view/daily_s1.php?prec_no=61&block_no=47759&year=2016&month=11&day=&view=p1
2016-11-21,2016,11,21,0.000000,15.600000,18.100000,12.000000,79.000000,65.000000,1.300000,2.500000,4.300000,0.000000,曇,曇時々雨,https://www.data.jma.go.jp/stats/etrn/view/daily_s1.php?prec_no=61&block_no=47759&year=2016&month=11&day=&view=p1
2016-11-22,2016,11,22,2.000000,16.800000,20.800000,13.400000,71.000000,47.000000,2.200000,5.200000,10.100000,8.600000,晴,曇時々晴,https://www.data.jma.go.jp/stats/etrn/view/daily_s1.php?prec_no=61&block_no=47759&year=2016&month=11&day=&view=p1
2016-11-23,2016,11,23,0.000000,10.800000,15.100000,8.300000,57.000000,45.000000,3.600000,6.500000,12.300000,4.100000,曇後晴,曇一時晴後時々雨,https://www.data.jma.go.jp/stats/etrn/view/daily_s1.php?prec_no=61&block_no=47759&year=2016&month=11&day=&view=p1
2016-11-24,2016,11,24,0.000000,9.300000,13.400000,6.100000,64.000000,51.000000,2.100000,4.800000,8.100000,3.300000,曇時々晴,晴後一時薄曇,https://www.data.jma.go.jp/stats/etrn/view/daily_s1.php?prec_no=61&block_no=47759&year=2016&month=11&day=&view=p1
2016-11-25,2016,11,25,0.000000,8.800000,13.800000,4.500000,70.000000,48.000000,1.200000,2.700000,6.300000,2.000000,曇時々晴,晴時々曇,https://www.data.jma.go.jp/stats/etrn/view/daily_s1.php?prec_no=61&block_no=47759&year=2016&month=11&day=&view=p1
2016-11-26,2016,11,26,8.000000,10.500000,16.100000,4.800000,70.000000,38.000000,1.400000,3.900000,5.900000,7.000000,晴後曇,雨一時曇,https://www.data.jma.go.jp/stats/etrn/view/daily_s1.php?prec_no=61&block_no=47759&year=2016&month=11&day=&view=p1
2016-11-27,2016,11,27,30.000000,11.900000,12.600000,11.200000,92.000000,72.000000,1.400000,5.400000,10.500000,0.000000,雨,曇時々雨,https://www.data.jma.go.jp/stats/etrn/view/daily_s1.php?prec_no=61&block_no=47759&year=2016&month=11&day=&view=p1
2016-11-28,2016,11,28,0.000000,10.600000,13.200000,7.600000,66.000000,44.000000,2.400000,6.500000,11.000000,1.100000,曇,晴時々曇一時雨,https://www.data.jma.go.jp/stats/etrn/view/daily_s1.php?prec_no=61&block_no=47759&year=2016&month=11&day=&view=p1
2016-11-29,2016,11,29,0.000000,9.100000,12.500000,7.100000,76.000000,58.000000,1.800000,5.100000,9.700000,2.100000,曇時々雨一時晴,曇時々雨後時々晴,https://www.data.jma.go.jp/stats/etrn/view/daily_s1.php?prec_no=61&block_no=47759&year=2016&month=11&day=&view=p1
2016-11-30,2016,11,30,0.000000,9.200000,12.300000,5.200000,70.000000,52.000000,1.400000,2.700000,5.100000,4.700000,曇,曇一時雨,https://www.data.jma.go.jp/stats/etrn/view/daily_s1.php?prec_no=61&block_no=47759&year=2016&month=11&day=&view=p1
2016-12-01,2016,12,1,0.500000,12.800000,16.500000,9.900000,75.000000,50.000000,1.600000,4.100000,7.700000,1.800000,曇,曇時々晴,https://www.data.jma.go.jp/stats/etrn/view/daily_s1.php?prec_no=61&block_no=47759&year=2016&month=12&day=&view=p1
2016-12-02,2016,12,2,0.000000,10.400000,14.500000,6.400000,62.000000,39.000000,2.100000,5.100000,8.900000,7.900000,曇時々晴,晴時々曇,https://www.data.jma.go.jp/stats/etrn/view/daily_s1.php?prec_no=61&block_no=47759&year=2016&month=12&day=&view=p1
2016-12-03,2016,12,3,0.000000,9.900000,16.200000,5.100000,71.000000,46.000000,1.200000,2.700000,4.400000,8.200000,晴時々曇,曇後一時晴,https://www.data.jma.go.jp/stats/etrn/view/daily_s1.php?prec_no=61&block_no=47759&year=2016&month=12&day=&view=p1
2016-12-04,2016,12,4,8.500000,11.300000,16.100000,6.500000,81.000000,56.000000,0.800000,2.100000,3.600000,2.900000,曇一時晴後時々雨,曇時々雨,https://www.data.jma.go.jp/stats/etrn/view/daily_s1.php?prec_no=61&block_no=47759&year=2016&month=12&day=&view=p1
2016-12-05,2016,12,5,0.500000,13.200000,17.500000,9.800000,77.000000,47.000000,1.400000,4.300000,8.000000,5.700000,薄曇一時晴,曇,https://www.data.jma.go.jp/stats/etrn/view/daily_s1.php?prec_no=61&block_no=47759&year=2016&month=12&day=&view=p1
2016-12-06,2016,12,6,0.000000,9.600000,13.100000,5.500000,71.000000,48.000000,2.900000,8.200000,14.600000,5.300000,晴時々曇一時雨,晴,https://www.data.jma.go.jp/stats/etrn/view/daily_s1.php?prec_no=61&block_no=47759&year=2016&month=12&day=&view=p1
2016-12-07,2016,12,7,0.000000,7.400000,13.000000,3.100000,70.000000,41.000000,1.400000,4.600000,7.800000,7.600000,晴,晴,https://www.data.jma.go.jp/stats/etrn/view/daily_s1.php?prec_no=61&block_no=47759&year=2016&month=12&day=&view=p1
2016-12-08,2016,12,8,0.000000,8.100000,12.900000,4.900000,70.000000,49.000000,1.200000,2.800000,4.700000,5.700000,晴時々曇,晴,https://www.data.jma.go.jp/stats/etrn/view/daily_s1.php?prec_no=61&block_no=47759&year=2016&month=12&day=&view=p1
2016-12-09,2016,12,9,0.000000,9.800000,16.000000,5.600000,66.000000,47.000000,1.600000,5.300000,10.100000,4.500000,晴,晴後一時雨,https://www.data.jma.go.jp/stats/etrn/view/daily_s1.php?prec_no=61&block_no=47759&year=2016&month=12&day=&view=p1
2016-12-10,2016,12,10,0.000000,6.900000,10.100000,3.800000,70.000000,50.000000,2.600000,6.500000,11.300000,7.100000,晴,晴後一時曇,https://www.data.jma.go.jp/stats/etrn/view/daily_s1.php?prec_no=61&block_no=47759&year=2016&month=12&day=&view=p1
2016-12-11,2016,12,11,0.000000,5.900000,10.100000,3.300000,72.000000,46.000000,1.700000,5.400000,7.700000,2.800000,曇時々晴後一時雨,曇時々晴一時雨,https://www.data.jma.go.jp/stats/etrn/view/daily_s1.php?prec_no=61&block_no=47759&year=2016&month=12&day=&view=p1
2016-12-12,2016,12,12,0.000000,6.300000,10.000000,2.600000,72.000000,46.000000,1.300000,2.600000,3.900000,3.700000,曇,曇後雨,https://www.data.jma.go.jp/stats/etrn/view/daily_s1.php?prec_no=61&block_no=47759&year=2016&month=12&day=&view=p1
2016-12-13,2016,12,13,28.500000,8.600000,11.200000,6.700000,88.000000,64.000000,1.600000,3.900000,6.500000,0.000000,雨,雨後時々曇,https://www.data.jma.go.jp/stats/etrn/view/daily_s1.php?prec_no=61&block_no=47759&year=2016&month=12&day=&view=p1
2016-12-14,2016,12,14,3.000000,8.100000,11.900000,3.900000,70.000000,52.000000,3.000000,6.800000,13.500000,1.700000,曇時々雨,雨時々曇,https://www.data.jma.go.jp/stats/etrn/view/daily_s1.php?prec_no=61&block_no=47759&year=2016&month=12&day=&view=p1
2016-12-15,2016,12,15,0.000000,4.900000,8.500000,2.300000,70.000000,49.000000,2.200000,4.700000,8.400000,4.900000,晴一時曇,曇時々晴一時雨,https://www.data.jma.go.jp/stats/etrn/view/daily_s1.php?prec_no=61&block_no=47759&year=2016&month=12&day=&view=p1
2016-12-16,2016,12,16,1.000000,4.000000,6.800000,1.200000,69.000000,46.000000,2.200000,6.200000,14.200000,4.800000,曇時々みぞれ一時雨後晴,晴後時々曇,https://www.data.jma.go.jp/stats/etrn/view/daily_s1.php?prec_no=61&block_no=47759&year=2016&month=12&day=&view=p1
2016-12-17,2016,12,17,0.000000,6.200000,11.800000,0.900000,66.000000,43.000000,1.700000,4.700000,7.900000,6.200000,晴後時々曇,晴時々曇,https://www.data.jma.go.jp/stats/etrn/view/daily_s1.php?prec_no=61&block_no=47759&year=2016&month=12&day=&view=p1
2016-12-18,2016,12,18,0.000000,7.400000,13.300000,3.000000,72.000000,46.000000,1.300000,3.700000,6.200000,8.900000,晴後一時薄曇,薄曇,https://www.data.jma.go.jp/stats/etrn/view/daily_s1.php?prec_no=61&block_no=47759&year=2016&month=12&day=&view=p1
2016-12-19,2016,12,19,0.000000,8.200000,14.100000,3.600000,74.000000,50.000000,1.100000,3.200000,5.200000,7.900000,晴一時薄曇,晴後曇,https://www.data.jma.go.jp/stats/etrn/view/daily_s1.php?prec_no=61&block_no=47759&year=2016&month=12&day=&view=p1
2016-12-20,2016,12,20,0.000000,9.000000,12.200000,6.600000,83.000000,74.000000,0.800000,2.000000,3.100000,0.700000,曇時々雨一時晴,晴,https://www.data.jma.go.jp/stats/etrn/view/daily_s1.php?prec_no=61&block_no=47759&year=2016&month=12&day=&view=p1
2016-12-21,2016,12,21,0.000000,9.700000,15.900000,4.500000,74.000000,41.000000,1.100000,3.200000,5.800000,8.400000,晴時々薄曇,晴後曇,https://www.data.jma.go.jp/stats/etrn/view/daily_s1.php?prec_no=61&block_no=47759&year=2016&month=12&day=&view=p1
2016-12-22,2016,12,22,19.500000,14.600000,17.500000,9.500000,77.000000,62.000000,1.600000,5.100000,10.000000,0.000000,曇時々雨,曇時々雨,https://www.data.jma.go.jp/stats/etrn/view/daily_s1.php?prec_no=61&block_no=47759&year=2016&month=12&day=&view=p1
2016-12-23,2016,12,23,4.500000,10.200000,16.100000,6.500000,72.000000,56.000000,2.300000,5.100000,9.100000,0.900000,曇時々雨一時晴、あられを伴う,晴時々曇一時雨,https://www.data.jma.go.jp/stats/etrn/view/daily_s1.php?prec_no=61&block_no=47759&year=2016&month=12&day=&view=p1
2016-12-24,2016,12,24,0.000000,6.800000,11.500000,4.400000,73.000000,44.000000,2.000000,7.800000,11.800000,5.300000,曇一時晴,曇後一時晴,https://www.data.jma.go.jp/stats/etrn/view/daily_s1.php?prec_no=61&block_no=47759&year=2016&month=12&day=&view=p1
2016-12-25,2016,12,25,0.000000,7.000000,11.800000,4.000000,68.000000,41.000000,1.700000,4.600000,8.200000,7.700000,晴後一時薄曇,曇,https://www.data.jma.go.jp/stats/etrn/view/daily_s1.php?prec_no=61&block_no=47759&year=2016&month=12&day=&view=p1
2016-12-26,2016,12,26,0.000000,8.600000,12.400000,3.600000,66.000000,48.000000,1.200000,2.800000,4.100000,0.100000,曇一時雨,雨時々曇,https://www.data.jma.go.jp/stats/etrn/view/daily_s1.php?prec_no=61&block_no=47759&year=2016&month=12&day=&view=p1
2016-12-27,2016,12,27,24.500000,9.400000,12.200000,4.400000,81.000000,68.000000,2.200000,4.900000,9.800000,0.000000,雨時々曇,雨後晴一時雪,https://www.data.jma.go.jp/stats/etrn/view/daily_s1.php?prec_no=61&block_no=47759&year=2016&month=12&day=&view=p1
2016-12-28,2016,12,28,1.500000,3.800000,6.300000,1.300000,74.000000,57.000000,2.500000,8.300000,16.900000,3.400000,雪後晴一時雨、みぞれを伴う,曇時々晴,https://www.data.jma.go.jp/stats/etrn/view/daily_s1.php?prec_no=61&block_no=47759&year=2016&month=12&day=&view=p1
2016-12-29,2016,12,29,0.000000,4.700000,8.600000,1.200000,72.000000,51.000000,1.700000,4.700000,8.000000,4.100000,曇時々晴,晴時々雨,https://www.data.jma.go.jp/stats/etrn/view/daily_s1.php?prec_no=61&block_no=47759&year=2016&month=12&day=&view=p1
2016-12-30,2016,12,30,0.000000,5.000000,8.500000,2.100000,73.000000,52.000000,2.200000,5.300000,9.700000,5.900000,晴一時雨,晴,https://www.data.jma.go.jp/stats/etrn/view/daily_s1.php?prec_no=61&block_no=47759&year=2016&month=12&day=&view=p1
2016-12-31,2016,12,31,0.000000,5.300000,12.300000,0.300000,72.000000,42.000000,1.300000,4.200000,6.700000,8.700000,晴,晴時々曇,https://www.data.jma.go.jp/stats/etrn/view/daily_s1.php?prec_no=61&block_no=47759&year=2016&month=12&day=&view=p1
2017-10-01,2017,10,1,0.000000,20.800000,26.400000,13.800000,64.000000,45.000000,1.700000,3.900000,7.000000,5.900000,晴後曇,曇後一時雨,https://www.data.jma.go.jp/stats/etrn/view/daily_s1.php?prec_no=61&block_no=47759&year=2017&month=10&day=&view=p1
2017-10-02,2017,10,2,37.000000,21.200000,22.700000,20.500000,85.000000,69.000000,1.400000,2.700000,5.000000,0.000000,雨,雨,https://www.data.jma.go.jp/stats/etrn/view/daily_s1.php?prec_no=61&block_no=47759&year=2017&month=10&day=&view=p1
2017-10-03,2017,10,3,4.000000,21.700000,27.400000,18.500000,76.000000,55.000000,2.400000,7.600000,12.900000,2.600000,曇時々雨後時々晴,晴後曇,https://www.data.jma.go.jp/stats/etrn/view/daily_s1.php?prec_no=61&block_no=47759&year=2017&month=10&day=&view=p1
2017-10-04,2017,10,4,0.000000,18.200000,22.400000,14.200000,52.000000,35.000000,2.700000,7.200000,11.800000,5.100000,曇後晴,晴後薄曇,https://www.data.jma.go.jp/stats/etrn/view/daily_s1.php?prec_no=61&block_no=47759&year=2017&month=10&day=&view=p1
2017-10-05,2017,10,5,0.000000,18.300000,23.600000,13.300000,57.000000,29.000000,2.000000,3.800000,7.400000,4.900000,薄曇,曇,https://www.data.jma.go.jp/stats/etrn/view/daily_s1.php?prec_no=61&block_no=47759&year=2017&month=10&day=&view=p1
2017-10-06,2017,10,6,36.000000,17.900000,19.800000,15.400000,75.000000,56.000000,2.900000,5.500000,10.600000,0.000000,雨一時曇,雨時々曇,https://www.data.jma.go.jp/stats/etrn/view/daily_s1.php?prec_no=61&block_no=47759&year=2017&month=10&day=&view=p1
2017-10-07,2017,10,7,8.000000,20.400000,23.800000,17.800000,87.000000,75.000000,1.000000,2.400000,3.700000,0.000000,雨後曇,晴一時曇,https://www.data.jma.go.jp/stats/etrn/view/daily_s1.php?prec_no=61&block_no=47759&year=2017&month=10&day=&view=p1
2017-10-08,2017,10,8,0.000000,22.700000,28.100000,17.300000,73.000000,48.000000,1.400000,3.100000,5.300000,8.800000,晴,晴一時曇,https://www.data.jma.go.jp/stats/etrn/view/daily_s1.php?prec_no=61&block_no=47759&year=2017&month=10&day=&view=p1
2017-10-09,2017,10,9,0.000000,23.800000,29.600000,19.900000,71.000000,46.000000,1.300000,3.400000,5.600000,7.100000,晴一時曇,晴,https://www.data.jma.go.jp/stats/etrn/view/daily_s1.php?prec_no=61&block_no=47759&year=2017&month=10&day=&view=p1
2017-10-10,2017,10,10,0.000000,24.000000,30.500000,19.800000,70.000000,45.000000,1.700000,3.700000,6.500000,8.900000,晴,晴一時曇,https://www.data.jma.go.jp/stats/etrn/view/daily_s1.php?prec_no=61&block_no=47759&year=2017&month=10&day=&view=p1
2017-10-11,2017,10,11,0.000000,24.400000,30.000000,19.800000,68.000000,48.000000,1.600000,4.300000,6.400000,8.400000,晴,曇時々晴後一時雨,https://www.data.jma.go.jp/stats/etrn/view/daily_s1.php?prec_no=61&block_no=47759&year=2017&month=10&day=&view=p1
2017-10-12,2017,10,12,0.000000,21.100000,23.600000,18.400000,72.000000,65.000000,2.200000,4.100000,6.400000,0.000000,曇時々雨,曇,https://www.data.jma.go.jp/stats/etrn/view/daily_s1.php?prec_no=61&block_no=47759&year=2017&month=10&day=&view=p1
2017-10-13,2017,10,13,0.500000,17.900000,19.100000,16.800000,77.000000,65.000000,1.800000,4.300000,6.600000,0.000000,雨時々曇,曇,https://www.data.jma.go.jp/stats/etrn/view/daily_s1.php?prec_no=61&block_no=47759&year=2017&month=10&day=&view=p1
2017-10-14,2017,10,14,0.000000,19.000000,22.300000,17.000000,77.000000,61.000000,1.200000,2.900000,4.200000,0.500000,曇一時雨,曇後雨,https://www.data.jma.go.jp/stats/etrn/view/daily_s1.php?prec_no=61&block_no=47759&year=2017&month=10&day=&view=p1
2017-10-15,2017,10,15,12.500000,17.300000,18.900000,15.700000,87.000000,76.000000,0.900000,2.200000,3.500000,0.000000,雨,雨,https://www.data.jma.go.jp/stats/etrn/view/daily_s1.php?prec_no=61&block_no=47759&year=2017&month=10&day=&view=p1
2017-10-16,2017,10,16,22.000000,15.500000,16.500000,14.600000,92.000000,87.000000,1.200000,3.000000,4.700000,0.000000,雨後一時曇,雨一時曇,https://www.data.jma.go.jp/stats/etrn/view/daily_s1.php?prec_no=61&block_no=47759&year=2017&month=10&day=&view=p1
2017-10-17,2017,10,17,8.500000,15.000000,17.100000,13.200000,89.000000,81.000000,0.900000,2.200000,3.900000,0.000000,雨後曇,薄曇、霧を伴う,https://www.data.jma.go.jp/stats/etrn/view/daily_s1.php?prec_no=61&block_no=47759&year=2017&month=10&day=&view=p1
2017-10-18,2017,10,18,0.500000,15.800000,20.800000,11.400000,73.000000,43.000000,1.700000,5.200000,9.400000,3.800000,曇,雨,https://www.data.jma.go.jp/stats/etrn/view/daily_s1.php?prec_no=61&block_no=47759&year=2017&month=10&day=&view=p1
2017-10-19,2017,10,19,24.500000,15.200000,17.300000,13.000000,84.000000,70.000000,1.700000,3.800000,6.800000,0.100000,雨時々曇,雨時々曇,https://www.data.jma.go.jp/stats/etrn/view/daily_s1.php?prec_no=61&block_no=47759&year=2017&month=10&day=&view=p1
2017-10-20,2017,10,20,2.500000,17.100000,19.400000,15.100000,85.000000,76.000000,1.100000,2.400000,3.400000,0.000000,曇時々雨,曇時々雨,https://www.data.jma.go.jp/stats/etrn/view/daily_s1.php?prec_no=61&block_no=47759&year=2017&month=10&day=&view=p1
2017-10-21,2017,10,21,26.500000,17.100000,18.200000,16.000000,91.000000,80.000000,1.000000,2.400000,4.100000,0.000000,雨一時曇,雨,https://www.data.jma.go.jp/stats/etrn/view/daily_s1.php?prec_no=61&block_no=47759&year=2017&month=10&day=&view=p1
2017-10-22,2017,10,22,121.000000,17.700000,18.800000,17.000000,88.000000,73.000000,3.000000,12.500000,25.000000,0.000000,大雨,大雨、大風を伴う,https://www.data.jma.go.jp/stats/etrn/view/daily_s1.php?prec_no=61&block_no=47759&year=2017&month=10&day=&view=p1
2017-10-23,2017,10,23,5.000000,15.200000,18.300000,12.400000,68.000000,48.000000,4.700000,15.400000,30.900000,3.700000,雨後晴,晴後一時曇,https://www.data.jma.go.jp/stats/etrn/view/daily_s1.php?prec_no=61&block_no=47759&year=2017&month=10&day=&view=p1
2017-10-24,2017,10,24,14.500000,13.700000,17.100000,11.400000,76.000000,47.000000,1.400000,3.500000,6.000000,0.400000,曇,雨,https://www.data.jma.go.jp/stats/etrn/view/daily_s1.php?prec_no=61&block_no=47759&year=2017&month=10&day=&view=p1
2017-10-25,2017,10,25,14.500000,15.300000,20.000000,12.400000,75.000000,47.000000,2.200000,6.200000,11.400000,2.700000,曇後晴,晴,https://www.data.jma.go.jp/stats/etrn/view/daily_s1.php?prec_no=61&block_no=47759&year=2017&month=10&day=&view=p1
2017-10-26,2017,10,26,0.000000,15.500000,22.600000,10.400000,73.000000,41.000000,1.300000,2.600000,4.300000,8.500000,晴,快晴,https://www.data.jma.go.jp/stats/etrn/view/daily_s1.php?prec_no=61&block_no=47759&year=2017&month=10&day=&view=p1
2017-10-27,2017,10,27,0.000000,17.300000,23.600000,11.300000,68.000000,42.000000,1.800000,4.100000,6.600000,10.400000,晴,曇後時々雨,https://www.data.jma.go.jp/stats/etrn/view/daily_s1.php?prec_no=61&block_no=47759&year=2017&month=10&day=&view=p1
2017-10-28,2017,10,28,13.500000,17.100000,18.900000,15.800000,77.000000,62.000000,2.200000,4.000000,8.300000,0.000000,雨,雨後時々曇,https://www.data.jma.go.jp/stats/etrn/view/daily_s1.php?prec_no=61&block_no=47759&year=2017&month=10&day=&view=p1
2017-10-29,2017,10,29,46.000000,17.200000,18.900000,15.900000,87.000000,68.000000,1.900000,4.900000,9.300000,0.000000,大雨後一時曇,曇一時晴,https://www.data.jma.go.jp/stats/etrn/view/daily_s1.php?prec_no=61&block_no=47759&year=2017&month=10&day=&view=p1
2017-10-30,2017,10,30,0.000000,13.800000,17.700000,9.400000,57.000000,38.000000,3.400000,7.600000,17.100000,5.600000,晴時々曇,晴時々曇,https://www.data.jma.go.jp/stats/etrn/view/daily_s1.php?prec_no=61&block_no=47759&year=2017&month=10&day=&view=p1
2017-10-31,2017,10,31,0.000000,12.100000,18.600000,7.300000,62.000000,32.000000,1.800000,4.400000,9.600000,9.700000,晴,快晴,https://www.data.jma.go.jp/stats/etrn/view/daily_s1.php?prec_no=61&block_no=47759&year=2017&month=10&day=&view=p1
2017-11-01,2017,11,1,0.000000,12.600000,20.200000,6.800000,63.000000,35.000000,1.300000,2.800000,5.100000,10.200000,快晴,快晴,https://www.data.jma.go.jp/stats/etrn/view/daily_s1.php?prec_no=61&block_no=47759&year=2017&month=11&day=&view=p1
2017-11-02,2017,11,2,0.000000,14.300000,22.000000,8.400000,63.000000,28.000000,1.100000,2.700000,5.200000,10.100000,晴,快晴,https://www.data.jma.go.jp/stats/etrn/view/daily_s1.php?prec_no=61&block_no=47759&year=2017&month=11&day=&view=p1
2017-11-03,2017,11,3,0.000000,16.000000,22.700000,10.100000,68.000000,47.000000,1.500000,4.200000,6.900000,8.800000,晴一時曇,曇一時晴,https://www.data.jma.go.jp/stats/etrn/view/daily_s1.php?prec_no=61&block_no=47759&year=2017&month=11&day=&view=p1
2017-11-04,2017,11,4,0.000000,14.500000,20.000000,11.300000,71.000000,43.000000,2.500000,7.700000,13.800000,3.300000,晴時々曇,晴一時曇,https://www.data.jma.go.jp/stats/etrn/view/daily_s1.php?prec_no=61&block_no=47759&year=2017&month=11&day=&view=p1
2017-11-05,2017,11,5,0.000000,11.800000,17.600000,7.700000,63.000000,37.000000,1.500000,4.000000,5.900000,7.300000,晴一時曇,快晴,https://www.data.jma.go.jp/stats/etrn/view/daily_s1.php?prec_no=61&block_no=47759&year=2017&month=11&day=&view=p1
2017-11-06,2017,11,6,0.000000,13.200000,20.700000,7.000000,67.000000,41.000000,1.300000,4.200000,7.200000,9.900000,快晴,晴,https://www.data.jma.go.jp/stats/etrn/view/daily_s1.php?prec_no=61&block_no=47759&year=2017&month=11&day=&view=p1
2017-11-07,2017,11,7,0.000000,15.900000,22.100000,10.500000,70.000000,39.000000,1.100000,3.600000,6.800000,5.200000,晴後曇,曇後雨,https://www.data.jma.go.jp/stats/etrn/view/daily_s1.php?prec_no=61&block_no=47759&year=2017&month=11&day=&view=p1
2017-11-08,2017,11,8,2.500000,15.700000,16.900000,14.300000,90.000000,74.000000,0.700000,2.100000,3.100000,0.000000,雨時々曇,曇後晴,https://www.data.jma.go.jp/stats/etrn/view/daily_s1.php?prec_no=61&block_no=47759&year=2017&month=11&day=&view=p1
2017-11-09,2017,11,9,0.000000,13.600000,17.300000,9.100000,63.000000,38.000000,2.500000,6.900000,12.100000,3.300000,晴一時曇,晴,https://www.data.jma.go.jp/stats/etrn/view/daily_s1.php?prec_no=61&block_no=47759&year=2017&month=11&day=&view=p1
2017-11-10,2017,11,10,0.000000,12.200000,18.600000,6.200000,65.000000,39.000000,1.300000,3.300000,5.500000,9.900000,快晴,曇時々雨一時晴,https://www.data.jma.go.jp/stats/etrn/view/daily_s1.php?prec_no=61&block_no=47759&year=2017&month=11&day=&view=p1
2017-11-11,2017,11,11,6.000000,13.000000,17.200000,10.100000,68.000000,39.000000,2.600000,7.400000,14.100000,2.600000,晴一時雨,曇時々晴一時雨,https://www.data.jma.go.jp/stats/etrn/view/daily_s1.php?prec_no=61&block_no=47759&year=2017&month=11&day=&view=p1
2017-11-12,2017,11,12,0.000000,10.700000,15.300000,7.700000,66.000000,42.000000,1.500000,4.800000,8.600000,3.600000,曇後時々晴,晴,https://www.data.jma.go.jp/stats/etrn/view/daily_s1.php?prec_no=61&block_no=47759&year=2017&month=11&day=&view=p1
2017-11-13,2017,11,13,0.000000,11.600000,18.800000,5.300000,69.000000,39.000000,1.300000,4.800000,7.600000,9.700000,晴,晴後曇一時雨,https://www.data.jma.go.jp/stats/etrn/view/daily_s1.php?prec_no=61&block_no=47759&year=2017&month=11&day=&view=p1
2017-11-14,2017,11,14,18.000000,12.000000,13.000000,10.400000,89.000000,77.000000,0.900000,2.200000,3.500000,0.000000,雨一時曇,曇後一時晴,https://www.data.jma.go.jp/stats/etrn/view/daily_s1.php?prec_no=61&block_no=47759&year=2017&month=11&day=&view=p1
2017-11-15,2017,11,15,0.000000,11.800000,17.400000,7.700000,68.000000,38.000000,1.500000,4.000000,7.600000,4.100000,晴一時薄曇,晴,https://www.data.jma.go.jp/stats/etrn/view/daily_s1.php?prec_no=61&block_no=47759&year=2017&month=11&day=&view=p1
2017-11-16,2017,11,16,0.000000,8.600000,11.300000,5.500000,61.000000,45.000000,1.800000,4.800000,9.900000,4.000000,晴一時曇,晴一時曇,https://www.data.jma.go.jp/stats/etrn/view/daily_s1.php?prec_no=61&block_no=47759&year=2017&month=11&day=&view=p1
2017-11-17,2017,11,17,0.000000,8.900000,13.900000,4.000000,62.000000,38.000000,1.200000,2.700000,4.500000,8.600000,晴後薄曇,薄曇後雨,https://www.data.jma.go.jp/stats/etrn/view/daily_s1.php?prec_no=61&block_no=47759&year=2017&month=11&day=&view=p1
2017-11-18,2017,11,18,9.500000,9.700000,12.600000,7.100000,82.000000,67.000000,1.400000,5.200000,8.500000,0.400000,雨後曇,曇時々雨後時々晴,https://www.data.jma.go.jp/stats/etrn/view/daily_s1.php?prec_no=61&block_no=47759&year=2017&month=11&day=&view=p1
2017-11-19,2017,11,19,0.000000,7.400000,12.000000,5.100000,67.000000,45.000000,2.700000,7.700000,13.400000,5.400000,晴時々曇,曇時々晴,https://www.data.jma.go.jp/stats/etrn/view/daily_s1.php?prec_no=61&block_no=47759&year=2017&month=11&day=&view=p1
2017-11-20,2017,11,20,0.000000,6.900000,9.900000,4.200000,69.000000,48.000000,1.900000,4.900000,9.000000,0.800000,曇後一時晴,晴一時雨,https://www.data.jma.go.jp/stats/etrn/view/daily_s1.php?prec_no=61&block_no=47759&year=2017&month=11&day=&view=p1
2017-11-21,2017,11,21,0.000000,6.400000,11.300000,3.300000,74.000000,51.000000,1.600000,4.200000,6.900000,5.000000,晴時々曇一時雨,晴,https://www.data.jma.go.jp/stats/etrn/view/daily_s1.php?prec_no=61&block_no=47759&year=2017&month=11&day=&view=p1
2017-11-22,2017,11,22,1.500000,8.300000,13.800000,2.800000,77.000000,55.000000,1.000000,2.500000,3.800000,1.400000,薄曇一時晴後一時雨,雨,https://www.data.jma.go.jp/stats/etrn/view/daily_s1.php?prec_no=61&block_no=47759&year=2017&month=11&day=&view=p1
2017-11-23,2017,11,23,5.500000,9.800000,13.800000,5.700000,70.000000,43.000000,2.700000,8.300000,14.900000,7.100000,晴一時曇,晴一時曇,https://www.data.jma.go.jp/stats/etrn/view/daily_s1.php?prec_no=61&block_no=47759&year=2017&month=11&day=&view=p1
2017-11-24,2017,11,24,0.000000,7.400000,11.900000,3.600000,54.000000,34.000000,2.500000,6.800000,12.400000,7.300000,晴,晴,https://www.data.jma.go.jp/stats/etrn/view/daily_s1.php?prec_no=61&block_no=47759&year=2017&month=11&day=&view=p1
2017-11-25,2017,11,25,0.000000,7.500000,13.300000,3.300000,61.000000,36.000000,1.600000,4.000000,7.300000,7.900000,薄曇時々晴,薄曇一時晴,https://www.data.jma.go.jp/stats/etrn/view/daily_s1.php?prec_no=61&block_no=47759&year=2017&month=11&day=&view=p1
2017-11-26,2017,11,26,0.000000,9.100000,13.700000,3.600000,73.000000,53.000000,1.000000,2.800000,4.700000,2.900000,曇,曇一時雨後晴,https://www.data.jma.go.jp/stats/etrn/view/daily_s1.php?prec_no=61&block_no=47759&year=2017&month=11&day=&view=p1
2017-11-27,2017,11,27,0.000000,10.800000,16.100000,6.900000,71.000000,42.000000,1.300000,3.700000,6.500000,8.700000,晴,晴,https://www.data.jma.go.jp/stats/etrn/view/daily_s1.php?prec_no=61&block_no=47759&year=2017&month=11&day=&view=p1
2017-11-28,2017,11,28,0.000000,11.300000,18.000000,4.900000,69.000000,43.000000,1.100000,2.900000,5.100000,9.300000,快晴,晴後曇一時雨,https://www.data.jma.go.jp/stats/etrn/view/daily_s1.php?prec_no=61&block_no=47759&year=2017&month=11&day=&view=p1
2017-11-29,2017,11,29,0.000000,12.300000,14.100000,10.100000,84.000000,77.000000,0.700000,1.600000,2.500000,0.000000,曇後雨,曇,https://www.data.jma.go.jp/stats/etrn/view/daily_s1.php?prec_no=61&block_no=47759&year=2017&month=11&day=&view=p1
2017-11-30,2017,11,30,0.000000,12.600000,16.800000,10.500000,74.000000,56.000000,1.700000,5.200000,9.100000,1.200000,曇,曇一時晴,https://www.data.jma.go.jp/stats/etrn/view/daily_s1.php?prec_no=61&block_no=47759&year=2017&month=11&day=&view=p1
2017-12-01,2017,12,1,0.000000,8.800000,11.800000,6.100000,65.000000,47.000000,2.700000,5.300000,10.200000,4.300000,曇時々晴一時雨,晴,https://www.data.jma.go.jp/stats/etrn/view/daily_s1.php?prec_no=61&block_no=47759&year=2017&month=12&day=&view=p1
2017-12-02,2017,12,2,0.000000,7.400000,12.800000,3.600000,66.000000,41.000000,1.700000,4.000000,6.400000,8.200000,晴,晴後曇,https://www.data.jma.go.jp/stats/etrn/view/daily_s1.php?prec_no=61&block_no=47759&year=2017&month=12&day=&view=p1
2017-12-03,2017,12,3,0.000000,8.800000,14.900000,4.800000,66.000000,41.000000,1.400000,3.400000,5.900000,9.300000,晴一時曇,晴,https://www.data.jma.go.jp/stats/etrn/view/daily_s1.php?prec_no=61&block_no=47759&year=2017&month=12&day=&view=p1
2017-12-04,2017,12,4,0.500000,7.400000,11.200000,3.700000,75.000000,55.000000,1.000000,2.700000,4.100000,2.400000,晴後雨時々曇,晴時々曇一時雨,https://www.data.jma.go.jp/stats/etrn/view/daily_s1.php?prec_no=61&block_no=47759&year=2017&month=12&day=&view=p1
2017-12-05,2017,12,5,0.000000,6.000000,10.000000,2.700000,61.000000,36.000000,2.700000,6.100000,12.400000,7.400000,晴,快晴,https://www.data.jma.go.jp/stats/etrn/view/daily_s1.php?prec_no=61&block_no=47759&year=2017&month=12&day=&view=p1
2017-12-06,2017,12,6,0.000000,4.900000,10.500000,0.200000,56.000000,36.000000,2.100000,4.700000,8.700000,9.200000,晴,晴,https://www.data.jma.go.jp/stats/etrn/view/daily_s1.php?prec_no=61&block_no=47759&year=2017&month=12&day=&view=p1
2017-12-07,2017,12,7,0.000000,5.800000,11.900000,0.700000,66.000000,39.000000,1.600000,5.600000,9.500000,8.000000,晴後薄曇,晴後曇時々雨,https://www.data.jma.go.jp/stats/etrn/view/daily_s1.php?prec_no=61&block_no=47759&year=2017&month=12&day=&view=p1
2017-12-08,2017,12,8,1.500000,5.500000,9.000000,2.400000,77.000000,58.000000,1.900000,7.900000,13.900000,0.000000,曇時々雨,晴一時雨,https://www.data.jma.go.jp/stats/etrn/view/daily_s1.php?prec_no=61&block_no=47759&year=2017&month=12&day=&view=p1
2017-12-09,2017,12,9,0.000000,4.400000,9.300000,1.300000,75.000000,53.000000,1.200000,4.000000,6.500000,2.000000,曇時々晴,晴時々薄曇,https://www.data.jma.go.jp/stats/etrn/view/daily_s1.php?prec_no=61&block_no=47759&year=2017&month=12&day=&view=p1
2017-12-10,2017,12,10,0.000000,7.000000,12.700000,1.600000,69.000000,38.000000,1.400000,4.500000,7.400000,5.700000,晴後曇,雨時々曇後時々晴,https://www.data.jma.go.jp/stats/etrn/view/daily_s1.php?prec_no=61&block_no=47759&year=2017&month=12&day=&view=p1
2017-12-11,2017,12,11,0.000000,7.400000,12.000000,2.500000,60.000000,30.000000,3.100000,7.800000,16.800000,5.500000,晴時々曇,晴,https://www.data.jma.go.jp/stats/etrn/view/daily_s1.php?prec_no=61&block_no=47759&year=2017&month=12&day=&view=p1
2017-12-12,2017,12,12,0.000000,3.100000,6.200000,0.400000,46.000000,37.000000,3.100000,5.300000,10.400000,5.600000,晴一時曇,晴,https://www.data.jma.go.jp/stats/etrn/view/daily_s1.php?prec_no=61&block_no=47759&year=2017&month=12&day=&view=p1
2017-12-13,2017,12,13,0.000000,3.300000,7.000000,0.800000,60.000000,42.000000,2.600000,4.900000,10.600000,4.000000,晴後曇一時みぞれ,曇時々みぞれ一時雪,https://www.data.jma.go.jp/stats/etrn/view/daily_s1.php?prec_no=61&block_no=47759&year=2017&month=12&day=&view=p1
2017-12-14,2017,12,14,0.500000,3.900000,6.700000,1.500000,77.000000,61.000000,2.000000,5.900000,10.500000,2.400000,曇時々みぞれ一時雪後時々雨,曇一時雨,https://www.data.jma.go.jp/stats/etrn/view/daily_s1.php?prec_no=61&block_no=47759&year=2017&month=12&day=&view=p1
2017-12-15,2017,12,15,0.000000,5.400000,9.800000,2.800000,72.000000,48.000000,1.300000,3.700000,6.400000,5.100000,曇後晴,曇時々晴,https://www.data.jma.go.jp/stats/etrn/view/daily_s1.php?prec_no=61&block_no=47759&year=2017&month=12&day=&view=p1
2017-12-16,2017,12,16,0.000000,6.900000,11.500000,3.800000,65.000000,43.000000,1.900000,6.800000,11.500000,1.900000,曇時々晴,曇一時雨後晴,https://www.data.jma.go.jp/stats/etrn/view/daily_s1.php?prec_no=61&block_no=47759&year=2017&month=12&day=&view=p1
2017-12-17,2017,12,17,0.000000,3.500000,6.900000,1.100000,57.000000,42.000000,2.900000,5.500000,10.300000,4.800000,晴,晴,https://www.data.jma.go.jp/stats/etrn/view/daily_s1.php?prec_no=61&block_no=47759&year=2017&month=12&day=&view=p1
2017-12-18,2017,12,18,0.000000,4.200000,9.300000,-0.800000,56.000000,34.000000,1.700000,4.300000,8.500000,8.800000,晴後一時曇,曇後晴,https://www.data.jma.go.jp/stats/etrn/view/daily_s1.php?prec_no=61&block_no=47759&year=2017&month=12&day=&view=p1
2017-12-19,2017,12,19,0.000000,5.000000,11.300000,1.100000,64.000000,41.000000,2.200000,5.800000,10.300000,4.200000,曇時々晴,晴,https://www.data.jma.go.jp/stats/etrn/view/daily_s1.php?prec_no=61&block_no=47759&year=2017&month=12&day=&view=p1
2017-12-20,2017,12,20,0.000000,4.500000,10.000000,0.500000,66.000000,36.000000,1.500000,4.800000,7.900000,9.200000,晴,快晴,https://www.data.jma.go.jp/stats/etrn/view/daily_s1.php?prec_no=61&block_no=47759&year=2017&month=12&day=&view=p1
2017-12-21,2017,12,21,0.000000,4.600000,10.800000,0.300000,66.000000,33.000000,1.300000,4.300000,7.300000,8.100000,晴,快晴,https://www.data.jma.go.jp/stats/etrn/view/daily_s1.php?prec_no=61&block_no=47759&year=2017&month=12&day=&view=p1
2017-12-22,2017,12,22,0.000000,5.000000,11.500000,0.100000,68.000000,42.000000,1.500000,4.600000,6.700000,9.100000,晴,快晴,https://www.data.jma.go.jp/stats/etrn/view/daily_s1.php?prec_no=61&block_no=47759&year=2017&month=12&day=&view=p1
2017-12-23,2017,12,23,0.000000,5.600000,11.800000,0.800000,73.000000,49.000000,1.300000,4.400000,7.000000,5.900000,晴後薄曇,薄曇,https://www.data.jma.go.jp/stats/etrn/view/daily_s1.php?prec_no=61&block_no=47759&year=2017&month=12&day=&view=p1
2017-12-24,2017,12,24,29.500000,8.100000,13.600000,2.900000,79.000000,48.000000,1.200000,3.800000,7.400000,2.700000,曇後時々雨,雨時々曇,https://www.data.jma.go.jp/stats/etrn/view/daily_s1.php?prec_no=61&block_no=47759&year=2017&month=12&day=&view=p1
2017-12-25,2017,12,25,0.000000,7.900000,10.700000,5.600000,72.000000,62.000000,3.000000,6.300000,11.200000,2.400000,雨時々晴一時曇,曇一時雨後晴,https://www.data.jma.go.jp/stats/etrn/view/daily_s1.php?prec_no=61&block_no=47759&year=2017&month=12&day=&view=p1
2017-12-26,2017,12,26,1.000000,5.000000,7.800000,2.600000,68.000000,46.000000,2.500000,5.000000,10.100000,2.100000,曇時々晴一時雨,雨時々曇一時晴,https://www.data.jma.go.jp/stats/etrn/view/daily_s1.php?prec_no=61&block_no=47759&year=2017&month=12&day=&view=p1
2017-12-27,2017,12,27,0.500000,3.200000,4.300000,2.000000,74.000000,63.000000,3.300000,6.200000,11.800000,0.700000,雪一時雨後時々みぞれ,曇時々みぞれ後時々雪,https://www.data.jma.go.jp/stats/etrn/view/daily_s1.php?prec_no=61&block_no=47759&year=2017&month=12&day=&view=p1
2017-12-28,2017,12,28,0.000000,4.000000,7.300000,1.700000,73.000000,56.000000,2.400000,4.900000,8.700000,3.000000,曇時々みぞれ一時晴後一時雨,曇,https://www.data.jma.go.jp/stats/etrn/view/daily_s1.php?prec_no=61&block_no=47759&year=2017&month=12&day=&view=p1
2017-12-29,2017,12,29,0.000000,4.900000,6.800000,2.600000,77.000000,63.000000,1.400000,2.800000,5.500000,0.200000,曇後時々雨,曇時々雨後一時晴,https://www.data.jma.go.jp/stats/etrn/view/daily_s1.php?prec_no=61&block_no=47759&year=2017&month=12&day=&view=p1
2017-12-30,2017,12,30,0.000000,5.900000,9.600000,2.500000,64.000000,43.000000,2.000000,4.900000,8.500000,1.200000,曇時々晴,曇一時晴,https://www.data.jma.go.jp/stats/etrn/view/daily_s1.php?prec_no=61&block_no=47759&year=2017&month=12&day=&view=p1
2017-12-31,2017,12,31,0.000000,5.600000,9.600000,2.400000,76.000000,53.000000,1.000000,2.200000,3.900000,1.000000,曇後時々雨,晴一時曇,https://www.data.jma.go.jp/stats/etrn/view/daily_s1.php?prec_no=61&block_no=47759&year=2017&month=12&day=&view=p1
2018-10-01,2018,10,1,1.000000,22.000000,25.900000,17.000000,59.000000,34.000000,3.000000,5.800000,12.800000,9.500000,晴,晴,https://www.data.jma.go.jp/stats/etrn/view/daily_s1.php?prec_no=61&block_no=47759&year=2018&month=10&day=&view=p1
2018-10-02,2018,10,2,0.000000,19.700000,25.900000,14.500000,60.000000,38.000000,1.800000,4.400000,7.100000,7.800000,晴後曇,曇後晴,https://www.data.jma.go.jp/stats/etrn/view/daily_s1.php?prec_no=61&block_no=47759&year=2018&month=10&day=&view=p1
2018-10-03,2018,10,3,0.000000,21.000000,27.600000,15.800000,56.000000,35.000000,1.700000,3.900000,6.200000,8.800000,晴一時曇,曇,https://www.data.jma.go.jp/stats/etrn/view/daily_s1.php?prec_no=61&block_no=47759&year=2018&month=10&day=&view=p1
2018-10-04,2018,10,4,0.500000,19.800000,21.600000,17.000000,73.000000,65.000000,1.600000,3.500000,7.000000,0.000000,雨時々曇,曇一時雨,https://www.data.jma.go.jp/stats/etrn/view/daily_s1.php?prec_no=61&block_no=47759&year=2018&month=10&day=&view=p1
2018-10-05,2018,10,5,0.000000,23.600000,26.000000,21.100000,69.000000,59.000000,2.900000,4.800000,9.000000,0.000000,曇,曇時々晴後一時雨,https://www.data.jma.go.jp/stats/etrn/view/daily_s1.php?prec_no=61&block_no=47759&year=2018&month=10&day=&view=p1
2018-10-06,2018,10,6,10.000000,26.500000,29.900000,23.800000,75.000000,59.000000,2.900000,6.900000,12.900000,2.500000,曇時々雨一時晴,晴後曇一時雨,https://www.data.jma.go.jp/stats/etrn/view/daily_s1.php?prec_no=61&block_no=47759&year=2018&month=10&day=&view=p1
2018-10-07,2018,10,7,1.500000,23.900000,27.500000,19.900000,68.000000,52.000000,2.300000,5.000000,8.700000,2.300000,曇時々晴,晴,https://www.data.jma.go.jp/stats/etrn/view/daily_s1.php?prec_no=61&block_no=47759&year=2018&month=10&day=&view=p1
2018-10-08,2018,10,8,0.000000,22.400000,28.300000,18.400000,60.000000,35.000000,1.700000,4.200000,6.800000,10.300000,晴,晴後一時曇,https://www.data.jma.go.jp/stats/etrn/view/daily_s1.php?prec_no=61&block_no=47759&year=2018&month=10&day=&view=p1
2018-10-09,2018,10,9,0.000000,21.600000,28.100000,17.400000,64.000000,42.000000,1.600000,3.500000,5.400000,9.400000,晴,晴後時々曇,https://www.data.jma.go.jp/stats/etrn/view/daily_s1.php?prec_no=61&block_no=47759&year=2018&month=10&day=&view=p1
2018-10-10,2018,10,10,8.000000,20.400000,22.900000,18.500000,82.000000,66.000000,1.300000,2.900000,4.900000,0.500000,曇時々雨,曇時々雨,https://www.data.jma.go.jp/stats/etrn/view/daily_s1.php?prec_no=61&block_no=47759&year=2018&month=10&day=&view=p1
2018-10-11,2018,10,11,0.500000,19.000000,20.200000,17.800000,81.000000,65.000000,1.600000,3.000000,5.000000,0.000000,曇一時雨,曇一時雨,https://www.data.jma.go.jp/stats/etrn/view/daily_s1.php?prec_no=61&block_no=47759&year=2018&month=10&day=&view=p1
2018-10-12,2018,10,12,0.000000,17.500000,21.600000,13.800000,57.000000,37.000000,2.900000,5.800000,10.700000,4.000000,曇,薄曇時々晴,https://www.data.jma.go.jp/stats/etrn/view/daily_s1.php?prec_no=61&block_no=47759&year=2018&month=10&day=&view=p1
2018-10-13,2018,10,13,0.000000,17.300000,21.900000,12.600000,66.000000,48.000000,1.500000,4.200000,6.100000,3.400000,曇一時晴,曇一時晴,https://www.data.jma.go.jp/stats/etrn/view/daily_s1.php?prec_no=61&block_no=47759&year=2018&month=10&day=&view=p1
2018-10-14,2018,10,14,0.000000,18.900000,24.500000,15.500000,66.000000,36.000000,1.400000,3.600000,5.100000,3.100000,曇時々晴,曇,https://www.data.jma.go.jp/stats/etrn/view/daily_s1.php?prec_no=61&block_no=47759&year=2018&month=10&day=&view=p1
2018-10-15,2018,10,15,0.500000,18.800000,23.600000,16.100000,69.000000,51.000000,1.500000,3.700000,6.200000,4.700000,曇時々晴一時雨,晴時々薄曇,https://www.data.jma.go.jp/stats/etrn/view/daily_s1.php?prec_no=61&block_no=47759&year=2018&month=10&day=&view=p1
2018-10-16,2018,10,16,0.000000,18.500000,22.800000,14.900000,68.000000,46.000000,1.400000,3.700000,5.400000,2.400000,曇,曇一時雨,https://www.data.jma.go.jp/stats/etrn/view/daily_s1.php?prec_no=61&block_no=47759&year=2018&month=10&day=&view=p1
2018-10-17,2018,10,17,0.000000,18.600000,22.800000,15.700000,63.000000,39.000000,2.200000,5.300000,8.700000,7.900000,晴時々曇,晴一時曇,https://www.data.jma.go.jp/stats/etrn/view/daily_s1.php?prec_no=61&block_no=47759&year=2018&month=10&day=&view=p1
2018-10-18,2018,10,18,0.000000,18.100000,24.000000,13.400000,64.000000,35.000000,1.200000,3.000000,4.900000,9.500000,晴一時薄曇,晴一時曇,https://www.data.jma.go.jp/stats/etrn/view/daily_s1.php?prec_no=61&block_no=47759&year=2018&month=10&day=&view=p1
2018-10-19,2018,10,19,0.000000,18.100000,24.100000,13.600000,64.000000,36.000000,1.700000,4.600000,8.300000,8.100000,晴,晴後一時雨,https://www.data.jma.go.jp/stats/etrn/view/daily_s1.php?prec_no=61&block_no=47759&year=2018&month=10&day=&view=p1
2018-10-20,2018,10,20,1.500000,16.100000,21.200000,12.000000,65.000000,39.000000,2.300000,7.800000,12.900000,4.800000,曇時々雨後晴,快晴,https://www.data.jma.go.jp/stats/etrn/view/daily_s1.php?prec_no=61&block_no=47759&year=2018&month=10&day=&view=p1
2018-10-21,2018,10,21,0.000000,15.600000,23.100000,10.000000,63.000000,35.000000,1.600000,4.900000,7.700000,10.500000,快晴,快晴,https://www.data.jma.go.jp/stats/etrn/view/daily_s1.php?prec_no=61&block_no=47759&year=2018&month=10&day=&view=p1
2018-10-22,2018,10,22,0.000000,17.300000,24.000000,11.100000,62.000000,19.000000,1.300000,3.000000,5.100000,8.700000,晴後薄曇,曇後一時晴,https://www.data.jma.go.jp/stats/etrn/view/daily_s1.php?prec_no=61&block_no=47759&year=2018&month=10&day=&view=p1
2018-10-23,2018,10,23,4.000000,17.700000,20.200000,15.000000,69.000000,49.000000,1.600000,3.900000,5.600000,0.200000,曇時々雨,雨後時々曇,https://www.data.jma.go.jp/stats/etrn/view/daily_s1.php?prec_no=61&block_no=47759&year=2018&month=10&day=&view=p1
2018-10-24,2018,10,24,1.000000,18.100000,22.900000,13.500000,71.000000,41.000000,1.900000,5.400000,8.800000,5.800000,晴時々曇一時雨,晴,https://www.data.jma.go.jp/stats/etrn/view/daily_s1.php?prec_no=61&block_no=47759&year=2018&month=10&day=&view=p1
2018-10-25,2018,10,25,0.000000,15.900000,22.300000,11.100000,65.000000,39.000000,1.900000,5.300000,14.000000,9.400000,晴,快晴,https://www.data.jma.go.jp/stats/etrn/view/daily_s1.php?prec_no=61&block_no=47759&year=2018&month=10&day=&view=p1
2018-10-26,2018,10,26,3.000000,17.800000,25.300000,10.600000,68.000000,41.000000,1.500000,4.900000,8.000000,8.100000,晴一時曇,雨,https://www.data.jma.go.jp/stats/etrn/view/daily_s1.php?prec_no=61&block_no=47759&year=2018&month=10&day=&view=p1
2018-10-27,2018,10,27,4.000000,17.500000,22.800000,12.400000,69.000000,33.000000,1.900000,5.400000,8.700000,1.900000,曇一時雨後晴,晴,https://www.data.jma.go.jp/stats/etrn/view/daily_s1.php?prec_no=61&block_no=47759&year=2018&month=10&day=&view=p1
2018-10-28,2018,10,28,0.000000,15.000000,21.300000,10.200000,57.000000,30.000000,1.800000,4.600000,8.800000,10.400000,快晴,晴,https://www.data.jma.go.jp/stats/etrn/view/daily_s1.php?prec_no=61&block_no=47759&year=2018&month=10&day=&view=p1
2018-10-29,2018,10,29,0.000000,15.200000,21.700000,10.900000,62.000000,30.000000,1.800000,5.400000,10.900000,7.000000,晴一時曇,晴時々曇,https://www.data.jma.go.jp/stats/etrn/view/daily_s1.php?prec_no=61&block_no=47759&year=2018&month=10&day=&view=p1
2018-10-30,2018,10,30,0.000000,15.300000,20.700000,11.900000,58.000000,32.000000,2.100000,4.700000,7.700000,6.900000,晴,晴後曇,https://www.data.jma.go.jp/stats/etrn/view/daily_s1.php?prec_no=61&block_no=47759&year=2018&month=10&day=&view=p1
2018-10-31,2018,10,31,0.000000,13.200000,18.000000,10.700000,63.000000,37.000000,1.800000,5.300000,8.900000,2.800000,曇,曇後晴,https://www.data.jma.go.jp/stats/etrn/view/daily_s1.php?prec_no=61&block_no=47759&year=2018&month=10&day=&view=p1
2018-11-01,2018,11,1,0.000000,12.500000,17.300000,9.200000,67.000000,42.000000,1.600000,4.900000,8.900000,2.500000,晴後曇,晴後曇一時雨,https://www.data.jma.go.jp/stats/etrn/view/daily_s1.php?prec_no=61&block_no=47759&year=2018&month=11&day=&view=p1
2018-11-02,2018,11,2,0.000000,12.900000,17.600000,9.100000,69.000000,46.000000,1.300000,4.200000,6.700000,2.100000,曇後一時晴,晴一時曇,https://www.data.jma.go.jp/stats/etrn/view/daily_s1.php?prec_no=61&block_no=47759&year=2018&month=11&day=&view=p1
2018-11-03,2018,11,3,0.000000,14.200000,20.600000,9.900000,63.000000,35.000000,1.200000,2.900000,6.000000,9.300000,晴,晴後曇,https://www.data.jma.go.jp/stats/etrn/view/daily_s1.php?prec_no=61&block_no=47759&year=2018&month=11&day=&view=p1
2018-11-04,2018,11,4,0.000000,15.300000,18.900000,11.600000,74.000000,66.000000,1.100000,3.200000,4.700000,1.600000,曇一時雨後一時晴,曇後晴,https://www.data.jma.go.jp/stats/etrn/view/daily_s1.php?prec_no=61&block_no=47759&year=2018&month=11&day=&view=p1
2018-11-05,2018,11,5,0.000000,17.000000,23.100000,11.800000,74.000000,53.000000,1.300000,3.800000,6.400000,5.600000,晴時々曇,曇一時晴後雨,https://www.data.jma.go.jp/stats/etrn/view/daily_s1.php?prec_no=61&block_no=47759&year=2018&month=11&day=&view=p1
2018-11-06,2018,11,6,10.500000,18.000000,23.400000,15.400000,72.000000,44.000000,2.100000,6.200000,10.400000,6.100000,曇後晴,晴後曇,https://www.data.jma.go.jp/stats/etrn/view/daily_s1.php?prec_no=61&block_no=47759&year=2018&month=11&day=&view=p1
2018-11-07,2018,11,7,0.000000,17.100000,22.600000,13.000000,68.000000,42.000000,1.800000,6.600000,10.200000,8.200000,晴後薄曇,晴一時薄曇,https://www.data.jma.go.jp/stats/etrn/view/daily_s1.php?prec_no=61&block_no=47759&year=2018&month=11&day=&view=p1
2018-11-08,2018,11,8,0.000000,18.000000,23.900000,12.300000,67.000000,46.000000,1.400000,3.100000,6.200000,8.200000,晴後時々薄曇,曇,https://www.data.jma.go.jp/stats/etrn/view/daily_s1.php?prec_no=61&block_no=47759&year=2018&month=11&day=&view=p1
2018-11-09,2018,11,9,10.000000,19.200000,21.900000,17.100000,81.000000,68.000000,1.500000,3.000000,4.800000,0.000000,曇時々雨,曇時々雨,https://www.data.jma.go.jp/stats/etrn/view/daily_s1.php?prec_no=61&block_no=47759&year=2018&month=11&day=&view=p1
2018-11-10,2018,11,10,0.000000,16.800000,21.100000,11.500000,58.000000,24.000000,2.600000,6.100000,10.400000,6.800000,晴一時曇,晴,https://www.data.jma.go.jp/stats/etrn/view/daily_s1.php?prec_no=61&block_no=47759&year=2018&month=11&day=&view=p1
2018-11-11,2018,11,11,0.000000,14.400000,21.200000,9.700000,66.000000,31.000000,1.300000,3.400000,4.600000,9.600000,晴後一時薄曇,晴後曇,https://www.data.jma.go.jp/stats/etrn/view/daily_s1.php?prec_no=61&block_no=47759&year=2018&month=11&day=&view=p1
2018-11-12,2018,11,12,0.000000,15.200000,18.800000,11.800000,68.000000,52.000000,1.200000,3.300000,5.100000,2.000000,曇,曇,https://www.data.jma.go.jp/stats/etrn/view/daily_s1.php?prec_no=61&block_no=47759&year=2018&month=11&day=&view=p1
2018-11-13,2018,11,13,0.000000,15.200000,19.000000,12.200000,63.000000,44.000000,2.100000,5.000000,8.600000,1.800000,曇,晴一時曇,https://www.data.jma.go.jp/stats/etrn/view/daily_s1.php?prec_no=61&block_no=47759&year=2018&month=11&day=&view=p1
2018-11-14,2018,11,14,0.000000,12.400000,15.400000,9.700000,69.000000,58.000000,2.400000,5.500000,8.900000,1.500000,曇時々晴,晴,https://www.data.jma.go.jp/stats/etrn/view/daily_s1.php?prec_no=61&block_no=47759&year=2018&month=11&day=&view=p1
2018-11-15,2018,11,15,0.000000,12.000000,17.600000,7.500000,71.000000,42.000000,1.800000,5.500000,9.500000,7.000000,晴一時曇,晴,https://www.data.jma.go.jp/stats/etrn/view/daily_s1.php?prec_no=61&block_no=47759&year=2018&month=11&day=&view=p1
2018-11-16,2018,11,16,0.000000,12.900000,18.100000,7.400000,68.000000,43.000000,1.300000,3.500000,6.200000,5.300000,曇一時晴,曇,https://www.data.jma.go.jp/stats/etrn/view/daily_s1.php?prec_no=61&block_no=47759&year=2018&month=11&day=&view=p1
2018-11-17,2018,11,17,0.000000,14.200000,18.900000,10.400000,63.000000,44.000000,1.700000,5.200000,8.900000,5.100000,曇後晴,晴,https://www.data.jma.go.jp/stats/etrn/view/daily_s1.php?prec_no=61&block_no=47759&year=2018&month=11&day=&view=p1
2018-11-18,2018,11,18,0.000000,13.600000,19.000000,8.500000,64.000000,34.000000,1.100000,2.200000,4.500000,7.300000,晴後曇,曇時々雨,https://www.data.jma.go.jp/stats/etrn/view/daily_s1.php?prec_no=61&block_no=47759&year=2018&month=11&day=&view=p1
2018-11-19,2018,11,19,0.000000,13.000000,15.000000,9.700000,71.000000,57.000000,1.800000,5.000000,7.400000,0.100000,曇一時雨,晴時々曇,https://www.data.jma.go.jp/stats/etrn/view/daily_s1.php?prec_no=61&block_no=47759&year=2018&month=11&day=&view=p1
2018-11-20,2018,11,20,0.000000,11.100000,15.300000,7.900000,67.000000,47.000000,1.900000,5.200000,8.500000,6.500000,晴後時々曇,晴,https://www.data.jma.go.jp/stats/etrn/view/daily_s1.php?prec_no=61&block_no=47759&year=2018&month=11&day=&view=p1
2018-11-21,2018,11,21,0.000000,10.900000,16.100000,6.000000,70.000000,46.000000,1.000000,2.400000,4.000000,6.900000,晴時々薄曇,曇後一時雨,https://www.data.jma.go.jp/stats/etrn/view/daily_s1.php?prec_no=61&block_no=47759&year=2018&month=11&day=&view=p1
2018-11-22,2018,11,22,0.000000,11.200000,14.900000,8.300000,69.000000,57.000000,2.200000,5.900000,9.300000,1.400000,曇時々雨,晴,https://www.data.jma.go.jp/stats/etrn/view/daily_s1.php?prec_no=61&block_no=47759&year=2018&month=11&day=&view=p1
2018-11-23,2018,11,23,0.000000,8.500000,11.900000,5.800000,64.000000,47.000000,2.300000,5.900000,10.600000,5.300000,晴一時薄曇,晴,https://www.data.jma.go.jp/stats/etrn/view/daily_s1.php?prec_no=61&block_no=47759&year=2018&month=11&day=&view=p1
2018-11-24,2018,11,24,0.000000,7.800000,13.200000,3.800000,73.000000,50.000000,1.200000,2.500000,4.000000,3.800000,晴時々曇,晴時々曇,https://www.data.jma.go.jp/stats/etrn/view/daily_s1.php?prec_no=61&block_no=47759&year=2018&month=11&day=&view=p1
2018-11-25,2018,11,25,0.000000,10.200000,16.300000,4.900000,71.000000,44.000000,1.100000,2.900000,5.100000,5.500000,曇一時晴,薄曇後晴,https://www.data.jma.go.jp/stats/etrn/view/daily_s1.php?prec_no=61&block_no=47759&year=2018&month=11&day=&view=p1
2018-11-26,2018,11,26,0.000000,11.500000,16.300000,7.100000,76.000000,56.000000,1.100000,2.500000,3.700000,3.500000,薄曇,曇後一時晴,https://www.data.jma.go.jp/stats/etrn/view/daily_s1.php?prec_no=61&block_no=47759&year=2018&month=11&day=&view=p1
2018-11-27,2018,11,27,0.000000,13.500000,19.100000,8.600000,70.000000,47.000000,1.500000,4.900000,7.700000,7.600000,晴,晴一時曇,https://www.data.jma.go.jp/stats/etrn/view/daily_s1.php?prec_no=61&block_no=47759&year=2018&month=11&day=&view=p1
2018-11-28,2018,11,28,2.000000,14.000000,18.700000,10.300000,75.000000,54.000000,1.400000,4.200000,7.100000,4.000000,晴後曇時々雨,雨一時曇後晴,https://www.data.jma.go.jp/stats/etrn/view/daily_s1.php?prec_no=61&block_no=47759&year=2018&month=11&day=&view=p1
2018-11-29,2018,11,29,0.000000,11.800000,16.700000,8.100000,71.000000,40.000000,1.700000,4.300000,7.400000,5.200000,晴,晴,https://www.data.jma.go.jp/stats/etrn/view/daily_s1.php?prec_no=61&block_no=47759&year=2018&month=11&day=&view=p1
2018-11-30,2018,11,30,0.000000,10.300000,16.100000,6.100000,70.000000,46.000000,1.300000,2.800000,5.200000,4.100000,晴一時曇,晴,https://www.data.jma.go.jp/stats/etrn/view/daily_s1.php?prec_no=61&block_no=47759&year=2018&month=11&day=&view=p1
2018-12-01,2018,12,1,0.000000,11.500000,17.100000,7.400000,67.000000,41.000000,1.900000,6.600000,11.900000,4.100000,薄曇一時晴,曇後晴,https://www.data.jma.go.jp/stats/etrn/view/daily_s1.php?prec_no=61&block_no=47759&year=2018&month=12&day=&view=p1
2018-12-02,2018,12,2,0.000000,11.700000,17.200000,6.700000,63.000000,40.000000,1.200000,2.700000,4.000000,8.400000,晴時々薄曇,曇後雨,https://www.data.jma.go.jp/stats/etrn/view/daily_s1.php?prec_no=61&block_no=47759&year=2018&month=12&day=&view=p1
2018-12-03,2018,12,3,2.500000,14.800000,17.200000,12.200000,84.000000,71.000000,1.300000,2.800000,4.900000,0.100000,曇時々雨,曇一時雨,https://www.data.jma.go.jp/stats/etrn/view/daily_s1.php?prec_no=61&block_no=47759&year=2018&month=12&day=&view=p1
2018-12-04,2018,12,4,5.500000,18.200000,22.700000,14.900000,83.000000,62.000000,1.500000,6.300000,10.000000,2.200000,曇時々晴後時々雨,曇一時雨、雷を伴う,https://www.data.jma.go.jp/stats/etrn/view/daily_s1.php?prec_no=61&block_no=47759&year=2018&month=12&day=&view=p1
2018-12-05,2018,12,5,0.000000,14.700000,18.900000,10.300000,66.000000,51.000000,2.700000,5.800000,10.400000,3.700000,曇後晴,晴後曇,https://www.data.jma.go.jp/stats/etrn/view/daily_s1.php?prec_no=61&block_no=47759&year=2018&month=12&day=&view=p1
2018-12-06,2018,12,6,6.500000,12.200000,14.400000,10.100000,81.000000,63.000000,1.200000,3.300000,5.700000,0.000000,雨時々曇,曇一時雨,https://www.data.jma.go.jp/stats/etrn/view/daily_s1.php?prec_no=61&block_no=47759&year=2018&month=12&day=&view=p1
2018-12-07,2018,12,7,0.000000,11.100000,15.400000,7.000000,69.000000,47.000000,2.500000,5.900000,11.900000,0.100000,曇,曇後一時晴,https://www.data.jma.go.jp/stats/etrn/view/daily_s1.php?prec_no=61&block_no=47759&year=2018&month=12&day=&view=p1
2018-12-08,2018,12,8,0.000000,7.000000,10.600000,3.600000,52.000000,36.000000,3.100000,5.500000,9.200000,6.600000,晴,晴後曇一時雪,https://www.data.jma.go.jp/stats/etrn/view/daily_s1.php?prec_no=61&block_no=47759&year=2018&month=12&day=&view=p1
2018-12-09,2018,12,9,0.000000,4.800000,7.900000,2.700000,64.000000,51.000000,2.800000,5.600000,9.700000,4.000000,曇後一時晴,曇一時晴,https://www.data.jma.go.jp/stats/etrn/view/daily_s1.php?prec_no=61&block_no=47759&year=2018&month=12&day=&view=p1
2018-12-10,2018,12,10,0.000000,5.100000,8.600000,3.000000,73.000000,55.000000,1.300000,3.300000,4.700000,0.900000,曇一時雨後一時晴,晴,https://www.data.jma.go.jp/stats/etrn/view/daily_s1.php?prec_no=61&block_no=47759&year=2018&month=12&day=&view=p1
2018-12-11,2018,12,11,3.500000,6.800000,11.600000,1.300000,74.000000,41.000000,1.300000,4.000000,6.300000,2.300000,曇一時晴,雨,https://www.data.jma.go.jp/stats/etrn/view/daily_s1.php?prec_no=61&block_no=47759&year=2018&month=12&day=&view=p1
2018-12-12,2018,12,12,10.500000,8.900000,12.700000,5.400000,80.000000,55.000000,2.600000,6.700000,12.100000,3.700000,晴時々曇一時雨,晴時々曇一時雨,https://www.data.jma.go.jp/stats/etrn/view/daily_s1.php?prec_no=61&block_no=47759&year=2018&month=12&day=&view=p1
2018-12-13,2018,12,13,0.000000,6.800000,10.100000,4.000000,74.000000,53.000000,1.500000,4.700000,8.100000,3.800000,晴後一時曇,晴後一時雨,https://www.data.jma.go.jp/stats/etrn/view/daily_s1.php?prec_no=61&block_no=47759&year=2018&month=12&day=&view=p1
2018-12-14,2018,12,14,0.000000,5.600000,8.600000,3.800000,71.000000,47.000000,2.500000,6.400000,12.800000,5.600000,晴時々雨,雨,https://www.data.jma.go.jp/stats/etrn/view/daily_s1.php?prec_no=61&block_no=47759&year=2018&month=12&day=&view=p1
2018-12-15,2018,12,15,0.500000,5.100000,8.200000,2.700000,75.000000,52.000000,1.800000,4.800000,9.000000,1.800000,曇時々雨一時晴,曇後晴,https://www.data.jma.go.jp/stats/etrn/view/daily_s1.php?prec_no=61&block_no=47759&year=2018&month=12&day=&view=p1
2018-12-16,2018,12,16,12.000000,5.400000,9.600000,0.600000,79.000000,50.000000,1.000000,3.000000,4.900000,2.700000,曇一時晴後時々雨,雨後一時曇,https://www.data.jma.go.jp/stats/etrn/view/daily_s1.php?prec_no=61&block_no=47759&year=2018&month=12&day=&view=p1
2018-12-17,2018,12,17,7.500000,8.800000,13.400000,6.300000,80.000000,51.000000,1.700000,4.900000,8.300000,3.700000,晴時々曇後一時雨,曇時々晴,https://www.data.jma.go.jp/stats/etrn/view/daily_s1.php?prec_no=61&block_no=47759&year=2018&month=12&day=&view=p1
2018-12-18,2018,12,18,0.000000,7.400000,11.700000,4.900000,64.000000,40.000000,2.000000,5.100000,10.400000,5.800000,晴時々曇,晴,https://www.data.jma.go.jp/stats/etrn/view/daily_s1.php?prec_no=61&block_no=47759&year=2018&month=12&day=&view=p1
2018-12-19,2018,12,19,0.000000,7.500000,12.600000,2.400000,66.000000,45.000000,2.200000,6.700000,13.500000,7.500000,晴,晴一時薄曇,https://www.data.jma.go.jp/stats/etrn/view/daily_s1.php?prec_no=61&block_no=47759&year=2018&month=12&day=&view=p1
2018-12-20,2018,12,20,1.500000,8.400000,10.900000,5.800000,86.000000,67.000000,0.800000,2.100000,3.000000,0.200000,曇一時雨,曇後晴,https://www.data.jma.go.jp/stats/etrn/view/daily_s1.php?prec_no=61&block_no=47759&year=2018&month=12&day=&view=p1
2018-12-21,2018,12,21,8.500000,9.400000,14.600000,4.200000,78.000000,38.000000,1.200000,3.200000,6.200000,8.400000,晴後一時雨,雨,https://www.data.jma.go.jp/stats/etrn/view/daily_s1.php?prec_no=61&block_no=47759&year=2018&month=12&day=&view=p1
2018-12-22,2018,12,22,1.500000,11.200000,14.500000,8.800000,87.000000,72.000000,1.300000,3.500000,5.500000,0.100000,雨時々曇一時晴,晴時々曇,https://www.data.jma.go.jp/stats/etrn/view/daily_s1.php?prec_no=61&block_no=47759&year=2018&month=12&day=&view=p1
2018-12-23,2018,12,23,0.500000,11.000000,14.800000,7.000000,79.000000,57.000000,1.000000,3.200000,5.700000,1.100000,曇一時雨,曇時々晴一時雨,https://www.data.jma.go.jp/stats/etrn/view/daily_s1.php?prec_no=61&block_no=47759&year=2018&month=12&day=&view=p1
2018-12-24,2018,12,24,0.000000,7.600000,11.300000,3.400000,64.000000,39.000000,2.700000,5.400000,11.400000,7.800000,晴,晴,https://www.data.jma.go.jp/stats/etrn/view/daily_s1.php?prec_no=61&block_no=47759&year=2018&month=12&day=&view=p1
2018-12-25,2018,12,25,0.000000,5.600000,11.200000,1.000000,71.000000,45.000000,1.300000,2.900000,5.100000,9.100000,晴一時薄曇,曇一時晴後一時雨,https://www.data.jma.go.jp/stats/etrn/view/daily_s1.php?prec_no=61&block_no=47759&year=2018&month=12&day=&view=p1
2018-12-26,2018,12,26,0.000000,7.400000,10.500000,4.200000,75.000000,61.000000,1.300000,3.800000,5.400000,0.300000,曇時々雨,曇,https://www.data.jma.go.jp/stats/etrn/view/daily_s1.php?prec_no=61&block_no=47759&year=2018&month=12&day=&view=p1
2018-12-27,2018,12,27,0.000000,7.600000,10.800000,4.400000,60.000000,45.000000,3.200000,6.500000,12.900000,4.600000,晴時々曇,晴時々みぞれ一時雨,https://www.data.jma.go.jp/stats/etrn/view/daily_s1.php?prec_no=61&block_no=47759&year=2018&month=12&day=&view=p1
2018-12-28,2018,12,28,0.000000,2.700000,5.900000,0.400000,71.000000,47.000000,2.800000,5.700000,11.100000,4.300000,晴時々曇一時雪,曇時々雪後晴,https://www.data.jma.go.jp/stats/etrn/view/daily_s1.php?prec_no=61&block_no=47759&year=2018&month=12&day=&view=p1
2018-12-29,2018,12,29,0.000000,2.600000,6.700000,0.000000,75.000000,53.000000,2.700000,5.800000,11.600000,5.100000,晴時々みぞれ一時雨,晴時々みぞれ,https://www.data.jma.go.jp/stats/etrn/view/daily_s1.php?prec_no=61&block_no=47759&year=2018&month=12&day=&view=p1
2018-12-30,2018,12,30,0.000000,3.400000,7.300000,1.000000,75.000000,53.000000,2.300000,6.000000,11.100000,6.000000,晴時々雨一時みぞれ,曇時々雨一時みぞれ,https://www.data.jma.go.jp/stats/etrn/view/daily_s1.php?prec_no=61&block_no=47759&year=2018&month=12&day=&view=p1
2018-12-31,2018,12,31,0.000000,3.800000,7.000000,1.900000,80.000000,61.000000,1.400000,3.400000,5.800000,0.500000,曇時々雨,晴時々曇,https://www.data.jma.go.jp/stats/etrn/view/daily_s1.php?prec_no=61&block_no=47759&year=2018&month=12&day=&view=p1
2019-10-01,2019,10,1,9.000000,26.600000,33.600000,22.700000,70.000000,37.000000,1.800000,5.900000,10.700000,9.100000,晴後曇、雷を伴う,曇一時雨、雷を伴う,https://www.data.jma.go.jp/stats/etrn/view/daily_s1.php?prec_no=61&block_no=47759&year=2019&month=10&day=&view=p1
2019-10-02,2019,10,2,0.000000,25.700000,29.300000,23.200000,70.000000,53.000000,2.100000,4.600000,6.800000,0.700000,曇一時雨,曇後一時晴,https://www.data.jma.go.jp/stats/etrn/view/daily_s1.php?prec_no=61&block_no=47759&year=2019&month=10&day=&view=p1
2019-10-03,2019,10,3,7.500000,25.100000,30.000000,22.600000,67.000000,44.000000,2.800000,6.300000,11.900000,2.000000,曇後雨,曇時々雨、雷を伴う,https://www.data.jma.go.jp/stats/etrn/view/daily_s1.php?prec_no=61&block_no=47759&year=2019&month=10&day=&view=p1
2019-10-04,2019,10,4,18.000000,23.800000,28.300000,20.500000,71.000000,46.000000,2.800000,6.500000,11.700000,5.200000,晴後一時曇,曇,https://www.data.jma.go.jp/stats/etrn/view/daily_s1.php?prec_no=61&block_no=47759&year=2019&month=10&day=&view=p1
2019-10-05,2019,10,5,0.000000,22.400000,27.000000,19.900000,65.000000,45.000000,2.100000,5.200000,8.200000,5.400000,曇後晴,晴後時々曇,https://www.data.jma.go.jp/stats/etrn/view/daily_s1.php?prec_no=61&block_no=47759&year=2019&month=10&day=&view=p1
2019-10-06,2019,10,6,0.000000,21.400000,25.800000,17.600000,63.000000,41.000000,2.700000,6.400000,11.100000,5.700000,曇時々晴,晴,https://www.data.jma.go.jp/stats/etrn/view/daily_s1.php?prec_no=61&block_no=47759&year=2019&month=10&day=&view=p1
2019-10-07,2019,10,7,0.000000,21.400000,27.100000,15.800000,68.000000,50.000000,2.200000,4.500000,7.400000,9.700000,晴後一時曇,曇一時雨,https://www.data.jma.go.jp/stats/etrn/view/daily_s1.php?prec_no=61&block_no=47759&year=2019&month=10&day=&view=p1
2019-10-08,2019,10,8,2.000000,21.100000,22.900000,18.000000,77.000000,64.000000,1.600000,3.800000,7.000000,0.000000,曇時々雨,晴一時曇,https://www.data.jma.go.jp/stats/etrn/view/daily_s1.php?prec_no=61&block_no=47759&year=2019&month=10&day=&view=p1
2019-10-09,2019,10,9,0.000000,18.900000,24.100000,14.800000,52.000000,25.000000,2.500000,5.700000,9.300000,10.900000,快晴,晴,https://www.data.jma.go.jp/stats/etrn/view/daily_s1.php?prec_no=61&block_no=47759&year=2019&month=10&day=&view=p1
2019-10-10,2019,10,10,0.000000,21.400000,27.000000,14.600000,63.000000,44.000000,1.600000,4.800000,8.200000,5.900000,晴後曇,曇一時雨,https://www.data.jma.go.jp/stats/etrn/view/daily_s1.php?prec_no=61&block_no=47759&year=2019&month=10&day=&view=p1
2019-10-11,2019,10,11,3.000000,24.400000,28.700000,20.100000,73.000000,56.000000,1.800000,4.500000,8.200000,0.000000,曇,雨一時曇,https://www.data.jma.go.jp/stats/etrn/view/daily_s1.php?prec_no=61&block_no=47759&year=2019&month=10&day=&view=p1
2019-10-12,2019,10,12,65.500000,22.000000,23.900000,19.000000,84.000000,72.000000,3.700000,9.300000,19.600000,0.000000,大雨,雨,https://www.data.jma.go.jp/stats/etrn/view/daily_s1.php?prec_no=61&block_no=47759&year=2019&month=10&day=&view=p1
2019-10-13,2019,10,13,0.000000,18.700000,20.900000,16.600000,74.000000,58.000000,2.800000,6.100000,11.200000,1.700000,曇後晴,晴後曇一時雨,https://www.data.jma.go.jp/stats/etrn/view/daily_s1.php?prec_no=61&block_no=47759&year=2019&month=10&day=&view=p1
2019-10-14,2019,10,14,2.500000,18.500000,20.200000,16.300000,81.000000,68.000000,1.300000,3.300000,6.900000,0.100000,曇時々雨,晴時々曇,https://www.data.jma.go.jp/stats/etrn/view/daily_s1.php?prec_no=61&block_no=47759&year=2019&month=10&day=&view=p1
2019-10-15,2019,10,15,0.000000,17.200000,21.800000,13.300000,69.000000,44.000000,2.600000,6.500000,12.400000,5.500000,晴後一時薄曇,晴,https://www.data.jma.go.jp/stats/etrn/view/daily_s1.php?prec_no=61&block_no=47759&year=2019&month=10&day=&view=p1
2019-10-16,2019,10,16,0.000000,15.800000,22.700000,11.100000,66.000000,38.000000,1.600000,4.400000,6.800000,10.300000,快晴,晴,https://www.data.jma.go.jp/stats/etrn/view/daily_s1.php?prec_no=61&block_no=47759&year=2019&month=10&day=&view=p1
2019-10-17,2019,10,17,0.000000,17.600000,22.800000,12.200000,72.000000,55.000000,1.400000,3.400000,5.900000,1.500000,曇,曇,https://www.data.jma.go.jp/stats/etrn/view/daily_s1.php?prec_no=61&block_no=47759&year=2019&month=10&day=&view=p1
2019-10-18,2019,10,18,14.000000,19.400000,21.700000,17.800000,83.000000,71.000000,2.200000,5.200000,9.500000,0.000000,雨時々曇,雨,https://www.data.jma.go.jp/stats/etrn/view/daily_s1.php?prec_no=61&block_no=47759&year=2019&month=10&day=&view=p1
2019-10-19,2019,10,19,12.000000,20.600000,23.200000,18.300000,90.000000,77.000000,1.600000,3.600000,6.100000,0.100000,雨時々曇,曇一時雨,https://www.data.jma.go.jp/stats/etrn/view/daily_s1.php?prec_no=61&block_no=47759&year=2019&month=10&day=&view=p1
2019-10-20,2019,10,20,0.000000,20.000000,24.700000,16.800000,67.000000,46.000000,2.600000,6.300000,9.700000,4.600000,曇,曇,https://www.data.jma.go.jp/stats/etrn/view/daily_s1.php?prec_no=61&block_no=47759&year=2019&month=10&day=&view=p1
2019-10-21,2019,10,21,11.500000,18.700000,22.100000,15.800000,77.000000,60.000000,1.700000,4.500000,8.500000,0.000000,曇後時々雨,雨,https://www.data.jma.go.jp/stats/etrn/view/daily_s1.php?prec_no=61&block_no=47759&year=2019&month=10&day=&view=p1
2019-10-22,2019,10,22,8.500000,19.800000,24.800000,16.500000,76.000000,52.000000,1.900000,5.300000,10.400000,3.500000,曇時々晴,曇後晴,https://www.data.jma.go.jp/stats/etrn/view/daily_s1.php?prec_no=61&block_no=47759&year=2019&month=10&day=&view=p1
2019-10-23,2019,10,23,0.000000,19.400000,25.100000,14.800000,71.000000,47.000000,1.600000,4.200000,6.800000,6.400000,晴後曇,曇後一時雨,https://www.data.jma.go.jp/stats/etrn/view/daily_s1.php?prec_no=61&block_no=47759&year=2019&month=10&day=&view=p1
2019-10-24,2019,10,24,23.000000,18.700000,21.000000,17.000000,83.000000,72.000000,2.300000,4.100000,7.900000,0.000000,雨一時曇,雨,https://www.data.jma.go.jp/stats/etrn/view/daily_s1.php?prec_no=61&block_no=47759&year=2019&month=10&day=&view=p1
2019-10-25,2019,10,25,29.500000,17.700000,19.700000,16.100000,89.000000,75.000000,1.800000,5.400000,8.900000,0.000000,雨後時々曇,晴後曇,https://www.data.jma.go.jp/stats/etrn/view/daily_s1.php?prec_no=61&block_no=47759&year=2019&month=10&day=&view=p1
2019-10-26,2019,10,26,0.500000,18.600000,22.700000,15.700000,82.000000,54.000000,1.300000,3.400000,6.000000,2.200000,曇後晴,曇時々雨,https://www.data.jma.go.jp/stats/etrn/view/daily_s1.php?prec_no=61&block_no=47759&year=2019&month=10&day=&view=p1
2019-10-27,2019,10,27,0.500000,18.100000,24.200000,15.100000,73.000000,37.000000,1.900000,5.800000,10.200000,6.500000,曇後晴,薄曇時々晴,https://www.data.jma.go.jp/stats/etrn/view/daily_s1.php?prec_no=61&block_no=47759&year=2019&month=10&day=&view=p1
2019-10-28,2019,10,28,0.000000,17.300000,23.200000,12.900000,61.000000,30.000000,1.300000,2.700000,4.900000,9.500000,晴時々薄曇,曇時々晴一時雨,https://www.data.jma.go.jp/stats/etrn/view/daily_s1.php?prec_no=61&block_no=47759&year=2019&month=10&day=&view=p1
2019-10-29,2019,10,29,8.000000,15.900000,17.900000,14.300000,86.000000,69.000000,1.100000,2.600000,4.900000,0.300000,雨後曇一時晴,曇一時晴,https://www.data.jma.go.jp/stats/etrn/view/daily_s1.php?prec_no=61&block_no=47759&year=2019&month=10&day=&view=p1
2019-10-30,2019,10,30,0.000000,16.500000,22.300000,13.100000,75.000000,35.000000,1.500000,2.900000,5.400000,6.200000,晴時々曇,晴後一時薄曇,https://www.data.jma.go.jp/stats/etrn/view/daily_s1.php?prec_no=61&block_no=47759&year=2019&month=10&day=&view=p1
2019-10-31,2019,10,31,0.000000,16.400000,22.600000,12.400000,72.000000,39.000000,1.400000,3.400000,6.200000,8.500000,薄曇後晴,快晴,https://www.data.jma.go.jp/stats/etrn/view/daily_s1.php?prec_no=61&block_no=47759&year=2019&month=10&day=&view=p1
2019-11-01,2019,11,1,0.000000,16.800000,23.400000,11.200000,68.000000,39.000000,2.100000,6.500000,10.300000,9.200000,晴,晴時々曇,https://www.data.jma.go.jp/stats/etrn/view/daily_s1.php?prec_no=61&block_no=47759&year=2019&month=11&day=&view=p1
2019-11-02,2019,11,2,0.000000,15.400000,21.000000,10.900000,60.000000,30.000000,1.300000,2.400000,4.300000,10.100000,晴,曇時々晴,https://www.data.jma.go.jp/stats/etrn/view/daily_s1.php?prec_no=61&block_no=47759&year=2019&month=11&day=&view=p1
2019-11-03,2019,11,3,1.000000,15.400000,19.500000,11.000000,69.000000,46.000000,1.200000,3.600000,5.700000,3.900000,曇,曇一時雨後晴,https://www.data.jma.go.jp/stats/etrn/view/daily_s1.php?prec_no=61&block_no=47759&year=2019&month=11&day=&view=p1
2019-11-04,2019,11,4,0.000000,14.400000,18.200000,11.100000,65.000000,37.000000,2.600000,6.600000,11.100000,7.500000,晴,晴時々曇,https://www.data.jma.go.jp/stats/etrn/view/daily_s1.php?prec_no=61&block_no=47759&year=2019&month=11&day=&view=p1
2019-11-05,2019,11,5,0.000000,13.400000,19.600000,9.500000,64.000000,38.000000,1.600000,4.400000,7.600000,9.700000,晴,快晴,https://www.data.jma.go.jp/stats/etrn/view/daily_s1.php?prec_no=61&block_no=47759&year=2019&month=11&day=&view=p1
2019-11-06,2019,11,6,0.000000,13.400000,20.200000,7.400000,69.000000,44.000000,1.100000,2.700000,4.900000,10.100000,快晴,晴,https://www.data.jma.go.jp/stats/etrn/view/daily_s1.php?prec_no=61&block_no=47759&year=2019&month=11&day=&view=p1
2019-11-07,2019,11,7,0.000000,14.400000,20.600000,8.700000,69.000000,38.000000,1.200000,3.900000,7.600000,6.200000,曇一時晴,曇時々晴一時雨,https://www.data.jma.go.jp/stats/etrn/view/daily_s1.php?prec_no=61&block_no=47759&year=2019&month=11&day=&view=p1
2019-11-08,2019,11,8,0.000000,14.100000,18.400000,9.900000,55.000000,30.000000,2.700000,6.000000,9.800000,9.800000,晴,快晴,https://www.data.jma.go.jp/stats/etrn/view/daily_s1.php?prec_no=61&block_no=47759&year=2019&month=11&day=&view=p1
2019-11-09,2019,11,9,0.000000,12.900000,20.700000,7.100000,62.000000,30.000000,1.600000,5.500000,9.200000,10.000000,快晴,晴,https://www.data.jma.go.jp/stats/etrn/view/daily_s1.php?prec_no=61&block_no=47759&year=2019&month=11&day=&view=p1
2019-11-10,2019,11,10,0.000000,13.600000,18.900000,10.200000,60.000000,31.000000,1.800000,5.600000,9.500000,6.700000,晴後薄曇,曇一時晴,https://www.data.jma.go.jp/stats/etrn/view/daily_s1.php?prec_no=61&block_no=47759&year=2019&month=11&day=&view=p1
2019-11-11,2019,11,11,3.500000,13.300000,19.100000,9.400000,77.000000,52.000000,1.200000,4.200000,8.100000,3.000000,曇時々雨一時晴、雷を伴う,晴時々曇,https://www.data.jma.go.jp/stats/etrn/view/daily_s1.php?prec_no=61&block_no=47759&year=2019&month=11&day=&view=p1
2019-11-12,2019,11,12,0.000000,14.800000,19.800000,11.600000,67.000000,38.000000,2.000000,5.600000,9.900000,7.500000,晴,曇後晴,https://www.data.jma.go.jp/stats/etrn/view/daily_s1.php?prec_no=61&block_no=47759&year=2019&month=11&day=&view=p1
2019-11-13,2019,11,13,2.500000,14.600000,20.700000,8.400000,63.000000,30.000000,1.200000,3.200000,5.600000,8.100000,晴後一時曇,雨時々曇,https://www.data.jma.go.jp/stats/etrn/view/daily_s1.php?prec_no=61&block_no=47759&year=2019&month=11&day=&view=p1
2019-11-14,2019,11,14,2.500000,13.100000,15.700000,8.300000,69.000000,40.000000,3.100000,8.400000,14.300000,4.800000,晴一時雨,晴,https://www.data.jma.go.jp/stats/etrn/view/daily_s1.php?prec_no=61&block_no=47759&year=2019&month=11&day=&view=p1
2019-11-15,2019,11,15,0.000000,10.000000,15.500000,5.600000,63.000000,37.000000,1.500000,3.800000,6.500000,9.300000,晴,快晴,https://www.data.jma.go.jp/stats/etrn/view/daily_s1.php?prec_no=61&block_no=47759&year=2019&month=11&day=&view=p1
2019-11-16,2019,11,16,0.000000,11.500000,18.300000,5.500000,70.000000,44.000000,1.200000,3.600000,5.400000,8.000000,晴後一時曇,晴,https://www.data.jma.go.jp/stats/etrn/view/daily_s1.php?prec_no=61&block_no=47759&year=2019&month=11&day=&view=p1
2019-11-17,2019,11,17,0.000000,13.500000,19.300000,9.000000,66.000000,35.000000,1.600000,4.600000,9.900000,7.700000,曇時々晴,曇後晴,https://www.data.jma.go.jp/stats/etrn/view/daily_s1.php?prec_no=61&block_no=47759&year=2019&month=11&day=&view=p1
2019-11-18,2019,11,18,13.500000,15.000000,21.200000,9.600000,77.000000,48.000000,1.200000,3.300000,5.200000,3.000000,晴後曇一時雨,雨後晴時々曇,https://www.data.jma.go.jp/stats/etrn/view/daily_s1.php?prec_no=61&block_no=47759&year=2019&month=11&day=&view=p1
2019-11-19,2019,11,19,0.000000,13.000000,16.300000,9.100000,55.000000,36.000000,3.300000,6.700000,12.000000,7.200000,晴一時曇,晴時々曇,https://www.data.jma.go.jp/stats/etrn/view/daily_s1.php?prec_no=61&block_no=47759&year=2019&month=11&day=&view=p1
2019-11-20,2019,11,20,0.000000,9.500000,13.400000,7.600000,67.000000,51.000000,2.700000,5.900000,9.700000,4.900000,晴,曇時々晴,https://www.data.jma.go.jp/stats/etrn/view/daily_s1.php?prec_no=61&block_no=47759&year=2019&month=11&day=&view=p1
2019-11-21,2019,11,21,0.000000,10.200000,14.800000,7.200000,68.000000,47.000000,1.400000,3.700000,5.500000,5.400000,晴一時曇,晴後時々曇,https://www.data.jma.go.jp/stats/etrn/view/daily_s1.php?prec_no=61&block_no=47759&year=2019&month=11&day=&view=p1
2019-11-22,2019,11,22,0.000000,11.100000,14.500000,6.700000,76.000000,60.000000,1.000000,2.400000,3.800000,0.100000,曇,曇,https://www.data.jma.go.jp/stats/etrn/view/daily_s1.php?prec_no=61&block_no=47759&year=2019&month=11&day=&view=p1
2019-11-23,2019,11,23,0.000000,15.600000,21.800000,11.400000,71.000000,45.000000,1.100000,3.000000,5.600000,9.600000,晴,晴,https://www.data.jma.go.jp/stats/etrn/view/daily_s1.php?prec_no=61&block_no=47759&year=2019&month=11&day=&view=p1
2019-11-24,2019,11,24,0.000000,15.200000,19.800000,11.000000,77.000000,58.000000,1.200000,3.300000,5.200000,3.800000,曇,曇一時晴,https://www.data.jma.go.jp/stats/etrn/view/daily_s1.php?prec_no=61&block_no=47759&year=2019&month=11&day=&view=p1
2019-11-25,2019,11,25,0.000000,14.700000,18.600000,12.300000,73.000000,58.000000,2.600000,5.900000,11.700000,1.200000,曇,曇,https://www.data.jma.go.jp/stats/etrn/view/daily_s1.php?prec_no=61&block_no=47759&year=2019&month=11&day=&view=p1
2019-11-26,2019,11,26,0.000000,12.600000,15.100000,11.100000,60.000000,45.000000,2.500000,4.600000,8.600000,2.500000,曇後一時晴,曇,https://www.data.jma.go.jp/stats/etrn/view/daily_s1.php?prec_no=61&block_no=47759&year=2019&month=11&day=&view=p1
2019-11-27,2019,11,27,0.000000,13.100000,16.200000,11.100000,73.000000,57.000000,1.300000,3.400000,6.000000,0.600000,曇,曇時々雨,https://www.data.jma.go.jp/stats/etrn/view/daily_s1.php?prec_no=61&block_no=47759&year=2019&month=11&day=&view=p1
2019-11-28,2019,11,28,2.500000,9.400000,12.000000,5.900000,75.000000,58.000000,1.900000,4.400000,8.900000,0.000000,雨時々曇,雨時々曇一時晴,https://www.data.jma.go.jp/stats/etrn/view/daily_s1.php?prec_no=61&block_no=47759&year=2019&month=11&day=&view=p1
2019-11-29,2019,11,29,0.000000,7.200000,12.100000,4.000000,69.000000,33.000000,1.700000,4.000000,6.600000,7.300000,晴後一時曇,晴後曇時々雨,https://www.data.jma.go.jp/stats/etrn/view/daily_s1.php?prec_no=61&block_no=47759&year=2019&month=11&day=&view=p1
2019-11-30,2019,11,30,0.000000,6.500000,11.900000,3.800000,73.000000,43.000000,1.500000,4.100000,6.400000,3.900000,曇後晴,快晴,https://www.data.jma.go.jp/stats/etrn/view/daily_s1.php?prec_no=61&block_no=47759&year=2019&month=11&day=&view=p1
2019-12-01,2019,12,1,0.000000,9.000000,16.100000,2.500000,69.000000,45.000000,0.900000,2.300000,4.300000,8.500000,晴時々薄曇,曇一時雨,https://www.data.jma.go.jp/stats/etrn/view/daily_s1.php?prec_no=61&block_no=47759&year=2019&month=12&day=&view=p1
2019-12-02,2019,12,2,12.500000,12.100000,15.900000,9.800000,80.000000,54.000000,1.600000,4.700000,9.300000,0.000000,雨時々曇,晴,https://www.data.jma.go.jp/stats/etrn/view/daily_s1.php?prec_no=61&block_no=47759&year=2019&month=12&day=&view=p1
2019-12-03,2019,12,3,0.000000,8.300000,11.200000,5.500000,64.000000,46.000000,2.500000,5.700000,11.100000,3.400000,曇時々雨一時晴,晴時々曇,https://www.data.jma.go.jp/stats/etrn/view/daily_s1.php?prec_no=61&block_no=47759&year=2019&month=12&day=&view=p1
2019-12-04,2019,12,4,0.000000,7.700000,13.000000,3.400000,66.000000,45.000000,2.100000,4.800000,8.300000,4.200000,晴時々曇,晴,https://www.data.jma.go.jp/stats/etrn/view/daily_s1.php?prec_no=61&block_no=47759&year=2019&month=12&day=&view=p1
2019-12-05,2019,12,5,0.000000,7.000000,10.500000,3.700000,69.000000,51.000000,2.000000,5.000000,8.800000,2.200000,晴後曇,曇,https://www.data.jma.go.jp/stats/etrn/view/daily_s1.php?prec_no=61&block_no=47759&year=2019&month=12&day=&view=p1
2019-12-06,2019,12,6,0.000000,6.500000,9.000000,4.900000,65.000000,52.000000,2.400000,5.000000,8.900000,3.800000,曇,曇,https://www.data.jma.go.jp/stats/etrn/view/daily_s1.php?prec_no=61&block_no=47759&year=2019&month=12&day=&view=p1
2019-12-07,2019,12,7,0.000000,6.300000,8.900000,4.500000,71.000000,55.000000,1.000000,1.900000,3.300000,0.100000,曇,晴時々曇,https://www.data.jma.go.jp/stats/etrn/view/daily_s1.php?prec_no=61&block_no=47759&year=2019&month=12&day=&view=p1
2019-12-08,2019,12,8,0.000000,6.500000,10.600000,3.700000,82.000000,64.000000,1.100000,2.300000,3.800000,0.700000,曇時々雨,快晴,https://www.data.jma.go.jp/stats/etrn/view/daily_s1.php?prec_no=61&block_no=47759&year=2019&month=12&day=&view=p1
2019-12-09,2019,12,9,0.000000,7.400000,14.300000,1.900000,69.000000,39.000000,1.100000,3.500000,5.500000,9.300000,快晴,晴,https://www.data.jma.go.jp/stats/etrn/view/daily_s1.php?prec_no=61&block_no=47759&year=2019&month=12&day=&view=p1
2019-12-10,2019,12,10,0.000000,8.800000,15.000000,3.600000,70.000000,41.000000,1.000000,2.100000,3.300000,8.400000,晴一時薄曇,薄曇後晴,https://www.data.jma.go.jp/stats/etrn/view/daily_s1.php?prec_no=61&block_no=47759&year=2019&month=12&day=&view=p1
2019-12-11,2019,12,11,0.000000,8.800000,12.800000,4.200000,76.000000,56.000000,0.900000,2.100000,3.500000,2.300000,曇,晴後曇,https://www.data.jma.go.jp/stats/etrn/view/daily_s1.php?prec_no=61&block_no=47759&year=2019&month=12&day=&view=p1
2019-12-12,2019,12,12,0.000000,8.500000,12.600000,5.200000,71.000000,41.000000,2.300000,7.200000,13.400000,2.900000,曇後晴,晴後一時曇,https://www.data.jma.go.jp/stats/etrn/view/daily_s1.php?prec_no=61&block_no=47759&year=2019&month=12&day=&view=p1
2019-12-13,2019,12,13,0.000000,7.100000,10.900000,3.400000,71.000000,47.000000,1.200000,2.500000,4.400000,6.300000,晴後曇,薄曇後晴,https://www.data.jma.go.jp/stats/etrn/view/daily_s1.php?prec_no=61&block_no=47759&year=2019&month=12&day=&view=p1
2019-12-14,2019,12,14,0.000000,8.200000,15.400000,3.000000,70.000000,45.000000,2.000000,5.600000,11.700000,5.400000,晴時々曇一時雨,晴後曇,https://www.data.jma.go.jp/stats/etrn/view/daily_s1.php?prec_no=61&block_no=47759&year=2019&month=12&day=&view=p1
2019-12-15,2019,12,15,0.000000,8.200000,12.000000,4.500000,58.000000,42.000000,2.400000,5.800000,9.100000,5.800000,曇後晴,薄曇時々晴,https://www.data.jma.go.jp/stats/etrn/view/daily_s1.php?prec_no=61&block_no=47759&year=2019&month=12&day=&view=p1
2019-12-16,2019,12,16,0.000000,8.200000,15.000000,2.300000,67.000000,38.000000,1.000000,2.100000,3.600000,9.100000,晴,曇後時々雨,https://www.data.jma.go.jp/stats/etrn/view/daily_s1.php?prec_no=61&block_no=47759&year=2019&month=12&day=&view=p1
2019-12-17,2019,12,17,9.000000,12.200000,13.700000,10.200000,90.000000,75.000000,0.700000,2.600000,4.500000,0.100000,雨一時曇,雨時々曇,https://www.data.jma.go.jp/stats/etrn/view/daily_s1.php?prec_no=61&block_no=47759&year=2019&month=12&day=&view=p1
2019-12-18,2019,12,18,3.500000,12.100000,14.500000,8.700000,81.000000,61.000000,2.000000,5.700000,10.600000,0.400000,雨後曇,曇時々晴,https://www.data.jma.go.jp/stats/etrn/view/daily_s1.php?prec_no=61&block_no=47759&year=2019&month=12&day=&view=p1
2019-12-19,2019,12,19,0.000000,8.500000,10.000000,5.700000,77.000000,64.000000,1.000000,2.700000,4.700000,1.800000,晴後曇,曇後一時晴,https://www.data.jma.go.jp/stats/etrn/view/daily_s1.php?prec_no=61&block_no=47759&year=2019&month=12&day=&view=p1
2019-12-20,2019,12,20,0.000000,9.200000,13.100000,7.100000,67.000000,45.000000,2.300000,6.600000,11.300000,6.900000,晴後時々曇,曇一時晴,https://www.data.jma.go.jp/stats/etrn/view/daily_s1.php?prec_no=61&block_no=47759&year=2019&month=12&day=&view=p1
2019-12-21,2019,12,21,0.000000,7.500000,10.500000,4.000000,71.000000,50.000000,1.200000,2.500000,4.200000,1.700000,曇,曇一時晴,https://www.data.jma.go.jp/stats/etrn/view/daily_s1.php?prec_no=61&block_no=47759&year=2019&month=12&day=&view=p1
2019-12-22,2019,12,22,5.000000,6.900000,9.400000,4.900000,78.000000,61.000000,1.200000,3.200000,5.700000,0.000000,曇一時雨,雨時々曇,https://www.data.jma.go.jp/stats/etrn/view/daily_s1.php?prec_no=61&block_no=47759&year=2019&month=12&day=&view=p1
2019-12-23,2019,12,23,0.000000,8.200000,13.200000,4.800000,82.000000,52.000000,1.400000,3.300000,5.300000,5.600000,曇時々晴,晴一時曇,https://www.data.jma.go.jp/stats/etrn/view/daily_s1.php?prec_no=61&block_no=47759&year=2019&month=12&day=&view=p1
2019-12-24,2019,12,24,0.000000,8.000000,12.200000,4.400000,72.000000,47.000000,1.500000,3.300000,6.000000,4.600000,曇時々晴,晴後一時曇,https://www.data.jma.go.jp/stats/etrn/view/daily_s1.php?prec_no=61&block_no=47759&year=2019&month=12&day=&view=p1
2019-12-25,2019,12,25,0.000000,7.900000,14.400000,2.200000,65.000000,40.000000,1.100000,2.500000,4.500000,8.600000,晴,曇後一時雨,https://www.data.jma.go.jp/stats/etrn/view/daily_s1.php?prec_no=61&block_no=47759&year=2019&month=12&day=&view=p1
2019-12-26,2019,12,26,2.500000,9.800000,11.800000,7.900000,82.000000,67.000000,0.900000,1.800000,3.200000,0.000000,曇時々雨,雨時々曇,https://www.data.jma.go.jp/stats/etrn/view/daily_s1.php?prec_no=61&block_no=47759&year=2019&month=12&day=&view=p1
2019-12-27,2019,12,27,5.000000,8.200000,11.500000,3.700000,69.000000,44.000000,3.100000,8.800000,15.500000,4.100000,雨時々晴,晴後曇,https://www.data.jma.go.jp/stats/etrn/view/daily_s1.php?prec_no=61&block_no=47759&year=2019&month=12&day=&view=p1
2019-12-28,2019,12,28,0.000000,5.700000,8.900000,3.200000,75.000000,58.000000,1.400000,3.500000,5.000000,2.200000,曇一時晴,曇後晴,https://www.data.jma.go.jp/stats/etrn/view/daily_s1.php?prec_no=61&block_no=47759&year=2019&month=12&day=&view=p1
2019-12-29,2019,12,29,0.000000,7.400000,12.100000,2.200000,69.000000,43.000000,0.900000,2.100000,3.300000,5.700000,晴後曇,曇後雨,https://www.data.jma.go.jp/stats/etrn/view/daily_s1.php?prec_no=61&block_no=47759&year=2019&month=12&day=&view=p1
2019-12-30,2019,12,30,9.500000,9.700000,11.500000,7.600000,90.000000,69.000000,1.500000,3.600000,6.100000,0.000000,雨後曇,曇,https://www.data.jma.go.jp/stats/etrn/view/daily_s1.php?prec_no=61&block_no=47759&year=2019&month=12&day=&view=p1
2019-12-31,2019,12,31,0.500000,8.100000,12.000000,3.800000,75.000000,36.000000,2.300000,7.700000,13.600000,3.200000,雨時々晴一時曇,曇後一時晴,https://www.data.jma.go.jp/stats/etrn/view/daily_s1.php?prec_no=61&block_no=47759&year=2019&month=12&day=&view=p1
2020-10-01,2020,10,1,8.500000,21.400000,26.900000,17.400000,67.000000,35.000000,2.400000,5.900000,11.200000,10.700000,晴,晴,https://www.data.jma.go.jp/stats/etrn/view/daily_s1.php?prec_no=61&block_no=47759&year=2020&month=10&day=&view=p1
2020-10-02,2020,10,2,0.000000,21.700000,28.600000,16.000000,62.000000,30.000000,1.500000,3.500000,6.600000,11.000000,晴,晴後時々曇,https://www.data.jma.go.jp/stats/etrn/view/daily_s1.php?prec_no=61&block_no=47759&year=2020&month=10&day=&view=p1
2020-10-03,2020,10,3,0.000000,22.300000,25.800000,18.000000,70.000000,53.000000,1.200000,2.900000,4.600000,1.400000,曇一時晴後一時雨,曇一時晴,https://www.data.jma.go.jp/stats/etrn/view/daily_s1.php?prec_no=61&block_no=47759&year=2020&month=10&day=&view=p1
2020-10-04,2020,10,4,0.000000,23.100000,26.100000,20.800000,74.000000,59.000000,1.100000,2.400000,3.900000,0.000000,曇一時雨,曇時々雨,https://www.data.jma.go.jp/stats/etrn/view/daily_s1.php?prec_no=61&block_no=47759&year=2020&month=10&day=&view=p1
2020-10-05,2020,10,5,0.000000,21.200000,24.100000,16.800000,65.000000,43.000000,2.500000,6.900000,10.900000,3.300000,曇一時雨後時々晴,晴後一時曇,https://www.data.jma.go.jp/stats/etrn/view/daily_s1.php?prec_no=61&block_no=47759&year=2020&month=10&day=&view=p1
2020-10-06,2020,10,6,0.000000,18.300000,24.300000,15.100000,59.000000,36.000000,1.900000,6.200000,10.400000,4.600000,曇後晴,晴,https://www.data.jma.go.jp/stats/etrn/view/daily_s1.php?prec_no=61&block_no=47759&year=2020&month=10&day=&view=p1
2020-10-07,2020,10,7,3.500000,18.900000,25.000000,14.200000,65.000000,38.000000,1.700000,4.700000,7.300000,3.100000,曇時々晴後雨,雨時々曇,https://www.data.jma.go.jp/stats/etrn/view/daily_s1.php?prec_no=61&block_no=47759&year=2020&month=10&day=&view=p1
2020-10-08,2020,10,8,34.500000,16.400000,17.300000,15.600000,90.000000,84.000000,1.400000,3.200000,5.800000,0.000000,雨,雨時々曇,https://www.data.jma.go.jp/stats/etrn/view/daily_s1.php?prec_no=61&block_no=47759&year=2020&month=10&day=&view=p1
2020-10-09,2020,10,9,30.000000,18.700000,19.900000,16.800000,85.000000,75.000000,2.700000,5.000000,10.200000,0.000000,雨,雨,https://www.data.jma.go.jp/stats/etrn/view/daily_s1.php?prec_no=61&block_no=47759&year=2020&month=10&day=&view=p1
2020-10-10,2020,10,10,29.500000,21.300000,25.500000,18.200000,79.000000,60.000000,2.400000,6.600000,10.200000,0.900000,曇時々雨,曇時々晴,https://www.data.jma.go.jp/stats/etrn/view/daily_s1.php?prec_no=61&block_no=47759&year=2020&month=10&day=&view=p1
2020-10-11,2020,10,11,0.000000,22.000000,26.900000,18.400000,70.000000,50.000000,2.200000,5.000000,8.600000,2.900000,曇時々晴,晴後一時曇,https://www.data.jma.go.jp/stats/etrn/view/daily_s1.php?prec_no=61&block_no=47759&year=2020&month=10&day=&view=p1
2020-10-12,2020,10,12,0.000000,22.200000,28.600000,17.200000,68.000000,42.000000,1.600000,4.400000,7.400000,8.700000,晴時々曇,曇時々晴一時雨,https://www.data.jma.go.jp/stats/etrn/view/daily_s1.php?prec_no=61&block_no=47759&year=2020&month=10&day=&view=p1
2020-10-13,2020,10,13,0.000000,21.600000,25.900000,18.100000,61.000000,35.000000,2.600000,6.100000,10.300000,9.500000,晴一時曇,晴,https://www.data.jma.go.jp/stats/etrn/view/daily_s1.php?prec_no=61&block_no=47759&year=2020&month=10&day=&view=p1
2020-10-14,2020,10,14,0.000000,20.000000,26.100000,15.800000,67.000000,45.000000,2.100000,5.100000,8.600000,8.100000,晴,晴後時々曇,https://www.data.jma.go.jp/stats/etrn/view/daily_s1.php?prec_no=61&block_no=47759&year=2020&month=10&day=&view=p1
2020-10-15,2020,10,15,0.000000,18.700000,23.300000,15.800000,54.000000,33.000000,3.200000,6.700000,10.800000,10.000000,晴,曇時々晴,https://www.data.jma.go.jp/stats/etrn/view/daily_s1.php?prec_no=61&block_no=47759&year=2020&month=10&day=&view=p1
2020-10-16,2020,10,16,0.000000,18.400000,22.700000,15.800000,55.000000,34.000000,2.200000,4.800000,8.000000,3.400000,曇時々晴,雨時々曇,https://www.data.jma.go.jp/stats/etrn/view/daily_s1.php?prec_no=61&block_no=47759&year=2020&month=10&day=&view=p1
2020-10-17,2020,10,17,26.000000,13.300000,16.900000,11.200000,89.000000,64.000000,1.100000,3.600000,6.300000,0.000000,雨後一時曇,曇一時雨後晴,https://www.data.jma.go.jp/stats/etrn/view/daily_s1.php?prec_no=61&block_no=47759&year=2020&month=10&day=&view=p1
2020-10-18,2020,10,18,0.000000,14.200000,20.600000,9.800000,78.000000,55.000000,1.200000,2.300000,4.400000,5.100000,曇時々晴,晴後時々曇,https://www.data.jma.go.jp/stats/etrn/view/daily_s1.php?prec_no=61&block_no=47759&year=2020&month=10&day=&view=p1
2020-10-19,2020,10,19,0.000000,14.400000,16.400000,12.300000,84.000000,75.000000,0.900000,2.100000,3.700000,0.000000,曇一時雨,曇後晴,https://www.data.jma.go.jp/stats/etrn/view/daily_s1.php?prec_no=61&block_no=47759&year=2020&month=10&day=&view=p1
2020-10-20,2020,10,20,0.000000,16.300000,24.400000,11.400000,71.000000,30.000000,1.500000,4.600000,7.500000,9.300000,晴一時曇,晴,https://www.data.jma.go.jp/stats/etrn/view/daily_s1.php?prec_no=61&block_no=47759&year=2020&month=10&day=&view=p1
2020-10-21,2020,10,21,0.000000,17.700000,23.300000,12.000000,65.000000,45.000000,1.800000,5.000000,9.800000,6.300000,晴後一時曇,曇,https://www.data.jma.go.jp/stats/etrn/view/daily_s1.php?prec_no=61&block_no=47759&year=2020&month=10&day=&view=p1
2020-10-22,2020,10,22,4.000000,19.100000,21.000000,17.400000,70.000000,52.000000,2.400000,4.400000,7.300000,0.000000,雨時々曇,雨時々曇,https://www.data.jma.go.jp/stats/etrn/view/daily_s1.php?prec_no=61&block_no=47759&year=2020&month=10&day=&view=p1
2020-10-23,2020,10,23,35.500000,17.500000,20.300000,13.900000,79.000000,52.000000,1.900000,6.000000,10.700000,1.700000,雨後曇時々晴,晴,https://www.data.jma.go.jp/stats/etrn/view/daily_s1.php?prec_no=61&block_no=47759&year=2020&month=10&day=&view=p1
2020-10-24,2020,10,24,0.000000,15.200000,20.400000,11.400000,60.000000,33.000000,2.300000,6.200000,12.400000,7.900000,晴後一時曇,晴,https://www.data.jma.go.jp/stats/etrn/view/daily_s1.php?prec_no=61&block_no=47759&year=2020&month=10&day=&view=p1
2020-10-25,2020,10,25,0.000000,14.000000,20.300000,9.000000,60.000000,32.000000,1.800000,4.100000,7.500000,10.100000,晴,晴後時々曇,https://www.data.jma.go.jp/stats/etrn/view/daily_s1.php?prec_no=61&block_no=47759&year=2020&month=10&day=&view=p1
2020-10-26,2020,10,26,0.000000,15.200000,22.200000,10.000000,66.000000,35.000000,1.600000,5.600000,10.200000,8.200000,晴,晴,https://www.data.jma.go.jp/stats/etrn/view/daily_s1.php?prec_no=61&block_no=47759&year=2020&month=10&day=&view=p1
2020-10-27,2020,10,27,0.000000,15.400000,22.700000,10.200000,63.000000,28.000000,1.300000,3.800000,5.600000,10.200000,晴,晴,https://www.data.jma.go.jp/stats/etrn/view/daily_s1.php?prec_no=61&block_no=47759&year=2020&month=10&day=&view=p1
2020-10-28,2020,10,28,0.000000,15.100000,20.200000,10.200000,64.000000,39.000000,1.200000,2.900000,4.700000,2.700000,曇,晴時々曇,https://www.data.jma.go.jp/stats/etrn/view/daily_s1.php?prec_no=61&block_no=47759&year=2020&month=10&day=&view=p1
2020-10-29,2020,10,29,0.000000,15.200000,21.200000,11.700000,64.000000,35.000000,2.000000,6.400000,10.000000,8.700000,晴一時雨,曇時々晴,https://www.data.jma.go.jp/stats/etrn/view/daily_s1.php?prec_no=61&block_no=47759&year=2020&month=10&day=&view=p1
2020-10-30,2020,10,30,0.000000,13.300000,17.800000,10.400000,65.000000,34.000000,2.300000,6.500000,10.900000,6.000000,曇時々晴一時雨,晴一時雨,https://www.data.jma.go.jp/stats/etrn/view/daily_s1.php?prec_no=61&block_no=47759&year=2020&month=10&day=&view=p1
2020-10-31,2020,10,31,0.000000,13.200000,20.100000,8.100000,63.000000,33.000000,1.300000,3.400000,5.600000,10.200000,晴,晴時々曇,https://www.data.jma.go.jp/stats/etrn/view/daily_s1.php?prec_no=61&block_no=47759&year=2020&month=10&day=&view=p1
2020-11-01,2020,11,1,0.000000,15.600000,20.700000,9.500000,61.000000,47.000000,1.800000,4.200000,6.900000,5.000000,曇時々晴一時雨,曇一時晴,https://www.data.jma.go.jp/stats/etrn/view/daily_s1.php?prec_no=61&block_no=47759&year=2020&month=11&day=&view=p1
2020-11-02,2020,11,2,26.000000,15.900000,16.800000,14.100000,87.000000,68.000000,1.000000,3.200000,6.100000,0.000000,雨,雨後曇,https://www.data.jma.go.jp/stats/etrn/view/daily_s1.php?prec_no=61&block_no=47759&year=2020&month=11&day=&view=p1
2020-11-03,2020,11,3,1.000000,14.800000,19.600000,9.700000,56.000000,31.000000,2.900000,5.600000,10.500000,6.500000,晴時々曇,晴一時雨,https://www.data.jma.go.jp/stats/etrn/view/daily_s1.php?prec_no=61&block_no=47759&year=2020&month=11&day=&view=p1
2020-11-04,2020,11,4,0.000000,11.600000,17.000000,8.400000,55.000000,36.000000,2.700000,6.200000,11.000000,8.000000,晴一時曇,晴,https://www.data.jma.go.jp/stats/etrn/view/daily_s1.php?prec_no=61&block_no=47759&year=2020&month=11&day=&view=p1
2020-11-05,2020,11,5,0.000000,11.500000,18.300000,6.300000,65.000000,37.000000,1.300000,3.200000,5.200000,9.300000,晴後一時曇,曇時々晴,https://www.data.jma.go.jp/stats/etrn/view/daily_s1.php?prec_no=61&block_no=47759&year=2020&month=11&day=&view=p1
2020-11-06,2020,11,6,0.000000,14.300000,20.200000,10.600000,67.000000,39.000000,1.000000,3.300000,6.200000,2.100000,曇後時々晴,曇時々晴一時雨,https://www.data.jma.go.jp/stats/etrn/view/daily_s1.php?prec_no=61&block_no=47759&year=2020&month=11&day=&view=p1
2020-11-07,2020,11,7,10.500000,15.600000,17.300000,14.100000,88.000000,79.000000,0.800000,2.100000,3.300000,0.000000,雨時々曇,雨後曇時々晴、霧を伴う,https://www.data.jma.go.jp/stats/etrn/view/daily_s1.php?prec_no=61&block_no=47759&year=2020&month=11&day=&view=p1
2020-11-08,2020,11,8,0.000000,15.900000,21.400000,12.500000,75.000000,45.000000,1.900000,5.700000,9.500000,5.500000,晴時々曇,晴後一時雨一時曇,https://www.data.jma.go.jp/stats/etrn/view/daily_s1.php?prec_no=61&block_no=47759&year=2020&month=11&day=&view=p1
2020-11-09,2020,11,9,0.000000,12.300000,16.600000,8.500000,65.000000,41.000000,2.700000,6.000000,11.700000,6.100000,晴後雨時々曇,晴後一時雨,https://www.data.jma.go.jp/stats/etrn/view/daily_s1.php?prec_no=61&block_no=47759&year=2020&month=11&day=&view=p1
2020-11-10,2020,11,10,0.000000,11.000000,16.200000,8.000000,68.000000,39.000000,2.200000,5.400000,10.400000,5.900000,晴後曇一時雨,晴時々雨一時曇,https://www.data.jma.go.jp/stats/etrn/view/daily_s1.php?prec_no=61&block_no=47759&year=2020&month=11&day=&view=p1
2020-11-11,2020,11,11,0.000000,10.100000,15.200000,7.500000,71.000000,46.000000,1.400000,4.700000,7.900000,4.400000,雨時々曇後晴,晴後一時曇,https://www.data.jma.go.jp/stats/etrn/view/daily_s1.php?prec_no=61&block_no=47759&year=2020&month=11&day=&view=p1
2020-11-12,2020,11,12,0.000000,11.500000,18.300000,5.900000,69.000000,46.000000,1.200000,3.200000,5.500000,4.600000,晴時々曇,晴,https://www.data.jma.go.jp/stats/etrn/view/daily_s1.php?prec_no=61&block_no=47759&year=2020&month=11&day=&view=p1
2020-11-13,2020,11,13,0.000000,14.300000,19.700000,10.400000,71.000000,40.000000,1.600000,4.600000,7.500000,2.700000,曇時々晴,晴後一時曇,https://www.data.jma.go.jp/stats/etrn/view/daily_s1.php?prec_no=61&block_no=47759&year=2020&month=11&day=&view=p1
2020-11-14,2020,11,14,0.000000,13.200000,18.700000,9.500000,68.000000,36.000000,1.900000,6.200000,9.000000,9.700000,晴,晴,https://www.data.jma.go.jp/stats/etrn/view/daily_s1.php?prec_no=61&block_no=47759&year=2020&month=11&day=&view=p1
2020-11-15,2020,11,15,0.000000,14.400000,22.200000,7.200000,67.000000,41.000000,1.000000,2.600000,4.400000,9.500000,晴後一時曇,晴時々曇,https://www.data.jma.go.jp/stats/etrn/view/daily_s1.php?prec_no=61&block_no=47759&year=2020&month=11&day=&view=p1
2020-11-16,2020,11,16,0.000000,16.300000,22.800000,11.600000,71.000000,40.000000,1.400000,3.500000,6.300000,8.800000,晴一時曇,晴,https://www.data.jma.go.jp/stats/etrn/view/daily_s1.php?prec_no=61&block_no=47759&year=2020&month=11&day=&view=p1
2020-11-17,2020,11,17,0.000000,15.500000,22.200000,10.100000,67.000000,36.000000,1.200000,2.800000,4.600000,9.200000,晴後一時雨,晴後時々曇,https://www.data.jma.go.jp/stats/etrn/view/daily_s1.php?prec_no=61&block_no=47759&year=2020&month=11&day=&view=p1
2020-11-18,2020,11,18,0.000000,17.800000,23.900000,12.800000,71.000000,44.000000,1.000000,2.400000,4.300000,9.100000,晴後一時曇,曇時々晴,https://www.data.jma.go.jp/stats/etrn/view/daily_s1.php?prec_no=61&block_no=47759&year=2020&month=11&day=&view=p1
2020-11-19,2020,11,19,0.000000,20.100000,26.900000,13.400000,68.000000,40.000000,1.800000,5.300000,9.500000,7.600000,晴後一時曇,曇後時々雨,https://www.data.jma.go.jp/stats/etrn/view/daily_s1.php?prec_no=61&block_no=47759&year=2020&month=11&day=&view=p1
2020-11-20,2020,11,20,2.500000,19.100000,22.200000,15.600000,79.000000,59.000000,1.700000,5.500000,9.000000,0.300000,雨時々曇,曇時々晴一時雨,https://www.data.jma.go.jp/stats/etrn/view/daily_s1.php?prec_no=61&block_no=47759&year=2020&month=11&day=&view=p1
2020-11-21,2020,11,21,0.000000,13.200000,16.100000,8.900000,63.000000,44.000000,2.800000,6.000000,10.600000,5.600000,曇時々雨後晴,晴,https://www.data.jma.go.jp/stats/etrn/view/daily_s1.php?prec_no=61&block_no=47759&year=2020&month=11&day=&view=p1
2020-11-22,2020,11,22,1.000000,13.300000,18.500000,7.400000,72.000000,49.000000,1.100000,2.300000,3.500000,4.000000,晴後曇一時雨,曇時々雨,https://www.data.jma.go.jp/stats/etrn/view/daily_s1.php?prec_no=61&block_no=47759&year=2020&month=11&day=&view=p1
2020-11-23,2020,11,23,0.000000,13.700000,16.800000,9.900000,73.000000,56.000000,2.700000,7.600000,11.600000,4.200000,晴時々曇一時雨,晴一時曇,https://www.data.jma.go.jp/stats/etrn/view/daily_s1.php?prec_no=61&block_no=47759&year=2020&month=11&day=&view=p1
2020-11-24,2020,11,24,0.000000,11.500000,16.500000,7.100000,65.000000,45.000000,1.200000,2.900000,5.400000,9.600000,晴,晴一時曇,https://www.data.jma.go.jp/stats/etrn/view/daily_s1.php?prec_no=61&block_no=47759&year=2020&month=11&day=&view=p1
2020-11-25,2020,11,25,0.000000,10.500000,14.400000,7.400000,71.000000,49.000000,1.000000,2.300000,3.300000,0.600000,曇時々晴,晴,https://www.data.jma.go.jp/stats/etrn/view/daily_s1.php?prec_no=61&block_no=47759&year=2020&month=11&day=&view=p1
2020-11-26,2020,11,26,0.000000,11.800000,17.200000,6.400000,73.000000,55.000000,1.600000,3.800000,6.000000,4.900000,曇時々晴,曇時々晴,https://www.data.jma.go.jp/stats/etrn/view/daily_s1.php?prec_no=61&block_no=47759&year=2020&month=11&day=&view=p1
2020-11-27,2020,11,27,0.000000,13.900000,18.200000,9.400000,64.000000,41.000000,1.800000,4.800000,8.300000,7.800000,晴時々曇,曇時々雨一時晴,https://www.data.jma.go.jp/stats/etrn/view/daily_s1.php?prec_no=61&block_no=47759&year=2020&month=11&day=&view=p1
2020-11-28,2020,11,28,0.000000,10.700000,14.900000,7.600000,65.000000,53.000000,2.900000,6.000000,9.600000,3.300000,雨時々晴後曇,曇時々晴,https://www.data.jma.go.jp/stats/etrn/view/daily_s1.php?prec_no=61&block_no=47759&year=2020&month=11&day=&view=p1
2020-11-29,2020,11,29,0.000000,10.000000,14.400000,6.400000,70.000000,46.000000,1.500000,4.200000,8.400000,5.900000,晴後時々曇一時雨,晴一時雨,https://www.data.jma.go.jp/stats/etrn/view/daily_s1.php?prec_no=61&block_no=47759&year=2020&month=11&day=&view=p1
2020-11-30,2020,11,30,0.000000,9.400000,14.700000,5.700000,69.000000,42.000000,2.000000,5.500000,8.800000,5.500000,晴後曇一時雨,晴一時雨,https://www.data.jma.go.jp/stats/etrn/view/daily_s1.php?prec_no=61&block_no=47759&year=2020&month=11&day=&view=p1
2020-12-01,2020,12,1,0.000000,9.500000,14.100000,5.200000,70.000000,47.000000,1.600000,3.800000,7.200000,5.200000,晴後時々曇,晴一時曇,https://www.data.jma.go.jp/stats/etrn/view/daily_s1.php?prec_no=61&block_no=47759&year=2020&month=12&day=&view=p1
2020-12-02,2020,12,2,0.000000,10.000000,16.000000,5.400000,74.000000,50.000000,1.200000,2.600000,4.900000,9.300000,晴,晴,https://www.data.jma.go.jp/stats/etrn/view/daily_s1.php?prec_no=61&block_no=47759&year=2020&month=12&day=&view=p1
2020-12-03,2020,12,3,0.000000,9.800000,14.700000,6.000000,74.000000,53.000000,2.300000,5.300000,9.200000,6.300000,晴後雨時々曇,曇一時雨後晴,https://www.data.jma.go.jp/stats/etrn/view/daily_s1.php?prec_no=61&block_no=47759&year=2020&month=12&day=&view=p1
2020-12-04,2020,12,4,0.000000,9.500000,14.400000,6.100000,59.000000,32.000000,1.700000,3.600000,6.300000,8.700000,晴,晴時々曇,https://www.data.jma.go.jp/stats/etrn/view/daily_s1.php?prec_no=61&block_no=47759&year=2020&month=12&day=&view=p1
2020-12-05,2020,12,5,0.000000,8.700000,15.100000,4.300000,62.000000,33.000000,1.500000,4.400000,7.300000,8.900000,晴,晴,https://www.data.jma.go.jp/stats/etrn/view/daily_s1.php?prec_no=61&block_no=47759&year=2020&month=12&day=&view=p1
2020-12-06,2020,12,6,0.000000,8.800000,15.200000,4.400000,66.000000,40.000000,1.100000,3.000000,4.900000,9.300000,晴,晴,https://www.data.jma.go.jp/stats/etrn/view/daily_s1.php?prec_no=61&block_no=47759&year=2020&month=12&day=&view=p1
2020-12-07,2020,12,7,0.000000,9.900000,16.200000,4.200000,68.000000,45.000000,1.200000,3.100000,6.000000,8.600000,晴後一時曇,晴一時曇,https://www.data.jma.go.jp/stats/etrn/view/daily_s1.php?prec_no=61&block_no=47759&year=2020&month=12&day=&view=p1
2020-12-08,2020,12,8,0.000000,9.600000,14.000000,5.800000,70.000000,48.000000,1.700000,4.600000,9.400000,5.300000,晴後一時曇,晴後時々曇,https://www.data.jma.go.jp/stats/etrn/view/daily_s1.php?prec_no=61&block_no=47759&year=2020&month=12&day=&view=p1
2020-12-09,2020,12,9,0.000000,8.700000,13.400000,5.700000,72.000000,50.000000,1.200000,2.400000,3.900000,5.400000,曇時々晴,晴,https://www.data.jma.go.jp/stats/etrn/view/daily_s1.php?prec_no=61&block_no=47759&year=2020&month=12&day=&view=p1
2020-12-10,2020,12,10,0.000000,9.500000,15.700000,4.200000,70.000000,45.000000,1.000000,3.100000,4.700000,6.600000,晴後時々曇,晴時々曇,https://www.data.jma.go.jp/stats/etrn/view/daily_s1.php?prec_no=61&block_no=47759&year=2020&month=12&day=&view=p1
2020-12-11,2020,12,11,0.000000,10.900000,16.500000,6.300000,69.000000,41.000000,1.200000,2.900000,4.900000,6.700000,晴時々曇,曇一時晴,https://www.data.jma.go.jp/stats/etrn/view/daily_s1.php?prec_no=61&block_no=47759&year=2020&month=12&day=&view=p1
2020-12-12,2020,12,12,0.000000,11.100000,14.600000,8.900000,67.000000,48.000000,2.000000,5.500000,8.800000,2.500000,曇時々晴一時雨,曇時々晴一時雨,https://www.data.jma.go.jp/stats/etrn/view/daily_s1.php?prec_no=61&block_no=47759&year=2020&month=12&day=&view=p1
2020-12-13,2020,12,13,0.000000,8.400000,11.600000,5.300000,72.000000,49.000000,1.600000,3.700000,6.700000,1.200000,曇時々雨一時晴,曇時々晴,https://www.data.jma.go.jp/stats/etrn/view/daily_s1.php?prec_no=61&block_no=47759&year=2020&month=12&day=&view=p1
2020-12-14,2020,12,14,0.000000,7.200000,9.800000,4.900000,68.000000,54.000000,2.700000,5.900000,10.300000,1.700000,曇後雨一時晴,曇時々晴一時雪,https://www.data.jma.go.jp/stats/etrn/view/daily_s1.php?prec_no=61&block_no=47759&year=2020&month=12&day=&view=p1
2020-12-15,2020,12,15,0.000000,4.000000,6.800000,2.200000,63.000000,47.000000,2.800000,5.900000,11.200000,1.400000,曇時々みぞれ後晴一時雨,晴時々雪一時曇,https://www.data.jma.go.jp/stats/etrn/view/daily_s1.php?prec_no=61&block_no=47759&year=2020&month=12&day=&view=p1
2020-12-16,2020,12,16,0.000000,3.100000,7.600000,0.600000,60.000000,37.000000,3.000000,6.100000,11.500000,6.900000,晴後一時雪一時曇,雪時々曇一時晴,https://www.data.jma.go.jp/stats/etrn/view/daily_s1.php?prec_no=61&block_no=47759&year=2020&month=12&day=&view=p1
2020-12-17,2020,12,17,0.000000,3.100000,6.600000,0.200000,77.000000,54.000000,2.500000,5.000000,8.400000,6.200000,晴時々雪一時曇、みぞれを伴う,晴一時雨,https://www.data.jma.go.jp/stats/etrn/view/daily_s1.php?prec_no=61&block_no=47759&year=2020&month=12&day=&view=p1
2020-12-18,2020,12,18,0.000000,5.400000,10.400000,0.300000,63.000000,38.000000,2.100000,5.400000,11.000000,8.500000,晴時々曇,晴後曇時々雨,https://www.data.jma.go.jp/stats/etrn/view/daily_s1.php?prec_no=61&block_no=47759&year=2020&month=12&day=&view=p1
2020-12-19,2020,12,19,0.000000,5.200000,8.200000,3.000000,70.000000,55.000000,2.600000,6.200000,10.300000,3.900000,雨時々曇一時晴,みぞれ時々晴一時曇,https://www.data.jma.go.jp/stats/etrn/view/daily_s1.php?prec_no=61&block_no=47759&year=2020&month=12&day=&view=p1
2020-12-20,2020,12,20,0.000000,4.300000,8.400000,2.100000,72.000000,51.000000,2.300000,5.100000,9.300000,6.800000,晴一時雨,晴、みぞれを伴う,https://www.data.jma.go.jp/stats/etrn/view/daily_s1.php?prec_no=61&block_no=47759&year=2020&month=12&day=&view=p1
2020-12-21,2020,12,21,0.000000,4.800000,10.500000,1.200000,71.000000,41.000000,1.600000,4.700000,7.800000,5.000000,晴時々曇,晴一時曇,https://www.data.jma.go.jp/stats/etrn/view/daily_s1.php?prec_no=61&block_no=47759&year=2020&month=12&day=&view=p1
2020-12-22,2020,12,22,0.000000,5.300000,11.100000,0.400000,67.000000,38.000000,1.400000,4.000000,6.900000,8.000000,晴,晴,https://www.data.jma.go.jp/stats/etrn/view/daily_s1.php?prec_no=61&block_no=47759&year=2020&month=12&day=&view=p1
2020-12-23,2020,12,23,0.000000,5.900000,12.300000,1.100000,67.000000,40.000000,1.200000,3.000000,5.600000,4.900000,晴時々曇,曇時々晴,https://www.data.jma.go.jp/stats/etrn/view/daily_s1.php?prec_no=61&block_no=47759&year=2020&month=12&day=&view=p1
2020-12-24,2020,12,24,1.500000,5.900000,8.800000,3.100000,80.000000,59.000000,0.900000,2.000000,3.300000,0.000000,曇一時晴後雨,曇一時雨,https://www.data.jma.go.jp/stats/etrn/view/daily_s1.php?prec_no=61&block_no=47759&year=2020&month=12&day=&view=p1
2020-12-25,2020,12,25,0.000000,6.500000,10.300000,4.100000,70.000000,41.000000,2.500000,9.000000,14.900000,5.300000,雨時々曇後晴,晴一時雨後曇、みぞれを伴う,https://www.data.jma.go.jp/stats/etrn/view/daily_s1.php?prec_no=61&block_no=47759&year=2020&month=12&day=&view=p1
2020-12-26,2020,12,26,0.000000,6.100000,10.000000,2.900000,64.000000,47.000000,1.900000,4.800000,9.600000,5.600000,晴時々曇,晴時々曇,https://www.data.jma.go.jp/stats/etrn/view/daily_s1.php?prec_no=61&block_no=47759&year=2020&month=12&day=&view=p1
2020-12-27,2020,12,27,0.000000,6.700000,12.000000,1.700000,62.000000,34.000000,1.100000,2.800000,4.700000,7.300000,晴時々曇,雨時々曇一時晴,https://www.data.jma.go.jp/stats/etrn/view/daily_s1.php?prec_no=61&block_no=47759&year=2020&month=12&day=&view=p1
2020-12-28,2020,12,28,5.500000,8.400000,13.700000,5.700000,80.000000,54.000000,1.700000,4.700000,8.500000,4.000000,雨時々曇後晴,晴,https://www.data.jma.go.jp/stats/etrn/view/daily_s1.php?prec_no=61&block_no=47759&year=2020&month=12&day=&view=p1
2020-12-29,2020,12,29,0.000000,7.800000,12.500000,3.400000,76.000000,55.000000,1.100000,2.300000,3.900000,5.700000,曇時々晴,曇後時々雨,https://www.data.jma.go.jp/stats/etrn/view/daily_s1.php?prec_no=61&block_no=47759&year=2020&month=12&day=&view=p1
2020-12-30,2020,12,30,15.000000,6.900000,11.700000,1.100000,77.000000,27.000000,2.500000,8.500000,16.100000,3.100000,雨後曇時々晴、みぞれを伴う,雪時々みぞれ後晴一時曇,https://www.data.jma.go.jp/stats/etrn/view/daily_s1.php?prec_no=61&block_no=47759&year=2020&month=12&day=&view=p1
2020-12-31,2020,12,31,1.000000,2.100000,5.700000,0.300000,71.000000,51.000000,2.500000,5.300000,10.200000,5.400000,雪後曇時々晴一時みぞれ,晴,https://www.data.jma.go.jp/stats/etrn/view/daily_s1.php?prec_no=61&block_no=47759&year=2020&month=12&day=&view=p1
2021-10-01,2021,10,1,0.000000,24.700000,27.300000,21.700000,64.000000,55.000000,3.200000,6.300000,12.900000,0.300000,曇後時々雨一時晴,晴一時雨,https://www.data.jma.go.jp/stats/etrn/view/daily_s1.php?prec_no=61&block_no=47759&year=2021&month=10&day=&view=p1
2021-10-02,2021,10,2,0.000000,23.500000,29.700000,18.800000,61.000000,33.000000,2.300000,5.500000,10.800000,10.700000,晴後一時雨,晴,https://www.data.jma.go.jp/stats/etrn/view/daily_s1.php?prec_no=61&block_no=47759&year=2021&month=10&day=&view=p1
2021-10-03,2021,10,3,0.000000,23.600000,30.600000,17.200000,59.000000,25.000000,1.700000,4.100000,6.300000,11.100000,晴,晴,https://www.data.jma.go.jp/stats/etrn/view/daily_s1.php?prec_no=61&block_no=47759&year=2021&month=10&day=&view=p1
2021-10-04,2021,10,4,0.000000,25.000000,31.300000,20.000000,63.000000,35.000000,1.700000,4.000000,7.100000,10.500000,晴後一時曇,晴時々曇,https://www.data.jma.go.jp/stats/etrn/view/daily_s1.php?prec_no=61&block_no=47759&year=2021&month=10&day=&view=p1
2021-10-05,2021,10,5,0.000000,24.700000,30.700000,20.100000,65.000000,39.000000,1.500000,3.300000,5.800000,9.200000,晴,晴時々曇,https://www.data.jma.go.jp/stats/etrn/view/daily_s1.php?prec_no=61&block_no=47759&year=2021&month=10&day=&view=p1
2021-10-06,2021,10,6,0.000000,23.100000,28.300000,19.300000,69.000000,50.000000,2.100000,6.400000,9.800000,7.900000,晴一時曇,晴,https://www.data.jma.go.jp/stats/etrn/view/daily_s1.php?prec_no=61&block_no=47759&year=2021&month=10&day=&view=p1
2021-10-07,2021,10,7,0.000000,24.000000,29.200000,18.600000,71.000000,57.000000,1.700000,3.500000,5.800000,3.500000,晴時々曇,曇一時雨後晴,https://www.data.jma.go.jp/stats/etrn/view/daily_s1.php?prec_no=61&block_no=47759&year=2021&month=10&day=&view=p1
2021-10-08,2021,10,8,0.000000,25.500000,31.200000,21.600000,65.000000,40.000000,1.700000,3.800000,5.400000,6.900000,晴,晴後一時曇,https://www.data.jma.go.jp/stats/etrn/view/daily_s1.php?prec_no=61&block_no=47759&year=2021&month=10&day=&view=p1
2021-10-09,2021,10,9,0.000000,25.300000,31.000000,20.800000,65.000000,44.000000,1.900000,4.500000,7.300000,8.600000,晴一時曇,晴時々曇,https://www.data.jma.go.jp/stats/etrn/view/daily_s1.php?prec_no=61&block_no=47759&year=2021&month=10&day=&view=p1
2021-10-10,2021,10,10,0.000000,25.800000,30.400000,23.000000,66.000000,52.000000,2.600000,6.200000,9.100000,3.100000,曇時々晴一時雨,晴時々曇,https://www.data.jma.go.jp/stats/etrn/view/daily_s1.php?prec_no=61&block_no=47759&year=2021&month=10&day=&view=p1
2021-10-11,2021,10,11,0.000000,24.900000,29.700000,21.300000,70.000000,52.000000,1.500000,3.500000,6.400000,2.200000,曇時々晴一時雨,曇後時々雨,https://www.data.jma.go.jp/stats/etrn/view/daily_s1.php?prec_no=61&block_no=47759&year=2021&month=10&day=&view=p1
2021-10-12,2021,10,12,4.000000,23.800000,28.200000,21.000000,77.000000,60.000000,1.900000,3.300000,6.700000,0.600000,曇一時雨,曇後一時雨,https://www.data.jma.go.jp/stats/etrn/view/daily_s1.php?prec_no=61&block_no=47759&year=2021&month=10&day=&view=p1
2021-10-13,2021,10,13,0.000000,23.200000,26.700000,21.000000,72.000000,62.000000,2.000000,3.700000,6.300000,0.400000,曇,晴時々曇,https://www.data.jma.go.jp/stats/etrn/view/daily_s1.php?prec_no=61&block_no=47759&year=2021&month=10&day=&view=p1
2021-10-14,2021,10,14,0.000000,22.000000,27.400000,18.400000,64.000000,39.000000,1.600000,3.700000,7.200000,7.800000,晴後一時曇,晴,https://www.data.jma.go.jp/stats/etrn/view/daily_s1.php?prec_no=61&block_no=47759&year=2021&month=10&day=&view=p1
2021-10-15,2021,10,15,0.000000,21.500000,28.200000,16.800000,64.000000,39.000000,1.500000,3.700000,6.600000,10.200000,晴,晴,https://www.data.jma.go.jp/stats/etrn/view/daily_s1.php?prec_no=61&block_no=47759&year=2021&month=10&day=&view=p1
2021-10-16,2021,10,16,1.500000,21.900000,28.200000,16.900000,68.000000,50.000000,1.900000,4.900000,8.000000,6.100000,晴後曇一時雨,雨時々曇,https://www.data.jma.go.jp/stats/etrn/view/daily_s1.php?prec_no=61&block_no=47759&year=2021&month=10&day=&view=p1
2021-10-17,2021,10,17,7.000000,16.300000,19.800000,13.500000,69.000000,54.000000,3.100000,6.600000,11.300000,3.200000,雨時々曇一時晴,曇一時雨後晴,https://www.data.jma.go.jp/stats/etrn/view/daily_s1.php?prec_no=61&block_no=47759&year=2021&month=10&day=&view=p1
2021-10-18,2021,10,18,0.000000,15.500000,20.000000,10.800000,60.000000,40.000000,1.700000,3.500000,7.100000,6.100000,曇時々晴,曇後時々雨,https://www.data.jma.go.jp/stats/etrn/view/daily_s1.php?prec_no=61&block_no=47759&year=2021&month=10&day=&view=p1
2021-10-19,2021,10,19,1.000000,16.300000,20.900000,13.100000,72.000000,51.000000,1.600000,4.300000,7.400000,2.700000,晴後曇時々雨,晴一時雨後曇,https://www.data.jma.go.jp/stats/etrn/view/daily_s1.php?prec_no=61&block_no=47759&year=2021&month=10&day=&view=p1
2021-10-20,2021,10,20,0.000000,14.200000,17.800000,11.400000,63.000000,43.000000,3.500000,8.600000,16.200000,9.000000,晴時々雨,曇時々晴一時雨,https://www.data.jma.go.jp/stats/etrn/view/daily_s1.php?prec_no=61&block_no=47759&year=2021&month=10&day=&view=p1
2021-10-21,2021,10,21,0.000000,12.800000,17.800000,9.800000,69.000000,44.000000,1.500000,4.100000,7.800000,2.500000,曇,曇,https://www.data.jma.go.jp/stats/etrn/view/daily_s1.php?prec_no=61&block_no=47759&year=2021&month=10&day=&view=p1
2021-10-22,2021,10,22,0.000000,14.700000,20.900000,10.000000,60.000000,32.000000,2.000000,5.300000,9.400000,7.900000,晴後時々曇,曇時々晴一時雨,https://www.data.jma.go.jp/stats/etrn/view/daily_s1.php?prec_no=61&block_no=47759&year=2021&month=10&day=&view=p1
2021-10-23,2021,10,23,0.000000,14.100000,18.600000,9.900000,59.000000,28.000000,2.800000,7.800000,14.300000,6.000000,晴後時々雨,晴,https://www.data.jma.go.jp/stats/etrn/view/daily_s1.php?prec_no=61&block_no=47759&year=2021&month=10&day=&view=p1
2021-10-24,2021,10,24,0.000000,13.100000,18.000000,8.000000,64.000000,43.000000,1.100000,3.300000,5.800000,5.100000,曇時々晴,曇一時晴,https://www.data.jma.go.jp/stats/etrn/view/daily_s1.php?prec_no=61&block_no=47759&year=2021&month=10&day=&view=p1
2021-10-25,2021,10,25,27.000000,14.500000,16.500000,13.400000,85.000000,70.000000,1.500000,3.500000,6.100000,0.000000,雨,雨後曇時々晴,https://www.data.jma.go.jp/stats/etrn/view/daily_s1.php?prec_no=61&block_no=47759&year=2021&month=10&day=&view=p1
2021-10-26,2021,10,26,0.000000,15.500000,21.700000,11.700000,78.000000,53.000000,1.600000,5.700000,9.500000,5.300000,曇一時雨後晴,晴後一時曇,https://www.data.jma.go.jp/stats/etrn/view/daily_s1.php?prec_no=61&block_no=47759&year=2021&month=10&day=&view=p1
2021-10-27,2021,10,27,0.000000,15.300000,21.500000,11.000000,75.000000,47.000000,1.200000,2.700000,4.800000,6.600000,晴時々曇,晴,https://www.data.jma.go.jp/stats/etrn/view/daily_s1.php?prec_no=61&block_no=47759&year=2021&month=10&day=&view=p1
2021-10-28,2021,10,28,0.000000,15.700000,21.100000,11.000000,68.000000,36.000000,1.900000,6.800000,12.000000,5.300000,晴時々曇一時雨,晴,https://www.data.jma.go.jp/stats/etrn/view/daily_s1.php?prec_no=61&block_no=47759&year=2021&month=10&day=&view=p1
2021-10-29,2021,10,29,0.000000,14.900000,19.800000,10.500000,59.000000,35.000000,2.600000,7.100000,13.000000,10.300000,晴,晴,https://www.data.jma.go.jp/stats/etrn/view/daily_s1.php?prec_no=61&block_no=47759&year=2021&month=10&day=&view=p1
2021-10-30,2021,10,30,0.000000,15.200000,21.800000,9.500000,62.000000,37.000000,1.200000,2.900000,5.400000,9.700000,晴,曇一時晴後一時雨,https://www.data.jma.go.jp/stats/etrn/view/daily_s1.php?prec_no=61&block_no=47759&year=2021&month=10&day=&view=p1
2021-10-31,2021,10,31,0.500000,17.000000,22.400000,14.200000,73.000000,45.000000,1.100000,2.700000,3.900000,2.900000,晴時々雨後曇,晴後一時曇,https://www.data.jma.go.jp/stats/etrn/view/daily_s1.php?prec_no=61&block_no=47759&year=2021&month=10&day=&view=p1
2021-11-01,2021,11,1,0.000000,17.500000,23.800000,12.400000,68.000000,41.000000,1.200000,3.000000,4.900000,7.700000,曇時々晴,曇時々晴,https://www.data.jma.go.jp/stats/etrn/view/daily_s1.php?prec_no=61&block_no=47759&year=2021&month=11&day=&view=p1
2021-11-02,2021,11,2,0.000000,16.600000,22.200000,13.400000,65.000000,35.000000,1.900000,5.700000,9.200000,7.300000,晴時々曇,晴後時々曇,https://www.data.jma.go.jp/stats/etrn/view/daily_s1.php?prec_no=61&block_no=47759&year=2021&month=11&day=&view=p1
2021-11-03,2021,11,3,0.000000,15.500000,22.500000,11.300000,67.000000,37.000000,1.900000,5.300000,10.000000,8.700000,晴,晴,https://www.data.jma.go.jp/stats/etrn/view/daily_s1.php?prec_no=61&block_no=47759&year=2021&month=11&day=&view=p1
2021-11-04,2021,11,4,0.000000,14.800000,21.500000,10.400000,67.000000,39.000000,1.900000,5.000000,8.500000,8.000000,晴後曇一時雨、雷を伴う,晴,https://www.data.jma.go.jp/stats/etrn/view/daily_s1.php?prec_no=61&block_no=47759&year=2021&month=11&day=&view=p1
2021-11-05,2021,11,5,0.000000,14.500000,20.100000,10.700000,67.000000,46.000000,1.600000,4.700000,9.800000,6.600000,晴一時雨後一時曇,晴一時曇,https://www.data.jma.go.jp/stats/etrn/view/daily_s1.php?prec_no=61&block_no=47759&year=2021&month=11&day=&view=p1
2021-11-06,2021,11,6,0.000000,14.200000,19.800000,9.300000,63.000000,35.000000,1.200000,2.800000,4.300000,7.800000,晴後時々曇,曇後一時晴,https://www.data.jma.go.jp/stats/etrn/view/daily_s1.php?prec_no=61&block_no=47759&year=2021&month=11&day=&view=p1
2021-11-07,2021,11,7,0.000000,16.900000,22.700000,12.000000,59.000000,42.000000,1.900000,4.800000,8.300000,8.600000,晴,晴,https://www.data.jma.go.jp/stats/etrn/view/daily_s1.php?prec_no=61&block_no=47759&year=2021&month=11&day=&view=p1
2021-11-08,2021,11,8,0.000000,19.000000,22.400000,14.100000,62.000000,52.000000,3.200000,6.300000,11.400000,2.700000,曇一時晴後時々雨,雨時々曇,https://www.data.jma.go.jp/stats/etrn/view/daily_s1.php?prec_no=61&block_no=47759&year=2021&month=11&day=&view=p1
2021-11-09,2021,11,9,24.000000,15.200000,19.200000,11.500000,79.000000,65.000000,2.200000,4.900000,8.400000,0.000000,雨時々曇,曇時々晴一時雨,https://www.data.jma.go.jp/stats/etrn/view/daily_s1.php?prec_no=61&block_no=47759&year=2021&month=11&day=&view=p1
2021-11-10,2021,11,10,0.500000,12.600000,16.900000,10.100000,64.000000,39.000000,2.600000,6.000000,13.400000,4.800000,曇後晴一時雨,晴時々雨一時曇,https://www.data.jma.go.jp/stats/etrn/view/daily_s1.php?prec_no=61&block_no=47759&year=2021&month=11&day=&view=p1
2021-11-11,2021,11,11,0.000000,12.600000,17.600000,8.800000,69.000000,43.000000,2.300000,5.100000,9.300000,6.000000,晴後時々曇,晴一時曇後一時雨,https://www.data.jma.go.jp/stats/etrn/view/daily_s1.php?prec_no=61&block_no=47759&year=2021&month=11&day=&view=p1
2021-11-12,2021,11,12,0.000000,11.200000,16.900000,7.700000,63.000000,36.000000,2.000000,5.800000,10.900000,4.900000,晴一時雨後曇,晴時々曇,https://www.data.jma.go.jp/stats/etrn/view/daily_s1.php?prec_no=61&block_no=47759&year=2021&month=11&day=&view=p1
2021-11-13,2021,11,13,0.000000,10.500000,17.100000,5.400000,64.000000,37.000000,1.500000,4.400000,7.800000,7.600000,晴後一時曇,曇一時晴,https://www.data.jma.go.jp/stats/etrn/view/daily_s1.php?prec_no=61&block_no=47759&year=2021&month=11&day=&view=p1
2021-11-14,2021,11,14,0.000000,12.100000,16.900000,9.100000,71.000000,53.000000,1.200000,3.300000,5.600000,3.600000,曇時々晴,晴,https://www.data.jma.go.jp/stats/etrn/view/daily_s1.php?prec_no=61&block_no=47759&year=2021&month=11&day=&view=p1
2021-11-15,2021,11,15,0.000000,12.800000,20.000000,7.200000,72.000000,41.000000,1.300000,4.000000,8.000000,7.900000,晴後一時曇,晴,https://www.data.jma.go.jp/stats/etrn/view/daily_s1.php?prec_no=61&block_no=47759&year=2021&month=11&day=&view=p1
2021-11-16,2021,11,16,0.000000,13.500000,19.400000,8.600000,68.000000,40.000000,1.600000,5.000000,7.900000,7.600000,晴後時々曇,曇後晴,https://www.data.jma.go.jp/stats/etrn/view/daily_s1.php?prec_no=61&block_no=47759&year=2021&month=11&day=&view=p1
2021-11-17,2021,11,17,0.000000,12.800000,19.100000,8.200000,65.000000,33.000000,1.400000,3.500000,6.900000,8.000000,晴後一時曇,曇時々晴,https://www.data.jma.go.jp/stats/etrn/view/daily_s1.php?prec_no=61&block_no=47759&year=2021&month=11&day=&view=p1
2021-11-18,2021,11,18,0.000000,13.100000,18.900000,8.800000,67.000000,38.000000,1.300000,3.500000,6.700000,8.100000,晴時々曇,晴後時々曇,https://www.data.jma.go.jp/stats/etrn/view/daily_s1.php?prec_no=61&block_no=47759&year=2021&month=11&day=&view=p1
2021-11-19,2021,11,19,0.000000,12.800000,19.400000,8.000000,66.000000,42.000000,1.200000,3.300000,5.500000,9.100000,晴後一時曇,晴後一時曇,https://www.data.jma.go.jp/stats/etrn/view/daily_s1.php?prec_no=61&block_no=47759&year=2021&month=11&day=&view=p1
2021-11-20,2021,11,20,0.000000,13.500000,20.100000,8.900000,66.000000,39.000000,1.500000,4.500000,8.200000,8.700000,晴,晴,https://www.data.jma.go.jp/stats/etrn/view/daily_s1.php?prec_no=61&block_no=47759&year=2021&month=11&day=&view=p1
2021-11-21,2021,11,21,0.000000,13.800000,19.200000,8.300000,69.000000,47.000000,1.000000,2.400000,4.200000,5.600000,曇時々晴,曇,https://www.data.jma.go.jp/stats/etrn/view/daily_s1.php?prec_no=61&block_no=47759&year=2021&month=11&day=&view=p1
2021-11-22,2021,11,22,23.500000,14.200000,16.200000,11.200000,83.000000,62.000000,1.800000,6.300000,11.700000,0.000000,雨一時曇,曇時々雨,https://www.data.jma.go.jp/stats/etrn/view/daily_s1.php?prec_no=61&block_no=47759&year=2021&month=11&day=&view=p1
2021-11-23,2021,11,23,0.000000,9.800000,13.700000,6.600000,55.000000,36.000000,2.800000,6.400000,10.300000,7.500000,晴時々曇,晴後一時曇,https://www.data.jma.go.jp/stats/etrn/view/daily_s1.php?prec_no=61&block_no=47759&year=2021&month=11&day=&view=p1
2021-11-24,2021,11,24,0.000000,9.700000,13.100000,5.500000,56.000000,39.000000,2.200000,5.400000,9.900000,5.500000,曇時々晴,曇時々晴,https://www.data.jma.go.jp/stats/etrn/view/daily_s1.php?prec_no=61&block_no=47759&year=2021&month=11&day=&view=p1
2021-11-25,2021,11,25,0.000000,11.600000,16.500000,7.600000,62.000000,37.000000,1.600000,4.900000,8.700000,4.400000,晴後時々曇,晴時々曇,https://www.data.jma.go.jp/stats/etrn/view/daily_s1.php?prec_no=61&block_no=47759&year=2021&month=11&day=&view=p1
2021-11-26,2021,11,26,0.000000,11.700000,17.700000,7.900000,61.000000,34.000000,2.300000,6.300000,10.600000,7.100000,晴後一時曇,晴後雨時々曇,https://www.data.jma.go.jp/stats/etrn/view/daily_s1.php?prec_no=61&block_no=47759&year=2021&month=11&day=&view=p1
2021-11-27,2021,11,27,2.500000,7.400000,11.100000,4.600000,73.000000,52.000000,2.200000,6.600000,13.200000,5.200000,晴後雨一時曇,雨後晴時々曇,https://www.data.jma.go.jp/stats/etrn/view/daily_s1.php?prec_no=61&block_no=47759&year=2021&month=11&day=&view=p1
2021-11-28,2021,11,28,0.000000,7.300000,13.900000,3.500000,73.000000,41.000000,1.400000,4.400000,8.000000,7.900000,晴,晴,https://www.data.jma.go.jp/stats/etrn/view/daily_s1.php?prec_no=61&block_no=47759&year=2021&month=11&day=&view=p1
2021-11-29,2021,11,29,0.000000,7.800000,14.900000,2.300000,67.000000,31.000000,1.200000,2.900000,4.500000,9.400000,晴,晴,https://www.data.jma.go.jp/stats/etrn/view/daily_s1.php?prec_no=61&block_no=47759&year=2021&month=11&day=&view=p1
2021-11-30,2021,11,30,17.000000,11.900000,18.200000,5.100000,72.000000,52.000000,1.700000,4.900000,8.200000,4.100000,曇時々晴,大雨時々曇,https://www.data.jma.go.jp/stats/etrn/view/daily_s1.php?prec_no=61&block_no=47759&year=2021&month=11&day=&view=p1
2021-12-01,2021,12,1,15.000000,10.300000,13.200000,5.400000,59.000000,36.000000,2.900000,5.400000,10.100000,2.800000,曇時々晴一時雨,晴時々曇、みぞれを伴う,https://www.data.jma.go.jp/stats/etrn/view/daily_s1.php?prec_no=61&block_no=47759&year=2021&month=12&day=&view=p1
2021-12-02,2021,12,2,0.000000,6.800000,12.100000,2.800000,63.000000,43.000000,1.900000,4.000000,6.200000,6.600000,晴一時曇,晴時々曇,https://www.data.jma.go.jp/stats/etrn/view/daily_s1.php?prec_no=61&block_no=47759&year=2021&month=12&day=&view=p1
2021-12-03,2021,12,3,0.000000,8.000000,13.300000,3.300000,70.000000,44.000000,1.500000,4.600000,8.800000,6.700000,晴後一時曇,晴一時雨後曇,https://www.data.jma.go.jp/stats/etrn/view/daily_s1.php?prec_no=61&block_no=47759&year=2021&month=12&day=&view=p1
2021-12-04,2021,12,4,0.000000,8.000000,12.200000,5.500000,70.000000,44.000000,2.000000,4.900000,9.300000,4.100000,晴後曇一時雨,晴後雨時々曇,https://www.data.jma.go.jp/stats/etrn/view/daily_s1.php?prec_no=61&block_no=47759&year=2021&month=12&day=&view=p1
2021-12-05,2021,12,5,0.000000,6.300000,9.600000,4.300000,73.000000,54.000000,1.400000,3.700000,6.400000,0.100000,雨後曇時々晴,晴後雨時々曇,https://www.data.jma.go.jp/stats/etrn/view/daily_s1.php?prec_no=61&block_no=47759&year=2021&month=12&day=&view=p1
2021-12-06,2021,12,6,0.000000,9.900000,14.200000,4.900000,81.000000,68.000000,1.200000,4.000000,6.200000,1.900000,曇一時晴,雨時々曇,https://www.data.jma.go.jp/stats/etrn/view/daily_s1.php?prec_no=61&block_no=47759&year=2021&month=12&day=&view=p1
2021-12-07,2021,12,7,29.500000,11.000000,11.600000,10.200000,93.000000,85.000000,1.200000,2.600000,3.700000,0.000000,雨,曇時々晴後雨,https://www.data.jma.go.jp/stats/etrn/view/daily_s1.php?prec_no=61&block_no=47759&year=2021&month=12&day=&view=p1
2021-12-08,2021,12,8,4.000000,11.100000,12.600000,8.800000,71.000000,52.000000,2.700000,5.200000,9.900000,0.700000,曇時々雨,曇一時雨後晴,https://www.data.jma.go.jp/stats/etrn/view/daily_s1.php?prec_no=61&block_no=47759&year=2021&month=12&day=&view=p1
2021-12-09,2021,12,9,0.000000,10.100000,15.800000,6.300000,73.000000,46.000000,1.400000,3.600000,6.400000,9.200000,晴,曇時々晴,https://www.data.jma.go.jp/stats/etrn/view/daily_s1.php?prec_no=61&block_no=47759&year=2021&month=12&day=&view=p1
2021-12-10,2021,12,10,0.000000,10.300000,15.600000,6.300000,75.000000,53.000000,1.000000,2.300000,4.100000,5.600000,晴時々曇,晴,https://www.data.jma.go.jp/stats/etrn/view/daily_s1.php?prec_no=61&block_no=47759&year=2021&month=12&day=&view=p1
2021-12-11,2021,12,11,0.000000,10.600000,16.000000,6.600000,79.000000,56.000000,1.000000,2.600000,4.500000,6.000000,晴後一時曇,晴後一時曇,https://www.data.jma.go.jp/stats/etrn/view/daily_s1.php?prec_no=61&block_no=47759&year=2021&month=12&day=&view=p1
2021-12-12,2021,12,12,0.000000,11.400000,15.800000,7.900000,76.000000,56.000000,1.300000,4.400000,9.100000,1.000000,曇時々晴,曇時々雨一時晴,https://www.data.jma.go.jp/stats/etrn/view/daily_s1.php?prec_no=61&block_no=47759&year=2021&month=12&day=&view=p1
2021-12-13,2021,12,13,0.000000,8.100000,11.000000,5.400000,69.000000,55.000000,2.700000,6.100000,10.600000,5.600000,晴後雨一時曇,晴時々雨一時曇,https://www.data.jma.go.jp/stats/etrn/view/daily_s1.php?prec_no=61&block_no=47759&year=2021&month=12&day=&view=p1
2021-12-14,2021,12,14,0.000000,7.100000,11.900000,4.000000,72.000000,47.000000,1.400000,3.500000,7.300000,8.000000,晴,晴後時々曇,https://www.data.jma.go.jp/stats/etrn/view/daily_s1.php?prec_no=61&block_no=47759&year=2021&month=12&day=&view=p1
2021-12-15,2021,12,15,0.000000,7.800000,14.100000,3.100000,70.000000,42.000000,1.300000,3.900000,8.000000,6.800000,晴後一時曇,晴,https://www.data.jma.go.jp/stats/etrn/view/daily_s1.php?prec_no=61&block_no=47759&year=2021&month=12&day=&view=p1
2021-12-16,2021,12,16,4.500000,9.800000,15.400000,4.000000,75.000000,47.000000,1.200000,3.100000,6.400000,3.200000,曇時々晴一時雨,雨一時曇,https://www.data.jma.go.jp/stats/etrn/view/daily_s1.php?prec_no=61&block_no=47759&year=2021&month=12&day=&view=p1
2021-12-17,2021,12,17,17.000000,8.900000,14.400000,1.000000,77.000000,44.000000,3.300000,7.100000,15.400000,1.600000,雨後曇時々晴,雪時々みぞれ一時雨,https://www.data.jma.go.jp/stats/etrn/view/daily_s1.php?prec_no=61&block_no=47759&year=2021&month=12&day=&view=p1
2021-12-18,2021,12,18,0.500000,3.200000,5.900000,0.900000,75.000000,57.000000,3.000000,5.600000,9.800000,6.100000,曇時々雪一時みぞれ後晴,晴一時曇,https://www.data.jma.go.jp/stats/etrn/view/daily_s1.php?prec_no=61&block_no=47759&year=2021&month=12&day=&view=p1
2021-12-19,2021,12,19,0.000000,5.300000,9.500000,0.900000,58.000000,42.000000,2.500000,5.500000,10.900000,7.200000,晴後一時曇,曇時々晴一時雨,https://www.data.jma.go.jp/stats/etrn/view/daily_s1.php?prec_no=61&block_no=47759&year=2021&month=12&day=&view=p1
2021-12-20,2021,12,20,0.000000,7.000000,12.000000,3.900000,62.000000,41.000000,1.700000,4.400000,9.500000,4.100000,曇時々晴,晴後一時曇,https://www.data.jma.go.jp/stats/etrn/view/daily_s1.php?prec_no=61&block_no=47759&year=2021&month=12&day=&view=p1
2021-12-21,2021,12,21,0.000000,8.100000,14.700000,3.700000,72.000000,47.000000,1.500000,5.200000,9.400000,6.300000,晴時々曇,晴,https://www.data.jma.go.jp/stats/etrn/view/daily_s1.php?prec_no=61&block_no=47759&year=2021&month=12&day=&view=p1
2021-12-22,2021,12,22,0.000000,7.300000,12.500000,3.900000,75.000000,52.000000,1.600000,4.700000,8.700000,4.100000,晴時々曇,晴,https://www.data.jma.go.jp/stats/etrn/view/daily_s1.php?prec_no=61&block_no=47759&year=2021&month=12&day=&view=p1
2021-12-23,2021,12,23,0.000000,6.400000,12.000000,2.100000,69.000000,42.000000,1.200000,2.900000,4.800000,8.800000,晴,晴,https://www.data.jma.go.jp/stats/etrn/view/daily_s1.php?prec_no=61&block_no=47759&year=2021&month=12&day=&view=p1
2021-12-24,2021,12,24,1.000000,8.500000,13.800000,3.000000,74.000000,46.000000,0.900000,2.000000,3.700000,5.300000,晴後曇一時雨,雨時々曇,https://www.data.jma.go.jp/stats/etrn/view/daily_s1.php?prec_no=61&block_no=47759&year=2021&month=12&day=&view=p1
2021-12-25,2021,12,25,0.500000,7.500000,10.900000,2.600000,79.000000,64.000000,2.700000,6.100000,12.400000,2.400000,曇時々晴後雨,雨後曇一時雪,https://www.data.jma.go.jp/stats/etrn/view/daily_s1.php?prec_no=61&block_no=47759&year=2021&month=12&day=&view=p1
2021-12-26,2021,12,26,1.000000,1.700000,4.600000,-0.200000,80.000000,56.000000,3.600000,7.000000,12.600000,7.200000,雪時々晴一時みぞれ,雪時々晴,https://www.data.jma.go.jp/stats/etrn/view/daily_s1.php?prec_no=61&block_no=47759&year=2021&month=12&day=&view=p1
2021-12-27,2021,12,27,0.500000,1.800000,5.800000,-1.100000,67.000000,48.000000,2.700000,4.700000,8.900000,5.800000,晴後時々曇,曇時々晴一時雪,https://www.data.jma.go.jp/stats/etrn/view/daily_s1.php?prec_no=61&block_no=47759&year=2021&month=12&day=&view=p1
2021-12-28,2021,12,28,0.000000,4.000000,7.900000,1.700000,74.000000,57.000000,2.200000,4.500000,8.000000,6.400000,みぞれ後雨時々曇一時晴,晴時々曇,https://www.data.jma.go.jp/stats/etrn/view/daily_s1.php?prec_no=61&block_no=47759&year=2021&month=12&day=&view=p1
2021-12-29,2021,12,29,0.000000,5.500000,10.600000,1.300000,74.000000,51.000000,1.100000,2.600000,4.800000,2.600000,曇時々晴,曇後雨時々晴,https://www.data.jma.go.jp/stats/etrn/view/daily_s1.php?prec_no=61&block_no=47759&year=2021&month=12&day=&view=p1
2021-12-30,2021,12,30,0.000000,6.600000,10.700000,3.100000,61.000000,30.000000,3.200000,7.200000,14.300000,8.700000,晴後一時雨,晴,https://www.data.jma.go.jp/stats/etrn/view/daily_s1.php?prec_no=61&block_no=47759&year=2021&month=12&day=&view=p1
2021-12-31,2021,12,31,3.000000,1.700000,3.100000,0.500000,81.000000,58.000000,2.900000,5.300000,9.900000,1.700000,雪時々晴後みぞれ,雪一時晴後時々曇,https://www.data.jma.go.jp/stats/etrn/view/daily_s1.php?prec_no=61&block_no=47759&year=2021&month=12&day=&view=p1
2022-10-01,2022,10,1,0.000000,23.700000,30.900000,18.200000,59.000000,30.000000,1.600000,4.700000,7.900000,10.700000,晴,晴後時々曇,https://www.data.jma.go.jp/stats/etrn/view/daily_s1.php?prec_no=61&block_no=47759&year=2022&month=10&day=&view=p1
2022-10-02,2022,10,2,0.000000,24.200000,31.200000,18.000000,59.000000,33.000000,1.500000,3.500000,6.700000,10.000000,晴,曇一時晴,https://www.data.jma.go.jp/stats/etrn/view/daily_s1.php?prec_no=61&block_no=47759&year=2022&month=10&day=&view=p1
2022-10-03,2022,10,3,0.000000,25.000000,30.400000,20.300000,63.000000,41.000000,1.700000,4.600000,7.700000,4.100000,曇時々晴,曇時々雨一時晴,https://www.data.jma.go.jp/stats/etrn/view/daily_s1.php?prec_no=61&block_no=47759&year=2022&month=10&day=&view=p1
2022-10-04,2022,10,4,0.000000,26.000000,30.200000,21.900000,69.000000,51.000000,2.500000,5.900000,9.500000,6.300000,曇時々晴,曇時々雨,https://www.data.jma.go.jp/stats/etrn/view/daily_s1.php?prec_no=61&block_no=47759&year=2022&month=10&day=&view=p1
2022-10-05,2022,10,5,0.000000,20.600000,26.000000,16.600000,65.000000,53.000000,3.400000,6.200000,10.300000,0.400000,曇後一時雨,晴時々曇,https://www.data.jma.go.jp/stats/etrn/view/daily_s1.php?prec_no=61&block_no=47759&year=2022&month=10&day=&view=p1
2022-10-06,2022,10,6,0.000000,18.200000,21.700000,16.300000,56.000000,38.000000,1.900000,4.100000,6.900000,0.700000,曇一時雨,曇後時々雨,https://www.data.jma.go.jp/stats/etrn/view/daily_s1.php?prec_no=61&block_no=47759&year=2022&month=10&day=&view=p1
2022-10-07,2022,10,7,45.500000,16.500000,17.400000,15.200000,90.000000,68.000000,1.100000,2.800000,4.500000,0.000000,大雨後一時曇,曇時々雨,https://www.data.jma.go.jp/stats/etrn/view/daily_s1.php?prec_no=61&block_no=47759&year=2022&month=10&day=&view=p1
2022-10-08,2022,10,8,0.000000,17.700000,21.400000,13.700000,68.000000,50.000000,2.700000,6.000000,10.700000,3.000000,曇後一時晴,曇時々晴,https://www.data.jma.go.jp/stats/etrn/view/daily_s1.php?prec_no=61&block_no=47759&year=2022&month=10&day=&view=p1
2022-10-09,2022,10,9,20.000000,15.900000,19.400000,12.900000,83.000000,64.000000,1.300000,3.300000,7.300000,0.000000,雨時々曇,雨、雷を伴う,https://www.data.jma.go.jp/stats/etrn/view/daily_s1.php?prec_no=61&block_no=47759&year=2022&month=10&day=&view=p1
2022-10-10,2022,10,10,20.500000,18.700000,22.200000,16.300000,86.000000,55.000000,1.600000,4.000000,8.300000,0.000000,曇時々雨,曇後時々晴,https://www.data.jma.go.jp/stats/etrn/view/daily_s1.php?prec_no=61&block_no=47759&year=2022&month=10&day=&view=p1
2022-10-11,2022,10,11,0.000000,16.700000,22.700000,12.500000,62.000000,40.000000,2.200000,4.900000,8.700000,5.400000,曇時々晴,曇,https://www.data.jma.go.jp/stats/etrn/view/daily_s1.php?prec_no=61&block_no=47759&year=2022&month=10&day=&view=p1
2022-10-12,2022,10,12,0.000000,17.200000,20.000000,14.400000,73.000000,57.000000,1.000000,2.400000,3.800000,0.000000,曇後一時雨,曇一時雨後晴,https://www.data.jma.go.jp/stats/etrn/view/daily_s1.php?prec_no=61&block_no=47759&year=2022&month=10&day=&view=p1
2022-10-13,2022,10,13,0.000000,19.500000,25.000000,15.100000,69.000000,47.000000,1.600000,4.400000,7.600000,5.500000,晴後曇,晴,https://www.data.jma.go.jp/stats/etrn/view/daily_s1.php?prec_no=61&block_no=47759&year=2022&month=10&day=&view=p1
2022-10-14,2022,10,14,0.000000,20.000000,27.200000,15.000000,70.000000,47.000000,1.300000,3.100000,5.200000,9.100000,晴,晴,https://www.data.jma.go.jp/stats/etrn/view/daily_s1.php?prec_no=61&block_no=47759&year=2022&month=10&day=&view=p1
2022-10-15,2022,10,15,0.000000,20.300000,27.100000,15.300000,70.000000,49.000000,1.400000,4.200000,6.200000,8.200000,晴,晴,https://www.data.jma.go.jp/stats/etrn/view/daily_s1.php?prec_no=61&block_no=47759&year=2022&month=10&day=&view=p1
2022-10-16,2022,10,16,0.000000,21.600000,27.800000,16.000000,72.000000,52.000000,1.400000,3.700000,5.800000,4.400000,晴後一時雨一時曇,曇時々晴後雨,https://www.data.jma.go.jp/stats/etrn/view/daily_s1.php?prec_no=61&block_no=47759&year=2022&month=10&day=&view=p1
2022-10-17,2022,10,17,6.000000,19.700000,21.300000,17.600000,89.000000,77.000000,1.100000,2.900000,4.300000,0.000000,雨時々曇,雨後曇時々晴,https://www.data.jma.go.jp/stats/etrn/view/daily_s1.php?prec_no=61&block_no=47759&year=2022&month=10&day=&view=p1
2022-10-18,2022,10,18,0.000000,17.300000,21.300000,13.200000,70.000000,49.000000,2.900000,7.000000,13.000000,7.500000,晴後曇一時雨,晴,https://www.data.jma.go.jp/stats/etrn/view/daily_s1.php?prec_no=61&block_no=47759&year=2022&month=10&day=&view=p1
2022-10-19,2022,10,19,0.000000,15.800000,22.100000,10.800000,55.000000,30.000000,2.100000,5.500000,8.500000,10.500000,晴,晴,https://www.data.jma.go.jp/stats/etrn/view/daily_s1.php?prec_no=61&block_no=47759&year=2022&month=10&day=&view=p1
2022-10-20,2022,10,20,0.000000,15.700000,22.700000,10.400000,61.000000,40.000000,1.400000,3.400000,9.200000,10.700000,晴,晴,https://www.data.jma.go.jp/stats/etrn/view/daily_s1.php?prec_no=61&block_no=47759&year=2022&month=10&day=&view=p1
2022-10-21,2022,10,21,0.000000,17.000000,23.400000,10.700000,65.000000,41.000000,1.500000,5.000000,8.500000,10.000000,晴,曇,https://www.data.jma.go.jp/stats/etrn/view/daily_s1.php?prec_no=61&block_no=47759&year=2022&month=10&day=&view=p1
2022-10-22,2022,10,22,0.000000,19.400000,25.000000,15.900000,72.000000,55.000000,1.400000,4.700000,7.600000,2.800000,曇後時々晴,晴後雨時々曇,https://www.data.jma.go.jp/stats/etrn/view/daily_s1.php?prec_no=61&block_no=47759&year=2022&month=10&day=&view=p1
2022-10-23,2022,10,23,0.000000,19.400000,24.700000,16.200000,64.000000,33.000000,2.200000,5.000000,8.300000,9.600000,晴,晴後雨時々曇,https://www.data.jma.go.jp/stats/etrn/view/daily_s1.php?prec_no=61&block_no=47759&year=2022&month=10&day=&view=p1
2022-10-24,2022,10,24,0.500000,15.300000,20.200000,11.700000,63.000000,39.000000,2.400000,5.200000,8.100000,3.900000,曇時々晴一時雨,晴時々曇,https://www.data.jma.go.jp/stats/etrn/view/daily_s1.php?prec_no=61&block_no=47759&year=2022&month=10&day=&view=p1
2022-10-25,2022,10,25,0.000000,14.600000,19.700000,10.600000,57.000000,36.000000,3.000000,7.500000,13.200000,8.900000,晴,晴,https://www.data.jma.go.jp/stats/etrn/view/daily_s1.php?prec_no=61&block_no=47759&year=2022&month=10&day=&view=p1
2022-10-26,2022,10,26,0.000000,14.200000,21.400000,9.000000,62.000000,28.000000,1.800000,5.400000,9.400000,10.500000,晴,晴,https://www.data.jma.go.jp/stats/etrn/view/daily_s1.php?prec_no=61&block_no=47759&year=2022&month=10&day=&view=p1
2022-10-27,2022,10,27,0.000000,13.500000,19.300000,9.300000,68.000000,39.000000,1.100000,2.800000,5.100000,3.100000,曇時々晴,晴,https://www.data.jma.go.jp/stats/etrn/view/daily_s1.php?prec_no=61&block_no=47759&year=2022&month=10&day=&view=p1
2022-10-28,2022,10,28,0.000000,15.200000,22.400000,9.500000,65.000000,36.000000,1.500000,5.500000,9.800000,10.200000,晴,晴,https://www.data.jma.go.jp/stats/etrn/view/daily_s1.php?prec_no=61&block_no=47759&year=2022&month=10&day=&view=p1
2022-10-29,2022,10,29,0.000000,14.900000,19.300000,11.500000,63.000000,38.000000,2.300000,6.400000,12.300000,8.600000,晴,晴時々曇,https://www.data.jma.go.jp/stats/etrn/view/daily_s1.php?prec_no=61&block_no=47759&year=2022&month=10&day=&view=p1
2022-10-30,2022,10,30,0.000000,13.600000,19.900000,9.500000,65.000000,39.000000,1.600000,5.800000,9.000000,6.100000,晴時々曇,晴,https://www.data.jma.go.jp/stats/etrn/view/daily_s1.php?prec_no=61&block_no=47759&year=2022&month=10&day=&view=p1
2022-10-31,2022,10,31,0.000000,14.700000,20.500000,8.900000,69.000000,44.000000,1.500000,4.000000,6.700000,4.000000,曇時々晴一時雨,曇一時晴後時々雨,https://www.data.jma.go.jp/stats/etrn/view/daily_s1.php?prec_no=61&block_no=47759&year=2022&month=10&day=&view=p1
2022-11-01,2022,11,1,13.500000,15.500000,17.500000,13.200000,79.000000,54.000000,1.800000,4.200000,6.900000,0.000000,雨時々曇,晴時々雨後曇,https://www.data.jma.go.jp/stats/etrn/view/daily_s1.php?prec_no=61&block_no=47759&year=2022&month=11&day=&view=p1
2022-11-02,2022,11,2,0.000000,17.200000,24.000000,12.700000,77.000000,47.000000,1.400000,4.200000,6.600000,9.700000,晴,晴,https://www.data.jma.go.jp/stats/etrn/view/daily_s1.php?prec_no=61&block_no=47759&year=2022&month=11&day=&view=p1
2022-11-03,2022,11,3,0.000000,16.400000,23.200000,11.300000,73.000000,41.000000,1.300000,3.500000,6.800000,9.400000,晴,晴後一時曇,https://www.data.jma.go.jp/stats/etrn/view/daily_s1.php?prec_no=61&block_no=47759&year=2022&month=11&day=&view=p1
2022-11-04,2022,11,4,0.000000,15.700000,22.200000,11.500000,69.000000,39.000000,2.000000,5.600000,11.500000,8.500000,晴一時曇,晴,https://www.data.jma.go.jp/stats/etrn/view/daily_s1.php?prec_no=61&block_no=47759&year=2022&month=11&day=&view=p1
2022-11-05,2022,11,5,0.000000,13.200000,18.400000,9.500000,71.000000,45.000000,1.500000,3.900000,6.400000,4.600000,晴後時々曇,晴,https://www.data.jma.go.jp/stats/etrn/view/daily_s1.php?prec_no=61&block_no=47759&year=2022&month=11&day=&view=p1
2022-11-06,2022,11,6,0.000000,13.000000,19.600000,8.600000,64.000000,35.000000,1.600000,4.500000,7.300000,9.300000,晴,晴時々曇,https://www.data.jma.go.jp/stats/etrn/view/daily_s1.php?prec_no=61&block_no=47759&year=2022&month=11&day=&view=p1
2022-11-07,2022,11,7,0.000000,13.400000,20.100000,7.600000,62.000000,34.000000,1.100000,3.200000,5.300000,8.500000,晴時々曇一時雨,晴,https://www.data.jma.go.jp/stats/etrn/view/daily_s1.php?prec_no=61&block_no=47759&year=2022&month=11&day=&view=p1
2022-11-08,2022,11,8,0.000000,13.900000,20.900000,9.400000,69.000000,41.000000,1.700000,5.400000,10.200000,8.200000,晴後一時曇,晴,https://www.data.jma.go.jp/stats/etrn/view/daily_s1.php?prec_no=61&block_no=47759&year=2022&month=11&day=&view=p1
2022-11-09,2022,11,9,0.000000,13.600000,19.900000,8.900000,68.000000,42.000000,1.200000,2.900000,5.600000,9.800000,晴,晴,https://www.data.jma.go.jp/stats/etrn/view/daily_s1.php?prec_no=61&block_no=47759&year=2022&month=11&day=&view=p1
2022-11-10,2022,11,10,0.000000,14.700000,21.700000,8.600000,69.000000,41.000000,1.200000,3.100000,4.800000,7.900000,晴一時曇,晴,https://www.data.jma.go.jp/stats/etrn/view/daily_s1.php?prec_no=61&block_no=47759&year=2022&month=11&day=&view=p1
2022-11-11,2022,11,11,0.000000,15.500000,21.900000,10.500000,69.000000,41.000000,1.000000,2.400000,3.900000,9.600000,晴,晴,https://www.data.jma.go.jp/stats/etrn/view/daily_s1.php?prec_no=61&block_no=47759&year=2022&month=11&day=&view=p1
2022-11-12,2022,11,12,0.000000,16.800000,23.700000,10.900000,69.000000,45.000000,1.100000,2.300000,5.100000,9.700000,晴,晴後時々曇,https://www.data.jma.go.jp/stats/etrn/view/daily_s1.php?prec_no=61&block_no=47759&year=2022&month=11&day=&view=p1
2022-11-13,2022,11,13,12.500000,16.100000,18.100000,13.800000,85.000000,72.000000,1.200000,4.200000,7.300000,0.400000,雨時々曇,曇時々雨一時晴,https://www.data.jma.go.jp/stats/etrn/view/daily_s1.php?prec_no=61&block_no=47759&year=2022&month=11&day=&view=p1
2022-11-14,2022,11,14,0.000000,13.600000,16.300000,9.600000,67.000000,48.000000,2.400000,5.600000,9.600000,2.300000,曇時々雨一時晴,晴時々曇,https://www.data.jma.go.jp/stats/etrn/view/daily_s1.php?prec_no=61&block_no=47759&year=2022&month=11&day=&view=p1
2022-11-15,2022,11,15,0.000000,12.800000,19.300000,8.100000,65.000000,36.000000,1.600000,5.600000,9.200000,8.500000,晴一時曇,晴一時曇,https://www.data.jma.go.jp/stats/etrn/view/daily_s1.php?prec_no=61&block_no=47759&year=2022&month=11&day=&view=p1
2022-11-16,2022,11,16,0.000000,12.400000,17.600000,9.000000,65.000000,42.000000,1.700000,3.900000,6.200000,5.300000,晴時々曇一時雨,晴,https://www.data.jma.go.jp/stats/etrn/view/daily_s1.php?prec_no=61&block_no=47759&year=2022&month=11&day=&view=p1
2022-11-17,2022,11,17,0.000000,11.400000,16.600000,6.900000,72.000000,50.000000,1.100000,2.400000,4.200000,5.700000,曇時々晴,晴,https://www.data.jma.go.jp/stats/etrn/view/daily_s1.php?prec_no=61&block_no=47759&year=2022&month=11&day=&view=p1
2022-11-18,2022,11,18,0.000000,11.900000,18.500000,6.700000,70.000000,42.000000,1.100000,2.600000,4.200000,9.800000,晴,晴,https://www.data.jma.go.jp/stats/etrn/view/daily_s1.php?prec_no=61&block_no=47759&year=2022&month=11&day=&view=p1
2022-11-19,2022,11,19,0.000000,12.300000,18.500000,7.800000,68.000000,39.000000,1.200000,3.300000,5.300000,6.800000,晴時々曇,晴後雨時々曇,https://www.data.jma.go.jp/stats/etrn/view/daily_s1.php?prec_no=61&block_no=47759&year=2022&month=11&day=&view=p1
2022-11-20,2022,11,20,6.000000,14.700000,17.600000,10.600000,76.000000,53.000000,1.600000,5.200000,10.100000,0.000000,曇時々雨,雨時々曇,https://www.data.jma.go.jp/stats/etrn/view/daily_s1.php?prec_no=61&block_no=47759&year=2022&month=11&day=&view=p1
2022-11-21,2022,11,21,12.000000,15.000000,19.800000,11.900000,82.000000,55.000000,1.400000,3.800000,8.300000,2.500000,曇時々晴,晴,https://www.data.jma.go.jp/stats/etrn/view/daily_s1.php?prec_no=61&block_no=47759&year=2022&month=11&day=&view=p1
2022-11-22,2022,11,22,0.000000,14.000000,18.400000,10.000000,77.000000,55.000000,1.200000,3.500000,6.400000,3.700000,曇時々晴,曇後一時雨,https://www.data.jma.go.jp/stats/etrn/view/daily_s1.php?prec_no=61&block_no=47759&year=2022&month=11&day=&view=p1
2022-11-23,2022,11,23,13.000000,13.900000,15.600000,12.300000,87.000000,72.000000,1.300000,3.300000,6.500000,0.000000,雨時々曇、雷を伴う,曇時々雨一時晴,https://www.data.jma.go.jp/stats/etrn/view/daily_s1.php?prec_no=61&block_no=47759&year=2022&month=11&day=&view=p1
2022-11-24,2022,11,24,0.000000,14.200000,18.200000,10.600000,70.000000,46.000000,2.400000,5.800000,10.400000,6.500000,曇時々晴,晴一時曇,https://www.data.jma.go.jp/stats/etrn/view/daily_s1.php?prec_no=61&block_no=47759&year=2022&month=11&day=&view=p1
2022-11-25,2022,11,25,0.000000,12.400000,17.800000,7.900000,71.000000,44.000000,1.100000,2.500000,5.200000,9.500000,晴,曇時々晴,https://www.data.jma.go.jp/stats/etrn/view/daily_s1.php?prec_no=61&block_no=47759&year=2022&month=11&day=&view=p1
2022-11-26,2022,11,26,0.000000,13.200000,17.200000,10.100000,75.000000,59.000000,0.800000,1.900000,3.000000,2.500000,曇一時雨後時々晴,晴一時曇,https://www.data.jma.go.jp/stats/etrn/view/daily_s1.php?prec_no=61&block_no=47759&year=2022&month=11&day=&view=p1
2022-11-27,2022,11,27,0.000000,13.100000,18.200000,9.300000,67.000000,41.000000,2.300000,5.800000,9.600000,8.500000,晴,曇一時晴,https://www.data.jma.go.jp/stats/etrn/view/daily_s1.php?prec_no=61&block_no=47759&year=2022&month=11&day=&view=p1
2022-11-28,2022,11,28,0.000000,14.200000,20.800000,8.800000,71.000000,52.000000,1.400000,4.100000,6.600000,7.200000,晴時々曇,曇一時晴,https://www.data.jma.go.jp/stats/etrn/view/daily_s1.php?prec_no=61&block_no=47759&year=2022&month=11&day=&view=p1
2022-11-29,2022,11,29,20.500000,16.500000,19.500000,13.400000,91.000000,77.000000,1.200000,4.200000,7.900000,0.000000,雨時々曇,雨時々曇,https://www.data.jma.go.jp/stats/etrn/view/daily_s1.php?prec_no=61&block_no=47759&year=2022&month=11&day=&view=p1
2022-11-30,2022,11,30,1.500000,13.200000,17.400000,8.100000,71.000000,53.000000,3.000000,7.400000,13.200000,0.800000,曇後一時雨,曇時々晴一時雨,https://www.data.jma.go.jp/stats/etrn/view/daily_s1.php?prec_no=61&block_no=47759&year=2022&month=11&day=&view=p1
2022-12-01,2022,12,1,0.000000,8.500000,11.400000,6.000000,65.000000,48.000000,2.500000,5.200000,8.600000,2.200000,曇時々晴一時雨,曇後一時晴,https://www.data.jma.go.jp/stats/etrn/view/daily_s1.php?prec_no=61&block_no=47759&year=2022&month=12&day=&view=p1
2022-12-02,2022,12,2,0.000000,6.900000,10.900000,3.600000,65.000000,45.000000,2.300000,6.300000,10.900000,5.900000,曇後晴,晴,https://www.data.jma.go.jp/stats/etrn/view/daily_s1.php?prec_no=61&block_no=47759&year=2022&month=12&day=&view=p1
2022-12-03,2022,12,3,0.000000,6.600000,12.300000,1.600000,71.000000,45.000000,1.200000,3.000000,5.300000,8.900000,晴後時々曇,晴後時々曇,https://www.data.jma.go.jp/stats/etrn/view/daily_s1.php?prec_no=61&block_no=47759&year=2022&month=12&day=&view=p1
2022-12-04,2022,12,4,0.000000,8.700000,13.100000,4.900000,73.000000,60.000000,1.100000,3.100000,5.800000,1.000000,曇時々雨一時晴,曇後時々晴,https://www.data.jma.go.jp/stats/etrn/view/daily_s1.php?prec_no=61&block_no=47759&year=2022&month=12&day=&view=p1
2022-12-05,2022,12,5,0.000000,9.600000,13.400000,7.500000,68.000000,47.000000,1.700000,3.900000,7.400000,2.400000,晴後曇一時雨,曇一時雨後晴,https://www.data.jma.go.jp/stats/etrn/view/daily_s1.php?prec_no=61&block_no=47759&year=2022&month=12&day=&view=p1
2022-12-06,2022,12,6,0.000000,9.000000,13.800000,5.500000,60.000000,34.000000,2.000000,4.800000,9.200000,8.100000,晴後一時曇,晴時々曇,https://www.data.jma.go.jp/stats/etrn/view/daily_s1.php?prec_no=61&block_no=47759&year=2022&month=12&day=&view=p1
2022-12-07,2022,12,7,0.000000,7.900000,11.900000,4.200000,57.000000,41.000000,1.700000,4.100000,7.200000,2.800000,曇時々晴,晴時々曇,https://www.data.jma.go.jp/stats/etrn/view/daily_s1.php?prec_no=61&block_no=47759&year=2022&month=12&day=&view=p1
2022-12-08,2022,12,8,0.000000,9.100000,15.600000,4.100000,65.000000,38.000000,1.800000,4.300000,9.600000,7.800000,晴後一時曇,曇一時雨後晴,https://www.data.jma.go.jp/stats/etrn/view/daily_s1.php?prec_no=61&block_no=47759&year=2022&month=12&day=&view=p1
2022-12-09,2022,12,9,0.000000,8.900000,14.600000,4.200000,70.000000,43.000000,1.100000,3.300000,5.200000,8.600000,晴後一時曇,曇時々晴,https://www.data.jma.go.jp/stats/etrn/view/daily_s1.php?prec_no=61&block_no=47759&year=2022&month=12&day=&view=p1
2022-12-10,2022,12,10,0.000000,10.000000,16.100000,4.700000,68.000000,38.000000,1.000000,3.000000,4.900000,9.100000,晴,曇時々晴,https://www.data.jma.go.jp/stats/etrn/view/daily_s1.php?prec_no=61&block_no=47759&year=2022&month=12&day=&view=p1
2022-12-11,2022,12,11,0.000000,10.100000,14.800000,8.000000,69.000000,51.000000,2.400000,6.400000,10.300000,3.400000,晴時々曇,曇一時雨後晴,https://www.data.jma.go.jp/stats/etrn/view/daily_s1.php?prec_no=61&block_no=47759&year=2022&month=12&day=&view=p1
2022-12-12,2022,12,12,0.500000,9.100000,13.100000,5.500000,59.000000,37.000000,1.700000,3.400000,6.000000,9.100000,晴後一時曇,雨時々曇一時晴,https://www.data.jma.go.jp/stats/etrn/view/daily_s1.php?prec_no=61&block_no=47759&year=2022&month=12&day=&view=p1
2022-12-13,2022,12,13,5.000000,10.300000,15.000000,7.400000,72.000000,45.000000,1.900000,4.900000,9.000000,5.400000,雨時々曇後晴,曇時々晴,https://www.data.jma.go.jp/stats/etrn/view/daily_s1.php?prec_no=61&block_no=47759&year=2022&month=12&day=&view=p1
2022-12-14,2022,12,14,0.000000,6.900000,10.100000,1.700000,49.000000,34.000000,3.500000,7.500000,14.300000,4.800000,雨時々曇後晴,晴,https://www.data.jma.go.jp/stats/etrn/view/daily_s1.php?prec_no=61&block_no=47759&year=2022&month=12&day=&view=p1
2022-12-15,2022,12,15,0.000000,4.200000,8.800000,0.100000,57.000000,42.000000,2.000000,5.000000,9.400000,5.400000,晴後曇一時雨,晴,https://www.data.jma.go.jp/stats/etrn/view/daily_s1.php?prec_no=61&block_no=47759&year=2022&month=12&day=&view=p1
2022-12-16,2022,12,16,0.000000,5.400000,9.900000,1.700000,66.000000,48.000000,1.400000,3.600000,6.700000,1.500000,曇時々晴,曇時々晴,https://www.data.jma.go.jp/stats/etrn/view/daily_s1.php?prec_no=61&block_no=47759&year=2022&month=12&day=&view=p1
2022-12-17,2022,12,17,2.500000,4.900000,6.500000,3.500000,83.000000,68.000000,1.200000,3.200000,5.300000,0.000000,雨時々曇,曇時々雨後晴,https://www.data.jma.go.jp/stats/etrn/view/daily_s1.php?prec_no=61&block_no=47759&year=2022&month=12&day=&view=p1
2022-12-18,2022,12,18,0.000000,2.700000,5.500000,-0.200000,52.000000,28.000000,3.200000,6.700000,11.000000,6.400000,晴後一時曇,晴,https://www.data.jma.go.jp/stats/etrn/view/daily_s1.php?prec_no=61&block_no=47759&year=2022&month=12&day=&view=p1
2022-12-19,2022,12,19,0.000000,2.200000,6.500000,-1.600000,54.000000,35.000000,2.500000,4.900000,11.100000,7.500000,晴後曇一時雪,晴,https://www.data.jma.go.jp/stats/etrn/view/daily_s1.php?prec_no=61&block_no=47759&year=2022&month=12&day=&view=p1
2022-12-20,2022,12,20,0.000000,3.600000,9.700000,-1.000000,62.000000,40.000000,1.800000,5.300000,9.500000,7.100000,晴時々曇,晴時々曇,https://www.data.jma.go.jp/stats/etrn/view/daily_s1.php?prec_no=61&block_no=47759&year=2022&month=12&day=&view=p1
2022-12-21,2022,12,21,2.000000,5.500000,9.900000,0.200000,69.000000,47.000000,1.400000,4.000000,6.200000,2.100000,曇一時晴,雨一時曇,https://www.data.jma.go.jp/stats/etrn/view/daily_s1.php?prec_no=61&block_no=47759&year=2022&month=12&day=&view=p1
2022-12-22,2022,12,22,14.000000,6.800000,10.400000,2.400000,83.000000,56.000000,2.000000,6.200000,13.100000,1.000000,曇時々雨一時晴,曇時々晴一時雪、みぞれを伴う,https://www.data.jma.go.jp/stats/etrn/view/daily_s1.php?prec_no=61&block_no=47759&year=2022&month=12&day=&view=p1
2022-12-23,2022,12,23,0.000000,1.400000,4.500000,-0.400000,49.000000,30.000000,4.000000,7.300000,16.100000,8.000000,晴時々曇,曇時々晴,https://www.data.jma.go.jp/stats/etrn/view/daily_s1.php?prec_no=61&block_no=47759&year=2022&month=12&day=&view=p1
2022-12-24,2022,12,24,0.000000,3.200000,6.800000,-0.500000,73.000000,61.000000,3.300000,6.400000,11.900000,6.600000,曇一時雪後雨、みぞれを伴う,雨時々曇一時晴,https://www.data.jma.go.jp/stats/etrn/view/daily_s1.php?prec_no=61&block_no=47759&year=2022&month=12&day=&view=p1
2022-12-25,2022,12,25,1.000000,5.500000,9.600000,3.400000,75.000000,53.000000,2.400000,5.400000,9.400000,5.900000,晴時々曇後雨,雨後晴一時みぞれ,https://www.data.jma.go.jp/stats/etrn/view/daily_s1.php?prec_no=61&block_no=47759&year=2022&month=12&day=&view=p1
2022-12-26,2022,12,26,0.000000,5.000000,8.300000,2.900000,74.000000,57.000000,2.200000,5.000000,10.600000,4.000000,みぞれ時々雨後曇一時晴,曇時々晴,https://www.data.jma.go.jp/stats/etrn/view/daily_s1.php?prec_no=61&block_no=47759&year=2022&month=12&day=&view=p1
2022-12-27,2022,12,27,0.000000,5.400000,10.000000,2.600000,73.000000,42.000000,1.800000,4.800000,8.600000,4.800000,曇時々晴,晴,https://www.data.jma.go.jp/stats/etrn/view/daily_s1.php?prec_no=61&block_no=47759&year=2022&month=12&day=&view=p1
2022-12-28,2022,12,28,0.000000,5.800000,12.100000,0.600000,72.000000,46.000000,1.300000,4.400000,7.800000,7.500000,晴後一時曇,晴一時曇,https://www.data.jma.go.jp/stats/etrn/view/daily_s1.php?prec_no=61&block_no=47759&year=2022&month=12&day=&view=p1
2022-12-29,2022,12,29,0.000000,5.700000,9.200000,1.700000,65.000000,47.000000,1.700000,4.800000,8.700000,4.200000,晴後曇一時雨,晴時々曇、みぞれを伴う,https://www.data.jma.go.jp/stats/etrn/view/daily_s1.php?prec_no=61&block_no=47759&year=2022&month=12&day=&view=p1
2022-12-30,2022,12,30,0.000000,5.600000,10.200000,2.700000,61.000000,41.000000,2.000000,5.100000,9.100000,6.900000,晴時々曇,晴,https://www.data.jma.go.jp/stats/etrn/view/daily_s1.php?prec_no=61&block_no=47759&year=2022&month=12&day=&view=p1
2022-12-31,2022,12,31,0.000000,5.300000,11.600000,0.900000,63.000000,36.000000,1.400000,4.100000,7.700000,6.300000,晴時々曇,晴時々曇,https://www.data.jma.go.jp/stats/etrn/view/daily_s1.php?prec_no=61&block_no=47759&year=2022&month=12&day=&view=p1
2023-10-01,2023,10,1,9.000000,23.500000,27.300000,20.800000,74.000000,54.000000,1.800000,3.800000,6.700000,1.700000,曇一時雨、雷を伴う,晴一時曇,https://www.data.jma.go.jp/stats/etrn/view/daily_s1.php?prec_no=61&block_no=47759&year=2023&month=10&day=&view=p1
2023-10-02,2023,10,2,0.000000,21.700000,26.600000,17.400000,55.000000,30.000000,2.600000,5.800000,10.400000,10.700000,晴一時曇,晴時々曇,https://www.data.jma.go.jp/stats/etrn/view/daily_s1.php?prec_no=61&block_no=47759&year=2023&month=10&day=&view=p1
2023-10-03,2023,10,3,1.000000,20.800000,25.600000,15.400000,61.000000,32.000000,1.400000,3.300000,5.000000,4.900000,曇時々晴,雨時々曇,https://www.data.jma.go.jp/stats/etrn/view/daily_s1.php?prec_no=61&block_no=47759&year=2023&month=10&day=&view=p1
2023-10-04,2023,10,4,8.000000,21.300000,24.600000,18.800000,80.000000,65.000000,1.700000,3.800000,6.300000,2.300000,曇時々晴,曇,https://www.data.jma.go.jp/stats/etrn/view/daily_s1.php?prec_no=61&block_no=47759&year=2023&month=10&day=&view=p1
2023-10-05,2023,10,5,0.000000,19.300000,22.400000,15.700000,68.000000,43.000000,2.300000,6.800000,13.100000,2.200000,曇一時雨後一時晴,晴一時雨後曇,https://www.data.jma.go.jp/stats/etrn/view/daily_s1.php?prec_no=61&block_no=47759&year=2023&month=10&day=&view=p1
2023-10-06,2023,10,6,0.000000,18.400000,23.500000,14.800000,57.000000,34.000000,2.400000,6.900000,12.500000,6.400000,晴一時曇後一時雨,晴後時々曇,https://www.data.jma.go.jp/stats/etrn/view/daily_s1.php?prec_no=61&block_no=47759&year=2023&month=10&day=&view=p1
2023-10-07,2023,10,7,0.000000,18.300000,23.600000,14.600000,56.000000,34.000000,2.300000,7.400000,14.100000,4.100000,曇時々晴,曇一時晴,https://www.data.jma.go.jp/stats/etrn/view/daily_s1.php?prec_no=61&block_no=47759&year=2023&month=10&day=&view=p1
2023-10-08,2023,10,8,4.500000,17.300000,21.300000,15.900000,73.000000,51.000000,1.700000,3.800000,7.600000,0.000000,雨時々曇,雨時々曇,https://www.data.jma.go.jp/stats/etrn/view/daily_s1.php?prec_no=61&block_no=47759&year=2023&month=10&day=&view=p1
2023-10-09,2023,10,9,13.500000,18.800000,21.500000,15.400000,84.000000,71.000000,1.300000,2.900000,4.800000,0.000000,曇一時雨,曇時々雨,https://www.data.jma.go.jp/stats/etrn/view/daily_s1.php?prec_no=61&block_no=47759&year=2023&month=10&day=&view=p1
2023-10-10,2023,10,10,0.000000,20.400000,24.800000,16.900000,70.000000,41.000000,2.700000,8.200000,13.800000,4.500000,曇一時雨後晴,曇時々晴一時雨,https://www.data.jma.go.jp/stats/etrn/view/daily_s1.php?prec_no=61&block_no=47759&year=2023&month=10&day=&view=p1
2023-10-11,2023,10,11,0.000000,19.000000,24.800000,15.300000,61.000000,31.000000,2.500000,6.500000,10.600000,8.800000,晴時々曇,晴,https://www.data.jma.go.jp/stats/etrn/view/daily_s1.php?prec_no=61&block_no=47759&year=2023&month=10&day=&view=p1
2023-10-12,2023,10,12,0.000000,18.300000,24.800000,13.300000,59.000000,33.000000,2.100000,6.200000,10.500000,10.400000,晴,晴,https://www.data.jma.go.jp/stats/etrn/view/daily_s1.php?prec_no=61&block_no=47759&year=2023&month=10&day=&view=p1
2023-10-13,2023,10,13,0.000000,18.100000,25.000000,12.700000,59.000000,34.000000,1.700000,4.600000,7.600000,10.300000,晴後一時曇,曇時々晴,https://www.data.jma.go.jp/stats/etrn/view/daily_s1.php?prec_no=61&block_no=47759&year=2023&month=10&day=&view=p1
2023-10-14,2023,10,14,11.000000,17.900000,21.900000,14.500000,71.000000,51.000000,1.100000,2.400000,3.800000,0.500000,曇後時々雨,雨,https://www.data.jma.go.jp/stats/etrn/view/daily_s1.php?prec_no=61&block_no=47759&year=2023&month=10&day=&view=p1
2023-10-15,2023,10,15,6.000000,18.900000,23.700000,16.000000,75.000000,46.000000,1.700000,5.200000,8.400000,6.100000,晴一時曇後一時雨,晴後一時雨,https://www.data.jma.go.jp/stats/etrn/view/daily_s1.php?prec_no=61&block_no=47759&year=2023&month=10&day=&view=p1
2023-10-16,2023,10,16,0.000000,19.500000,25.600000,14.500000,67.000000,38.000000,1.800000,4.300000,7.700000,6.900000,晴時々曇一時雨,晴一時曇,https://www.data.jma.go.jp/stats/etrn/view/daily_s1.php?prec_no=61&block_no=47759&year=2023&month=10&day=&view=p1
2023-10-17,2023,10,17,0.000000,19.000000,25.200000,15.200000,64.000000,39.000000,1.700000,4.400000,7.000000,7.400000,晴,晴,https://www.data.jma.go.jp/stats/etrn/view/daily_s1.php?prec_no=61&block_no=47759&year=2023&month=10&day=&view=p1
2023-10-18,2023,10,18,0.000000,18.900000,25.900000,13.000000,60.000000,35.000000,1.400000,3.100000,6.500000,10.500000,晴,晴一時曇,https://www.data.jma.go.jp/stats/etrn/view/daily_s1.php?prec_no=61&block_no=47759&year=2023&month=10&day=&view=p1
2023-10-19,2023,10,19,0.000000,20.300000,26.700000,15.100000,60.000000,36.000000,1.500000,4.500000,7.600000,10.100000,晴後一時曇,曇時々晴,https://www.data.jma.go.jp/stats/etrn/view/daily_s1.php?prec_no=61&block_no=47759&year=2023&month=10&day=&view=p1
2023-10-20,2023,10,20,1.000000,18.800000,25.300000,15.100000,69.000000,48.000000,2.000000,5.600000,9.500000,1.300000,曇後時々雨,曇一時雨後晴,https://www.data.jma.go.jp/stats/etrn/view/daily_s1.php?prec_no=61&block_no=47759&year=2023&month=10&day=&view=p1
2023-10-21,2023,10,21,0.000000,14.500000,19.200000,11.400000,65.000000,48.000000,3.200000,7.300000,11.700000,6.600000,晴後時々雨一時曇,雨時々曇後晴,https://www.data.jma.go.jp/stats/etrn/view/daily_s1.php?prec_no=61&block_no=47759&year=2023&month=10&day=&view=p1
2023-10-22,2023,10,22,0.000000,14.600000,20.400000,9.600000,65.000000,40.000000,1.500000,4.100000,6.700000,10.100000,晴,曇後時々晴,https://www.data.jma.go.jp/stats/etrn/view/daily_s1.php?prec_no=61&block_no=47759&year=2023&month=10&day=&view=p1
2023-10-23,2023,10,23,0.000000,16.800000,23.700000,11.500000,63.000000,41.000000,1.300000,3.200000,5.600000,10.100000,晴一時曇,晴,https://www.data.jma.go.jp/stats/etrn/view/daily_s1.php?prec_no=61&block_no=47759&year=2023&month=10&day=&view=p1
2023-10-24,2023,10,24,0.000000,17.500000,24.000000,11.800000,65.000000,40.000000,1.100000,2.700000,5.000000,9.600000,晴後一時曇,曇時々晴,https://www.data.jma.go.jp/stats/etrn/view/daily_s1.php?prec_no=61&block_no=47759&year=2023&month=10&day=&view=p1
2023-10-25,2023,10,25,0.000000,17.700000,25.100000,13.400000,65.000000,31.000000,1.500000,4.700000,7.700000,8.200000,曇後晴一時雨,晴,https://www.data.jma.go.jp/stats/etrn/view/daily_s1.php?prec_no=61&block_no=47759&year=2023&month=10&day=&view=p1
2023-10-26,2023,10,26,0.000000,17.300000,24.300000,12.200000,67.000000,35.000000,1.500000,4.000000,7.300000,9.800000,晴,晴一時曇,https://www.data.jma.go.jp/stats/etrn/view/daily_s1.php?prec_no=61&block_no=47759&year=2023&month=10&day=&view=p1
2023-10-27,2023,10,27,6.500000,16.300000,24.000000,12.500000,75.000000,47.000000,1.300000,5.400000,9.600000,5.300000,晴後雨時々曇、雷を伴う,晴一時雨,https://www.data.jma.go.jp/stats/etrn/view/daily_s1.php?prec_no=61&block_no=47759&year=2023&month=10&day=&view=p1
2023-10-28,2023,10,28,0.000000,15.200000,21.300000,11.500000,71.000000,39.000000,2.100000,6.000000,11.100000,5.800000,晴一時曇,晴一時雨,https://www.data.jma.go.jp/stats/etrn/view/daily_s1.php?prec_no=61&block_no=47759&year=2023&month=10&day=&view=p1
2023-10-29,2023,10,29,0.000000,14.700000,19.500000,11.000000,68.000000,48.000000,2.300000,5.900000,11.100000,7.300000,晴後一時雨一時曇,晴時々曇,https://www.data.jma.go.jp/stats/etrn/view/daily_s1.php?prec_no=61&block_no=47759&year=2023&month=10&day=&view=p1
2023-10-30,2023,10,30,0.000000,15.500000,21.600000,11.200000,67.000000,43.000000,1.600000,4.400000,7.600000,8.100000,晴一時曇,晴時々曇,https://www.data.jma.go.jp/stats/etrn/view/daily_s1.php?prec_no=61&block_no=47759&year=2023&month=10&day=&view=p1
2023-10-31,2023,10,31,0.000000,16.500000,22.700000,11.300000,61.000000,35.000000,1.200000,2.900000,5.500000,9.800000,晴,晴,https://www.data.jma.go.jp/stats/etrn/view/daily_s1.php?prec_no=61&block_no=47759&year=2023&month=10&day=&view=p1
2023-11-01,2023,11,1,0.000000,16.400000,23.600000,10.500000,67.000000,42.000000,1.400000,4.200000,6.800000,10.100000,晴,晴,https://www.data.jma.go.jp/stats/etrn/view/daily_s1.php?prec_no=61&block_no=47759&year=2023&month=11&day=&view=p1
2023-11-02,2023,11,2,0.000000,18.000000,25.100000,12.200000,68.000000,43.000000,1.200000,2.800000,4.900000,9.700000,晴,晴,https://www.data.jma.go.jp/stats/etrn/view/daily_s1.php?prec_no=61&block_no=47759&year=2023&month=11&day=&view=p1
2023-11-03,2023,11,3,0.000000,18.800000,26.200000,13.100000,68.000000,38.000000,1.200000,3.300000,5.600000,10.000000,晴,晴,https://www.data.jma.go.jp/stats/etrn/view/daily_s1.php?prec_no=61&block_no=47759&year=2023&month=11&day=&view=p1
2023-11-04,2023,11,4,0.000000,19.200000,25.200000,14.400000,72.000000,48.000000,1.100000,2.600000,5.900000,6.000000,曇時々晴,曇時々晴,https://www.data.jma.go.jp/stats/etrn/view/daily_s1.php?prec_no=61&block_no=47759&year=2023&month=11&day=&view=p1
2023-11-05,2023,11,5,0.000000,20.900000,26.500000,15.100000,68.000000,43.000000,2.000000,5.600000,8.900000,8.200000,晴時々曇,曇時々晴,https://www.data.jma.go.jp/stats/etrn/view/daily_s1.php?prec_no=61&block_no=47759&year=2023&month=11&day=&view=p1
2023-11-06,2023,11,6,8.500000,22.100000,25.000000,20.000000,76.000000,59.000000,2.000000,4.400000,8.200000,0.500000,雨時々曇,曇時々雨、雷を伴う,https://www.data.jma.go.jp/stats/etrn/view/daily_s1.php?prec_no=61&block_no=47759&year=2023&month=11&day=&view=p1
2023-11-07,2023,11,7,12.000000,19.100000,22.500000,13.600000,60.000000,36.000000,2.500000,7.200000,11.300000,6.500000,晴一時曇,晴,https://www.data.jma.go.jp/stats/etrn/view/daily_s1.php?prec_no=61&block_no=47759&year=2023&month=11&day=&view=p1
2023-11-08,2023,11,8,0.000000,15.800000,22.500000,11.100000,65.000000,42.000000,1.400000,3.400000,5.600000,10.000000,晴,曇時々晴,https://www.data.jma.go.jp/stats/etrn/view/daily_s1.php?prec_no=61&block_no=47759&year=2023&month=11&day=&view=p1
2023-11-09,2023,11,9,0.000000,18.000000,24.200000,12.400000,71.000000,54.000000,1.500000,3.700000,5.700000,7.200000,晴時々曇,晴後曇時々雨,https://www.data.jma.go.jp/stats/etrn/view/daily_s1.php?prec_no=61&block_no=47759&year=2023&month=11&day=&view=p1
2023-11-10,2023,11,10,15.500000,17.400000,18.400000,16.100000,88.000000,70.000000,1.200000,5.400000,12.300000,0.000000,雨後時々曇,雨後曇時々晴,https://www.data.jma.go.jp/stats/etrn/view/daily_s1.php?prec_no=61&block_no=47759&year=2023&month=11&day=&view=p1
2023-11-11,2023,11,11,0.000000,13.400000,16.200000,10.100000,64.000000,50.000000,2.500000,5.500000,9.800000,1.500000,曇,曇時々晴,https://www.data.jma.go.jp/stats/etrn/view/daily_s1.php?prec_no=61&block_no=47759&year=2023&month=11&day=&view=p1
2023-11-12,2023,11,12,0.000000,11.800000,14.500000,9.800000,73.000000,62.000000,1.700000,4.900000,8.000000,0.000000,曇時々雨,晴後雨時々曇,https://www.data.jma.go.jp/stats/etrn/view/daily_s1.php?prec_no=61&block_no=47759&year=2023&month=11&day=&view=p1
2023-11-13,2023,11,13,5.000000,8.200000,11.100000,6.000000,75.000000,56.000000,2.200000,5.500000,9.300000,3.200000,雨時々曇後晴,晴後一時曇,https://www.data.jma.go.jp/stats/etrn/view/daily_s1.php?prec_no=61&block_no=47759&year=2023&month=11&day=&view=p1
2023-11-14,2023,11,14,0.000000,10.200000,16.900000,5.700000,73.000000,42.000000,1.400000,4.600000,8.100000,7.500000,晴一時曇,晴後一時曇,https://www.data.jma.go.jp/stats/etrn/view/daily_s1.php?prec_no=61&block_no=47759&year=2023&month=11&day=&view=p1
2023-11-15,2023,11,15,0.000000,11.400000,18.000000,6.500000,71.000000,41.000000,1.300000,3.300000,5.400000,7.000000,晴時々曇,晴,https://www.data.jma.go.jp/stats/etrn/view/daily_s1.php?prec_no=61&block_no=47759&year=2023&month=11&day=&view=p1
2023-11-16,2023,11,16,1.500000,12.900000,17.700000,7.100000,68.000000,40.000000,1.300000,3.500000,5.600000,5.900000,曇時々晴,雨時々曇,https://www.data.jma.go.jp/stats/etrn/view/daily_s1.php?prec_no=61&block_no=47759&year=2023&month=11&day=&view=p1
2023-11-17,2023,11,17,20.000000,13.100000,16.600000,7.900000,74.000000,43.000000,1.900000,4.600000,9.500000,2.500000,雨後曇時々晴、雷を伴う,曇一時晴後一時雨、雷を伴う,https://www.data.jma.go.jp/stats/etrn/view/daily_s1.php?prec_no=61&block_no=47759&year=2023&month=11&day=&view=p1
2023-11-18,2023,11,18,0.000000,8.500000,12.000000,6.900000,58.000000,35.000000,2.800000,6.700000,12.900000,3.800000,曇後晴一時雨,曇時々晴一時雨,https://www.data.jma.go.jp/stats/etrn/view/daily_s1.php?prec_no=61&block_no=47759&year=2023&month=11&day=&view=p1
2023-11-19,2023,11,19,0.000000,10.800000,16.300000,6.800000,61.000000,38.000000,1.900000,4.600000,8.100000,9.100000,晴,晴,https://www.data.jma.go.jp/stats/etrn/view/daily_s1.php?prec_no=61&block_no=47759&year=2023&month=11&day=&view=p1
2023-11-20,2023,11,20,0.000000,11.100000,16.300000,7.200000,67.000000,43.000000,2.400000,6.900000,14.000000,6.200000,晴時々雨後曇,晴,https://www.data.jma.go.jp/stats/etrn/view/daily_s1.php?prec_no=61&block_no=47759&year=2023&month=11&day=&view=p1
2023-11-21,2023,11,21,0.000000,10.100000,16.900000,4.800000,66.000000,37.000000,1.100000,2.300000,4.900000,9.600000,晴,晴,https://www.data.jma.go.jp/stats/etrn/view/daily_s1.php?prec_no=61&block_no=47759&year=2023&month=11&day=&view=p1
2023-11-22,2023,11,22,0.000000,11.600000,18.700000,5.700000,72.000000,50.000000,0.900000,2.300000,4.600000,9.600000,晴,晴,https://www.data.jma.go.jp/stats/etrn/view/daily_s1.php?prec_no=61&block_no=47759&year=2023&month=11&day=&view=p1
2023-11-23,2023,11,23,0.000000,12.900000,19.700000,7.600000,76.000000,54.000000,1.100000,3.800000,6.400000,5.100000,晴時々曇,晴後一時雨一時曇,https://www.data.jma.go.jp/stats/etrn/view/daily_s1.php?prec_no=61&block_no=47759&year=2023&month=11&day=&view=p1
2023-11-24,2023,11,24,0.000000,12.500000,18.200000,7.500000,67.000000,42.000000,2.400000,7.100000,11.300000,2.900000,曇時々晴,晴後雨時々曇,https://www.data.jma.go.jp/stats/etrn/view/daily_s1.php?prec_no=61&block_no=47759&year=2023&month=11&day=&view=p1
2023-11-25,2023,11,25,0.500000,8.200000,11.900000,6.300000,73.000000,55.000000,2.400000,5.000000,10.600000,4.200000,雨時々曇後晴,晴一時曇,https://www.data.jma.go.jp/stats/etrn/view/daily_s1.php?prec_no=61&block_no=47759&year=2023&month=11&day=&view=p1
2023-11-26,2023,11,26,0.000000,8.200000,13.800000,4.400000,74.000000,49.000000,1.300000,3.100000,5.700000,6.200000,晴時々曇,晴,https://www.data.jma.go.jp/stats/etrn/view/daily_s1.php?prec_no=61&block_no=47759&year=2023&month=11&day=&view=p1
2023-11-27,2023,11,27,0.000000,10.000000,14.100000,4.900000,74.000000,52.000000,0.900000,1.900000,3.300000,4.000000,晴後曇一時雨,曇時々晴一時雨,https://www.data.jma.go.jp/stats/etrn/view/daily_s1.php?prec_no=61&block_no=47759&year=2023&month=11&day=&view=p1
2023-11-28,2023,11,28,0.000000,11.400000,17.600000,6.400000,66.000000,32.000000,2.400000,7.300000,13.000000,4.200000,晴後雨時々曇,晴,https://www.data.jma.go.jp/stats/etrn/view/daily_s1.php?prec_no=61&block_no=47759&year=2023&month=11&day=&view=p1
2023-11-29,2023,11,29,0.000000,8.900000,14.200000,3.800000,60.000000,43.000000,2.000000,5.100000,9.800000,4.300000,曇時々晴,曇時々晴後雨,https://www.data.jma.go.jp/stats/etrn/view/daily_s1.php?prec_no=61&block_no=47759&year=2023&month=11&day=&view=p1
2023-11-30,2023,11,30,0.000000,9.400000,13.500000,6.300000,60.000000,39.000000,2.700000,6.700000,12.200000,5.700000,曇後晴一時雨,曇時々晴,https://www.data.jma.go.jp/stats/etrn/view/daily_s1.php?prec_no=61&block_no=47759&year=2023&month=11&day=&view=p1
2023-12-01,2023,12,1,0.000000,7.400000,12.800000,3.800000,59.000000,35.000000,2.200000,5.900000,9.700000,8.600000,晴後一時雨,晴,https://www.data.jma.go.jp/stats/etrn/view/daily_s1.php?prec_no=61&block_no=47759&year=2023&month=12&day=&view=p1
2023-12-02,2023,12,2,0.000000,7.000000,13.000000,2.100000,63.000000,41.000000,1.900000,5.400000,9.500000,8.500000,晴,晴,https://www.data.jma.go.jp/stats/etrn/view/daily_s1.php?prec_no=61&block_no=47759&year=2023&month=12&day=&view=p1
2023-12-03,2023,12,3,0.000000,7.000000,12.900000,2.700000,69.000000,43.000000,1.700000,5.600000,10.100000,4.100000,晴一時曇後時々雨,晴,https://www.data.jma.go.jp/stats/etrn/view/daily_s1.php?prec_no=61&block_no=47759&year=2023&month=12&day=&view=p1
2023-12-04,2023,12,4,0.000000,7.100000,13.200000,2.500000,71.000000,44.000000,1.200000,2.700000,5.000000,9.300000,晴,曇時々晴,https://www.data.jma.go.jp/stats/etrn/view/daily_s1.php?prec_no=61&block_no=47759&year=2023&month=12&day=&view=p1
2023-12-05,2023,12,5,0.500000,8.200000,10.900000,4.900000,75.000000,57.000000,1.000000,3.600000,6.200000,0.100000,曇後一時雨,雨時々曇一時晴,https://www.data.jma.go.jp/stats/etrn/view/daily_s1.php?prec_no=61&block_no=47759&year=2023&month=12&day=&view=p1
2023-12-06,2023,12,6,0.500000,10.100000,14.900000,6.500000,83.000000,62.000000,1.000000,2.200000,4.100000,5.200000,晴時々曇,曇後一時雨一時晴,https://www.data.jma.go.jp/stats/etrn/view/daily_s1.php?prec_no=61&block_no=47759&year=2023&month=12&day=&view=p1
2023-12-07,2023,12,7,0.000000,10.200000,15.700000,6.400000,68.000000,37.000000,2.200000,7.400000,12.600000,4.300000,曇一時雨後晴,晴,https://www.data.jma.go.jp/stats/etrn/view/daily_s1.php?prec_no=61&block_no=47759&year=2023&month=12&day=&view=p1
2023-12-08,2023,12,8,0.000000,8.600000,15.000000,3.800000,63.000000,35.000000,1.100000,2.400000,4.900000,9.000000,晴,曇時々晴,https://www.data.jma.go.jp/stats/etrn/view/daily_s1.php?prec_no=61&block_no=47759&year=2023&month=12&day=&view=p1
2023-12-09,2023,12,9,0.000000,12.100000,18.300000,7.800000,70.000000,52.000000,0.800000,1.900000,3.300000,5.600000,晴後時々曇,曇後晴,https://www.data.jma.go.jp/stats/etrn/view/daily_s1.php?prec_no=61&block_no=47759&year=2023&month=12&day=&view=p1
2023-12-10,2023,12,10,0.000000,12.800000,19.900000,7.500000,76.000000,52.000000,0.900000,2.700000,4.300000,8.500000,晴,曇時々晴,https://www.data.jma.go.jp/stats/etrn/view/daily_s1.php?prec_no=61&block_no=47759&year=2023&month=12&day=&view=p1
2023-12-11,2023,12,11,6.000000,14.100000,18.500000,10.900000,70.000000,47.000000,1.600000,3.800000,5.700000,5.700000,曇時々晴一時雨,雨,https://www.data.jma.go.jp/stats/etrn/view/daily_s1.php?prec_no=61&block_no=47759&year=2023&month=12&day=&view=p1
2023-12-12,2023,12,12,5.000000,13.900000,17.700000,10.800000,82.000000,65.000000,2.000000,4.800000,9.000000,0.300000,曇時々雨,雨後曇時々晴,https://www.data.jma.go.jp/stats/etrn/view/daily_s1.php?prec_no=61&block_no=47759&year=2023&month=12&day=&view=p1
2023-12-13,2023,12,13,0.000000,10.300000,14.500000,6.600000,64.000000,45.000000,2.000000,4.700000,9.700000,8.000000,晴,晴後曇,https://www.data.jma.go.jp/stats/etrn/view/daily_s1.php?prec_no=61&block_no=47759&year=2023&month=12&day=&view=p1
2023-12-14,2023,12,14,0.000000,10.400000,15.900000,4.900000,68.000000,43.000000,0.900000,2.200000,3.400000,5.800000,晴後時々曇,雨時々曇,https://www.data.jma.go.jp/stats/etrn/view/daily_s1.php?prec_no=61&block_no=47759&year=2023&month=12&day=&view=p1
2023-12-15,2023,12,15,2.500000,13.700000,16.900000,10.500000,89.000000,81.000000,0.900000,2.100000,3.300000,0.700000,曇時々雨,雨時々曇,https://www.data.jma.go.jp/stats/etrn/view/daily_s1.php?prec_no=61&block_no=47759&year=2023&month=12&day=&view=p1
2023-12-16,2023,12,16,5.500000,15.500000,18.400000,9.800000,73.000000,40.000000,3.100000,6.300000,12.600000,0.300000,曇時々雨,曇後時々晴一時雨,https://www.data.jma.go.jp/stats/etrn/view/daily_s1.php?prec_no=61&block_no=47759&year=2023&month=12&day=&view=p1
2023-12-17,2023,12,17,0.000000,5.300000,9.800000,1.400000,47.000000,29.000000,3.700000,7.300000,13.100000,6.800000,晴時々曇,晴後時々曇,https://www.data.jma.go.jp/stats/etrn/view/daily_s1.php?prec_no=61&block_no=47759&year=2023&month=12&day=&view=p1
2023-12-18,2023,12,18,0.000000,4.400000,8.400000,1.300000,62.000000,48.000000,2.500000,5.800000,11.000000,6.000000,曇時々晴,曇時々晴,https://www.data.jma.go.jp/stats/etrn/view/daily_s1.php?prec_no=61&block_no=47759&year=2023&month=12&day=&view=p1
2023-12-19,2023,12,19,0.000000,6.400000,9.700000,3.500000,65.000000,45.000000,1.300000,3.400000,5.900000,3.500000,曇時々晴一時雨,曇一時雨後時々晴,https://www.data.jma.go.jp/stats/etrn/view/daily_s1.php?prec_no=61&block_no=47759&year=2023&month=12&day=&view=p1
2023-12-20,2023,12,20,0.000000,6.600000,11.800000,2.500000,63.000000,41.000000,1.800000,4.600000,9.600000,5.900000,曇時々晴一時雨,晴一時曇,https://www.data.jma.go.jp/stats/etrn/view/daily_s1.php?prec_no=61&block_no=47759&year=2023&month=12&day=&view=p1
2023-12-21,2023,12,21,0.000000,3.600000,6.700000,0.500000,45.000000,27.000000,2.900000,5.600000,11.700000,7.700000,晴後一時曇,晴,https://www.data.jma.go.jp/stats/etrn/view/daily_s1.php?prec_no=61&block_no=47759&year=2023&month=12&day=&view=p1
2023-12-22,2023,12,22,0.000000,1.900000,6.100000,-1.000000,46.000000,23.000000,3.200000,7.800000,13.900000,9.100000,晴後一時曇,晴一時曇,https://www.data.jma.go.jp/stats/etrn/view/daily_s1.php?prec_no=61&block_no=47759&year=2023&month=12&day=&view=p1
2023-12-23,2023,12,23,0.000000,3.400000,8.800000,-0.800000,56.000000,37.000000,1.800000,4.600000,9.400000,8.700000,晴,曇時々晴,https://www.data.jma.go.jp/stats/etrn/view/daily_s1.php?prec_no=61&block_no=47759&year=2023&month=12&day=&view=p1
2023-12-24,2023,12,24,0.000000,4.500000,10.400000,0.100000,64.000000,38.000000,1.700000,4.800000,8.100000,8.500000,晴,晴後一時曇,https://www.data.jma.go.jp/stats/etrn/view/daily_s1.php?prec_no=61&block_no=47759&year=2023&month=12&day=&view=p1
2023-12-25,2023,12,25,0.000000,5.300000,11.300000,1.300000,66.000000,36.000000,1.700000,5.100000,9.600000,6.500000,晴後曇時々雨,晴,https://www.data.jma.go.jp/stats/etrn/view/daily_s1.php?prec_no=61&block_no=47759&year=2023&month=12&day=&view=p1
2023-12-26,2023,12,26,0.000000,5.300000,10.700000,0.400000,63.000000,36.000000,1.400000,4.400000,8.000000,9.200000,晴,曇時々雨一時晴,https://www.data.jma.go.jp/stats/etrn/view/daily_s1.php?prec_no=61&block_no=47759&year=2023&month=12&day=&view=p1
2023-12-27,2023,12,27,0.000000,7.400000,12.000000,4.900000,70.000000,54.000000,1.200000,4.900000,7.800000,2.300000,曇時々雨一時晴,晴後一時曇,https://www.data.jma.go.jp/stats/etrn/view/daily_s1.php?prec_no=61&block_no=47759&year=2023&month=12&day=&view=p1
2023-12-28,2023,12,28,0.000000,7.200000,13.700000,2.500000,67.000000,42.000000,1.100000,3.600000,6.000000,7.200000,晴後一時曇,晴後時々曇,https://www.data.jma.go.jp/stats/etrn/view/daily_s1.php?prec_no=61&block_no=47759&year=2023&month=12&day=&view=p1
2023-12-29,2023,12,29,0.000000,7.600000,11.600000,4.400000,67.000000,45.000000,1.300000,4.300000,6.600000,0.900000,曇後時々晴,晴,https://www.data.jma.go.jp/stats/etrn/view/daily_s1.php?prec_no=61&block_no=47759&year=2023&month=12&day=&view=p1
2023-12-30,2023,12,30,0.000000,7.600000,13.300000,1.900000,67.000000,42.000000,0.900000,3.100000,5.100000,8.500000,晴後一時曇,曇時々雨,https://www.data.jma.go.jp/stats/etrn/view/daily_s1.php?prec_no=61&block_no=47759&year=2023&month=12&day=&view=p1
2023-12-31,2023,12,31,6.000000,10.200000,13.800000,7.800000,77.000000,62.000000,1.600000,5.600000,11.600000,0.600000,曇時々雨一時晴,雨時々曇一時晴,https://www.data.jma.go.jp/stats/etrn/view/daily_s1.php?prec_no=61&block_no=47759&year=2023&month=12&day=&view=p1
2024-10-01,2024,10,1,0.000000,26.000000,32.500000,21.100000,66.000000,42.000000,1.800000,4.400000,7.500000,9.100000,晴後一時曇,晴一時曇,https://www.data.jma.go.jp/stats/etrn/view/daily_s1.php?prec_no=61&block_no=47759&year=2024&month=10&day=&view=p1
2024-10-02,2024,10,2,0.000000,25.400000,30.900000,21.700000,65.000000,43.000000,1.900000,4.800000,9.100000,5.300000,曇時々晴,曇後時々雨,https://www.data.jma.go.jp/stats/etrn/view/daily_s1.php?prec_no=61&block_no=47759&year=2024&month=10&day=&view=p1
2024-10-03,2024,10,3,36.500000,21.700000,23.600000,20.900000,89.000000,79.000000,1.800000,3.100000,5.900000,0.000000,大雨時々曇,雨時々曇,https://www.data.jma.go.jp/stats/etrn/view/daily_s1.php?prec_no=61&block_no=47759&year=2024&month=10&day=&view=p1
2024-10-04,2024,10,4,3.000000,22.300000,24.300000,21.000000,81.000000,68.000000,1.700000,4.200000,7.700000,0.000000,雨時々曇,曇,https://www.data.jma.go.jp/stats/etrn/view/daily_s1.php?prec_no=61&block_no=47759&year=2024&month=10&day=&view=p1
2024-10-05,2024,10,5,0.000000,22.600000,27.700000,19.400000,65.000000,49.000000,1.900000,4.400000,7.400000,8.200000,晴一時曇,晴後一時曇,https://www.data.jma.go.jp/stats/etrn/view/daily_s1.php?prec_no=61&block_no=47759&year=2024&month=10&day=&view=p1
2024-10-06,2024,10,6,0.000000,23.900000,30.900000,17.400000,68.000000,41.000000,1.400000,3.200000,5.200000,9.900000,晴,曇後時々雨,https://www.data.jma.go.jp/stats/etrn/view/daily_s1.php?prec_no=61&block_no=47759&year=2024&month=10&day=&view=p1
2024-10-07,2024,10,7,5.000000,23.400000,28.800000,20.100000,82.000000,63.000000,1.500000,4.400000,8.000000,0.700000,曇時々雨,雨後時々曇,https://www.data.jma.go.jp/stats/etrn/view/daily_s1.php?prec_no=61&block_no=47759&year=2024&month=10&day=&view=p1
2024-10-08,2024,10,8,10.000000,20.500000,24.300000,17.500000,80.000000,58.000000,2.400000,5.600000,9.300000,0.100000,曇後一時雨,雨後時々曇,https://www.data.jma.go.jp/stats/etrn/view/daily_s1.php?prec_no=61&block_no=47759&year=2024&month=10&day=&view=p1
2024-10-09,2024,10,9,1.500000,20.800000,26.300000,17.300000,71.000000,45.000000,2.400000,6.600000,11.100000,5.800000,晴一時曇,曇時々晴,https://www.data.jma.go.jp/stats/etrn/view/daily_s1.php?prec_no=61&block_no=47759&year=2024&month=10&day=&view=p1
2024-10-10,2024,10,10,0.000000,21.300000,26.600000,17.600000,59.000000,35.000000,1.900000,4.500000,8.000000,9.800000,晴一時曇,晴,https://www.data.jma.go.jp/stats/etrn/view/daily_s1.php?prec_no=61&block_no=47759&year=2024&month=10&day=&view=p1
2024-10-11,2024,10,11,0.000000,20.300000,26.300000,16.000000,61.000000,32.000000,1.700000,4.500000,8.200000,9.200000,晴,晴,https://www.data.jma.go.jp/stats/etrn/view/daily_s1.php?prec_no=61&block_no=47759&year=2024&month=10&day=&view=p1
2024-10-12,2024,10,12,0.000000,20.600000,27.300000,15.100000,65.000000,36.000000,1.500000,4.000000,6.200000,9.900000,晴,晴,https://www.data.jma.go.jp/stats/etrn/view/daily_s1.php?prec_no=61&block_no=47759&year=2024&month=10&day=&view=p1
2024-10-13,2024,10,13,0.000000,21.400000,28.600000,16.000000,63.000000,29.000000,1.400000,3.700000,5.900000,10.900000,晴,晴後時々曇,https://www.data.jma.go.jp/stats/etrn/view/daily_s1.php?prec_no=61&block_no=47759&year=2024&month=10&day=&view=p1
2024-10-14,2024,10,14,0.000000,22.700000,28.800000,17.300000,61.000000,29.000000,2.000000,4.700000,9.000000,10.300000,晴,晴時々曇,https://www.data.jma.go.jp/stats/etrn/view/daily_s1.php?prec_no=61&block_no=47759&year=2024&month=10&day=&view=p1
2024-10-15,2024,10,15,0.000000,22.900000,25.700000,20.600000,71.000000,63.000000,2.300000,5.300000,8.500000,1.300000,曇一時晴,曇一時晴後一時雨,https://www.data.jma.go.jp/stats/etrn/view/daily_s1.php?prec_no=61&block_no=47759&year=2024&month=10&day=&view=p1
2024-10-16,2024,10,16,0.000000,23.700000,26.900000,20.900000,73.000000,61.000000,1.300000,3.000000,5.500000,0.300000,曇時々雨,晴,https://www.data.jma.go.jp/stats/etrn/view/daily_s1.php?prec_no=61&block_no=47759&year=2024&month=10&day=&view=p1
2024-10-17,2024,10,17,0.000000,23.600000,29.500000,18.900000,68.000000,46.000000,1.400000,3.900000,5.500000,8.400000,晴後時々曇,曇,https://www.data.jma.go.jp/stats/etrn/view/daily_s1.php?prec_no=61&block_no=47759&year=2024&month=10&day=&view=p1
2024-10-18,2024,10,18,0.000000,24.200000,27.100000,21.800000,76.000000,64.000000,1.900000,4.600000,8.900000,0.200000,曇時々雨,曇後晴一時雨,https://www.data.jma.go.jp/stats/etrn/view/daily_s1.php?prec_no=61&block_no=47759&year=2024&month=10&day=&view=p1
2024-10-19,2024,10,19,10.500000,22.800000,26.500000,18.200000,82.000000,68.000000,1.900000,5.600000,11.500000,0.400000,雨時々曇、雷を伴う,曇一時雨,https://www.data.jma.go.jp/stats/etrn/view/daily_s1.php?prec_no=61&block_no=47759&year=2024&month=10&day=&view=p1
2024-10-20,2024,10,20,0.000000,17.600000,21.100000,15.300000,56.000000,40.000000,3.600000,6.300000,11.200000,8.100000,晴時々曇,曇,https://www.data.jma.go.jp/stats/etrn/view/daily_s1.php?prec_no=61&block_no=47759&year=2024&month=10&day=&view=p1
2024-10-21,2024,10,21,0.000000,19.700000,24.600000,14.600000,58.000000,42.000000,2.600000,6.200000,11.700000,9.600000,晴一時曇,晴時々曇,https://www.data.jma.go.jp/stats/etrn/view/daily_s1.php?prec_no=61&block_no=47759&year=2024&month=10&day=&view=p1
2024-10-22,2024,10,22,0.000000,21.500000,23.500000,18.300000,62.000000,49.000000,2.600000,5.300000,9.700000,1.500000,曇後一時雨,曇時々雨一時晴,https://www.data.jma.go.jp/stats/etrn/view/daily_s1.php?prec_no=61&block_no=47759&year=2024&month=10&day=&view=p1
2024-10-23,2024,10,23,2.500000,24.600000,28.900000,21.600000,77.000000,63.000000,1.900000,5.700000,9.600000,2.300000,曇時々雨一時晴,曇後一時晴,https://www.data.jma.go.jp/stats/etrn/view/daily_s1.php?prec_no=61&block_no=47759&year=2024&month=10&day=&view=p1
2024-10-24,2024,10,24,0.000000,21.000000,24.300000,18.200000,65.000000,52.000000,1.700000,3.900000,6.800000,3.000000,曇時々晴,曇,https://www.data.jma.go.jp/stats/etrn/view/daily_s1.php?prec_no=61&block_no=47759&year=2024&month=10&day=&view=p1
2024-10-25,2024,10,25,0.000000,20.300000,25.600000,17.700000,62.000000,42.000000,2.200000,5.300000,8.500000,6.400000,曇時々晴,曇,https://www.data.jma.go.jp/stats/etrn/view/daily_s1.php?prec_no=61&block_no=47759&year=2024&month=10&day=&view=p1
2024-10-26,2024,10,26,0.000000,20.800000,24.300000,17.700000,72.000000,61.000000,1.300000,3.200000,5.000000,0.100000,曇,曇時々晴,https://www.data.jma.go.jp/stats/etrn/view/daily_s1.php?prec_no=61&block_no=47759&year=2024&month=10&day=&view=p1
2024-10-27,2024,10,27,4.000000,22.100000,26.300000,18.100000,76.000000,58.000000,1.300000,3.100000,4.700000,4.100000,晴後曇一時雨,大雨時々曇,https://www.data.jma.go.jp/stats/etrn/view/daily_s1.php?prec_no=61&block_no=47759&year=2024&month=10&day=&view=p1
2024-10-28,2024,10,28,30.000000,18.900000,21.500000,17.100000,77.000000,59.000000,2.200000,4.900000,8.600000,1.600000,雨後曇一時晴,曇時々雨,https://www.data.jma.go.jp/stats/etrn/view/daily_s1.php?prec_no=61&block_no=47759&year=2024&month=10&day=&view=p1
2024-10-29,2024,10,29,3.500000,17.900000,19.200000,16.900000,78.000000,61.000000,1.300000,2.500000,4.000000,0.000000,雨時々曇,雨時々曇,https://www.data.jma.go.jp/stats/etrn/view/daily_s1.php?prec_no=61&block_no=47759&year=2024&month=10&day=&view=p1
2024-10-30,2024,10,30,11.500000,18.200000,22.300000,14.800000,71.000000,46.000000,2.600000,7.300000,13.200000,6.900000,晴時々曇,曇時々晴,https://www.data.jma.go.jp/stats/etrn/view/daily_s1.php?prec_no=61&block_no=47759&year=2024&month=10&day=&view=p1
2024-10-31,2024,10,31,0.000000,16.800000,21.100000,12.300000,70.000000,49.000000,1.300000,2.800000,4.800000,3.000000,曇一時晴,曇一時晴,https://www.data.jma.go.jp/stats/etrn/view/daily_s1.php?prec_no=61&block_no=47759&year=2024&month=10&day=&view=p1
2024-11-01,2024,11,1,24.500000,19.800000,23.100000,16.500000,81.000000,63.000000,1.900000,3.700000,6.400000,0.500000,雨時々曇,雨後一時曇,https://www.data.jma.go.jp/stats/etrn/view/daily_s1.php?prec_no=61&block_no=47759&year=2024&month=11&day=&view=p1
2024-11-02,2024,11,2,71.500000,19.400000,20.600000,18.100000,86.000000,63.000000,2.200000,5.800000,9.800000,0.000000,大雨後一時曇,曇一時雨後時々晴,https://www.data.jma.go.jp/stats/etrn/view/daily_s1.php?prec_no=61&block_no=47759&year=2024&month=11&day=&view=p1
2024-11-03,2024,11,3,0.000000,18.000000,22.700000,13.000000,58.000000,32.000000,2.400000,6.100000,12.700000,8.600000,晴一時曇,晴,https://www.data.jma.go.jp/stats/etrn/view/daily_s1.php?prec_no=61&block_no=47759&year=2024&month=11&day=&view=p1
2024-11-04,2024,11,4,0.000000,17.500000,25.000000,11.200000,69.000000,45.000000,1.300000,4.200000,7.100000,8.400000,晴,晴後一時曇,https://www.data.jma.go.jp/stats/etrn/view/daily_s1.php?prec_no=61&block_no=47759&year=2024&month=11&day=&view=p1
2024-11-05,2024,11,5,0.000000,17.500000,22.200000,14.400000,67.000000,44.000000,1.700000,4.700000,7.600000,4.400000,曇時々晴,晴時々曇,https://www.data.jma.go.jp/stats/etrn/view/daily_s1.php?prec_no=61&block_no=47759&year=2024&month=11&day=&view=p1
2024-11-06,2024,11,6,0.000000,15.700000,20.000000,12.800000,66.000000,43.000000,2.300000,5.500000,10.700000,7.700000,晴,晴後時々雨一時曇,https://www.data.jma.go.jp/stats/etrn/view/daily_s1.php?prec_no=61&block_no=47759&year=2024&month=11&day=&view=p1
2024-11-07,2024,11,7,0.000000,12.900000,14.800000,10.600000,59.000000,44.000000,2.800000,6.100000,11.600000,2.100000,曇一時雨,曇後時々晴,https://www.data.jma.go.jp/stats/etrn/view/daily_s1.php?prec_no=61&block_no=47759&year=2024&month=11&day=&view=p1
2024-11-08,2024,11,8,0.000000,11.800000,18.100000,7.800000,59.000000,31.000000,1.300000,3.600000,5.200000,7.700000,晴時々曇,晴時々曇,https://www.data.jma.go.jp/stats/etrn/view/daily_s1.php?prec_no=61&block_no=47759&year=2024&month=11&day=&view=p1
2024-11-09,2024,11,9,0.000000,13.200000,20.900000,7.200000,57.000000,33.000000,1.200000,2.900000,4.900000,9.600000,晴,曇時々晴,https://www.data.jma.go.jp/stats/etrn/view/daily_s1.php?prec_no=61&block_no=47759&year=2024&month=11&day=&view=p1
2024-11-10,2024,11,10,0.000000,16.300000,22.300000,9.700000,67.000000,46.000000,1.500000,4.000000,7.000000,6.700000,曇時々晴,曇時々雨,https://www.data.jma.go.jp/stats/etrn/view/daily_s1.php?prec_no=61&block_no=47759&year=2024&month=11&day=&view=p1
2024-11-11,2024,11,11,0.000000,17.900000,22.800000,13.800000,73.000000,45.000000,1.800000,6.400000,10.500000,6.400000,晴時々曇,晴,https://www.data.jma.go.jp/stats/etrn/view/daily_s1.php?prec_no=61&block_no=47759&year=2024&month=11&day=&view=p1
2024-11-12,2024,11,12,0.000000,16.900000,23.700000,11.600000,70.000000,51.000000,1.200000,3.400000,5.100000,6.800000,晴,晴,https://www.data.jma.go.jp/stats/etrn/view/daily_s1.php?prec_no=61&block_no=47759&year=2024&month=11&day=&view=p1
2024-11-13,2024,11,13,0.000000,15.900000,20.900000,12.200000,66.000000,39.000000,2.100000,5.800000,9.900000,9.600000,晴,晴,https://www.data.jma.go.jp/stats/etrn/view/daily_s1.php?prec_no=61&block_no=47759&year=2024&month=11&day=&view=p1
2024-11-14,2024,11,14,0.000000,15.600000,20.100000,10.300000,72.000000,50.000000,1.400000,4.000000,6.200000,8.200000,晴後時々曇,曇一時晴,https://www.data.jma.go.jp/stats/etrn/view/daily_s1.php?prec_no=61&block_no=47759&year=2024&month=11&day=&view=p1
2024-11-15,2024,11,15,0.000000,17.400000,20.100000,15.500000,82.000000,69.000000,1.000000,2.500000,3.900000,0.000000,曇後時々雨,曇一時雨,https://www.data.jma.go.jp/stats/etrn/view/daily_s1.php?prec_no=61&block_no=47759&year=2024&month=11&day=&view=p1
2024-11-16,2024,11,16,0.000000,17.600000,19.600000,14.300000,79.000000,68.000000,1.700000,4.300000,7.600000,0.000000,曇時々雨,曇後一時晴,https://www.data.jma.go.jp/stats/etrn/view/daily_s1.php?prec_no=61&block_no=47759&year=2024&month=11&day=&view=p1
2024-11-17,2024,11,17,0.000000,19.600000,23.100000,16.000000,74.000000,64.000000,1.900000,5.000000,10.500000,1.400000,曇時々雨一時晴,曇一時雨,https://www.data.jma.go.jp/stats/etrn/view/daily_s1.php?prec_no=61&block_no=47759&year=2024&month=11&day=&view=p1
2024-11-18,2024,11,18,0.500000,13.000000,17.200000,8.000000,68.000000,50.000000,3.200000,5.900000,10.100000,5.600000,晴時々曇後雨,雨時々曇一時晴,https://www.data.jma.go.jp/stats/etrn/view/daily_s1.php?prec_no=61&block_no=47759&year=2024&month=11&day=&view=p1
2024-11-19,2024,11,19,0.500000,9.000000,12.600000,6.800000,68.000000,47.000000,2.200000,5.900000,10.500000,6.700000,晴一時雨,曇時々晴,https://www.data.jma.go.jp/stats/etrn/view/daily_s1.php?prec_no=61&block_no=47759&year=2024&month=11&day=&view=p1
2024-11-20,2024,11,20,0.000000,10.600000,15.300000,6.600000,69.000000,51.000000,1.300000,2.800000,4.400000,6.400000,晴後一時曇,晴,https://www.data.jma.go.jp/stats/etrn/view/daily_s1.php?prec_no=61&block_no=47759&year=2024&month=11&day=&view=p1
2024-11-21,2024,11,21,0.000000,11.500000,18.200000,6.600000,70.000000,37.000000,1.500000,4.300000,8.600000,8.600000,晴,晴一時曇,https://www.data.jma.go.jp/stats/etrn/view/daily_s1.php?prec_no=61&block_no=47759&year=2024&month=11&day=&view=p1
2024-11-22,2024,11,22,0.000000,12.000000,18.400000,6.900000,68.000000,41.000000,2.300000,5.200000,9.700000,5.600000,晴後曇一時雨,曇後晴一時雨,https://www.data.jma.go.jp/stats/etrn/view/daily_s1.php?prec_no=61&block_no=47759&year=2024&month=11&day=&view=p1
2024-11-23,2024,11,23,0.000000,10.000000,14.000000,7.500000,67.000000,39.000000,2.500000,6.600000,11.100000,2.400000,曇時々晴後雨,雨時々曇後晴,https://www.data.jma.go.jp/stats/etrn/view/daily_s1.php?prec_no=61&block_no=47759&year=2024&month=11&day=&view=p1
2024-11-24,2024,11,24,0.000000,9.000000,12.100000,5.700000,78.000000,64.000000,1.600000,4.700000,7.900000,2.100000,雨時々晴後曇,晴時々雨一時曇,https://www.data.jma.go.jp/stats/etrn/view/daily_s1.php?prec_no=61&block_no=47759&year=2024&month=11&day=&view=p1
2024-11-25,2024,11,25,0.000000,10.600000,16.000000,7.100000,70.000000,44.000000,1.300000,2.800000,4.800000,9.600000,晴,曇時々晴,https://www.data.jma.go.jp/stats/etrn/view/daily_s1.php?prec_no=61&block_no=47759&year=2024&month=11&day=&view=p1
2024-11-26,2024,11,26,36.500000,14.700000,18.600000,9.400000,79.000000,61.000000,2.300000,5.500000,11.400000,0.000000,曇後時々雨,曇時々雨,https://www.data.jma.go.jp/stats/etrn/view/daily_s1.php?prec_no=61&block_no=47759&year=2024&month=11&day=&view=p1
2024-11-27,2024,11,27,0.500000,13.300000,15.800000,11.400000,61.000000,39.000000,2.300000,4.200000,8.300000,3.600000,曇後一時雨一時晴,曇時々雨後晴,https://www.data.jma.go.jp/stats/etrn/view/daily_s1.php?prec_no=61&block_no=47759&year=2024&month=11&day=&view=p1
2024-11-28,2024,11,28,0.000000,10.200000,14.400000,6.600000,52.000000,32.000000,3.000000,6.900000,13.700000,8.700000,晴,晴後時々曇,https://www.data.jma.go.jp/stats/etrn/view/daily_s1.php?prec_no=61&block_no=47759&year=2024&month=11&day=&view=p1
2024-11-29,2024,11,29,0.000000,9.300000,14.500000,5.900000,60.000000,38.000000,1.700000,4.900000,8.800000,5.700000,晴時々曇一時雨,晴一時曇,https://www.data.jma.go.jp/stats/etrn/view/daily_s1.php?prec_no=61&block_no=47759&year=2024&month=11&day=&view=p1
2024-11-30,2024,11,30,0.000000,9.700000,14.200000,5.600000,57.000000,40.000000,2.700000,6.200000,11.900000,6.900000,晴後一時曇,曇一時雨後晴,https://www.data.jma.go.jp/stats/etrn/view/daily_s1.php?prec_no=61&block_no=47759&year=2024&month=11&day=&view=p1
2024-12-01,2024,12,1,0.000000,10.200000,16.400000,5.000000,67.000000,42.000000,1.600000,4.400000,7.800000,7.500000,晴後一時曇,晴,https://www.data.jma.go.jp/stats/etrn/view/daily_s1.php?prec_no=61&block_no=47759&year=2024&month=12&day=&view=p1
2024-12-02,2024,12,2,0.000000,10.700000,17.100000,5.500000,73.000000,49.000000,1.200000,3.000000,5.700000,9.200000,晴,晴後一時曇,https://www.data.jma.go.jp/stats/etrn/view/daily_s1.php?prec_no=61&block_no=47759&year=2024&month=12&day=&view=p1
2024-12-03,2024,12,3,0.000000,12.100000,18.700000,7.200000,73.000000,47.000000,1.200000,3.300000,6.600000,7.500000,晴後一時曇,曇時々晴,https://www.data.jma.go.jp/stats/etrn/view/daily_s1.php?prec_no=61&block_no=47759&year=2024&month=12&day=&view=p1
2024-12-04,2024,12,4,0.000000,10.100000,14.100000,6.100000,65.000000,38.000000,1.900000,6.200000,11.800000,5.100000,晴時々曇,晴後一時曇,https://www.data.jma.go.jp/stats/etrn/view/daily_s1.php?prec_no=61&block_no=47759&year=2024&month=12&day=&view=p1
2024-12-05,2024,12,5,0.000000,8.500000,13.600000,4.400000,59.000000,36.000000,1.600000,4.400000,8.000000,6.300000,晴時々曇,晴後一時曇,https://www.data.jma.go.jp/stats/etrn/view/daily_s1.php?prec_no=61&block_no=47759&year=2024&month=12&day=&view=p1
2024-12-06,2024,12,6,0.000000,9.000000,14.200000,3.900000,62.000000,41.000000,1.700000,5.700000,10.100000,5.600000,晴後曇一時雨,晴時々曇,https://www.data.jma.go.jp/stats/etrn/view/daily_s1.php?prec_no=61&block_no=47759&year=2024&month=12&day=&view=p1
2024-12-07,2024,12,7,0.000000,8.500000,13.300000,3.800000,52.000000,34.000000,2.200000,5.400000,10.200000,7.300000,晴後時々曇,曇,https://www.data.jma.go.jp/stats/etrn/view/daily_s1.php?prec_no=61&block_no=47759&year=2024&month=12&day=&view=p1
2024-12-08,2024,12,8,1.500000,7.000000,11.000000,5.000000,64.000000,36.000000,2.400000,6.000000,11.500000,5.000000,曇時々晴後雨,雨時々曇一時晴,https://www.data.jma.go.jp/stats/etrn/view/daily_s1.php?prec_no=61&block_no=47759&year=2024&month=12&day=&view=p1
2024-12-09,2024,12,9,1.000000,6.700000,11.400000,3.500000,78.000000,53.000000,1.500000,4.000000,7.400000,4.800000,晴一時雨後曇,晴一時雨後曇,https://www.data.jma.go.jp/stats/etrn/view/daily_s1.php?prec_no=61&block_no=47759&year=2024&month=12&day=&view=p1
2024-12-10,2024,12,10,0.000000,7.600000,12.400000,4.000000,76.000000,48.000000,1.200000,4.200000,6.800000,4.600000,晴後一時雨一時曇,曇一時雨後晴,https://www.data.jma.go.jp/stats/etrn/view/daily_s1.php?prec_no=61&block_no=47759&year=2024&month=12&day=&view=p1
2024-12-11,2024,12,11,0.000000,7.700000,14.200000,4.100000,72.000000,42.000000,1.900000,6.000000,11.600000,4.300000,晴後曇一時雨,晴後一時雨,https://www.data.jma.go.jp/stats/etrn/view/daily_s1.php?prec_no=61&block_no=47759&year=2024&month=12&day=&view=p1
2024-12-12,2024,12,12,0.000000,5.900000,10.300000,3.400000,68.000000,46.000000,2.000000,5.800000,10.000000,7.200000,雨時々曇後晴,曇時々晴,https://www.data.jma.go.jp/stats/etrn/view/daily_s1.php?prec_no=61&block_no=47759&year=2024&month=12&day=&view=p1
2024-12-13,2024,12,13,0.000000,7.000000,12.000000,2.800000,67.000000,45.000000,1.400000,3.900000,6.700000,3.100000,曇時々晴,曇後晴時々雨,https://www.data.jma.go.jp/stats/etrn/view/daily_s1.php?prec_no=61&block_no=47759&year=2024&month=12&day=&view=p1
2024-12-14,2024,12,14,2.000000,5.200000,7.800000,3.100000,78.000000,60.000000,2.100000,5.300000,10.000000,3.800000,雨時々曇一時晴,晴時々曇,https://www.data.jma.go.jp/stats/etrn/view/daily_s1.php?prec_no=61&block_no=47759&year=2024&month=12&day=&view=p1
2024-12-15,2024,12,15,0.000000,5.600000,9.900000,1.600000,65.000000,43.000000,2.200000,5.900000,10.500000,7.200000,晴後時々曇,曇時々晴,https://www.data.jma.go.jp/stats/etrn/view/daily_s1.php?prec_no=61&block_no=47759&year=2024&month=12&day=&view=p1
2024-12-16,2024,12,16,0.000000,7.800000,12.300000,3.700000,57.000000,40.000000,1.900000,4.500000,7.900000,5.500000,晴時々曇,晴一時曇,https://www.data.jma.go.jp/stats/etrn/view/daily_s1.php?prec_no=61&block_no=47759&year=2024&month=12&day=&view=p1
2024-12-17,2024,12,17,0.000000,7.200000,12.300000,2.700000,58.000000,40.000000,2.000000,4.400000,9.100000,6.000000,晴後時々曇一時雨,晴,https://www.data.jma.go.jp/stats/etrn/view/daily_s1.php?prec_no=61&block_no=47759&year=2024&month=12&day=&view=p1
2024-12-18,2024,12,18,0.000000,6.300000,11.300000,2.500000,58.000000,30.000000,2.100000,4.100000,8.100000,5.000000,曇時々晴,晴一時曇後一時雨,https://www.data.jma.go.jp/stats/etrn/view/daily_s1.php?prec_no=61&block_no=47759&year=2024&month=12&day=&view=p1
2024-12-19,2024,12,19,2.000000,3.800000,7.400000,2.300000,81.000000,58.000000,2.100000,8.400000,15.800000,3.800000,雨時々曇一時晴、みぞれを伴う,晴一時雨,https://www.data.jma.go.jp/stats/etrn/view/daily_s1.php?prec_no=61&block_no=47759&year=2024&month=12&day=&view=p1
2024-12-20,2024,12,20,0.000000,4.200000,8.300000,1.200000,80.000000,58.000000,1.100000,3.000000,4.400000,1.900000,曇,曇時々晴,https://www.data.jma.go.jp/stats/etrn/view/daily_s1.php?prec_no=61&block_no=47759&year=2024&month=12&day=&view=p1
2024-12-21,2024,12,21,0.500000,6.100000,11.300000,1.600000,73.000000,54.000000,1.400000,6.300000,13.100000,1.600000,曇後一時雨,曇時々雨一時晴,https://www.data.jma.go.jp/stats/etrn/view/daily_s1.php?prec_no=61&block_no=47759&year=2024&month=12&day=&view=p1
2024-12-22,2024,12,22,0.000000,5.100000,8.300000,3.000000,73.000000,55.000000,2.900000,6.700000,11.900000,5.200000,雨時々曇一時晴,晴時々みぞれ一時雨,https://www.data.jma.go.jp/stats/etrn/view/daily_s1.php?prec_no=61&block_no=47759&year=2024&month=12&day=&view=p1
2024-12-23,2024,12,23,0.000000,5.600000,9.200000,2.500000,68.000000,51.000000,2.000000,3.800000,7.400000,3.500000,曇時々晴一時雨、みぞれを伴う,晴後雨時々曇、みぞれを伴う,https://www.data.jma.go.jp/stats/etrn/view/daily_s1.php?prec_no=61&block_no=47759&year=2024&month=12&day=&view=p1
2024-12-24,2024,12,24,0.000000,5.900000,9.300000,3.700000,75.000000,58.000000,2.300000,4.900000,8.900000,4.100000,晴時々曇後雨,晴後雨時々曇,https://www.data.jma.go.jp/stats/etrn/view/daily_s1.php?prec_no=61&block_no=47759&year=2024&month=12&day=&view=p1
2024-12-25,2024,12,25,0.000000,6.500000,10.800000,3.000000,73.000000,44.000000,1.200000,3.400000,5.700000,7.100000,曇時々晴,曇一時晴後一時雨,https://www.data.jma.go.jp/stats/etrn/view/daily_s1.php?prec_no=61&block_no=47759&year=2024&month=12&day=&view=p1
2024-12-26,2024,12,26,0.000000,9.000000,13.900000,6.500000,66.000000,45.000000,1.600000,4.400000,8.100000,2.200000,曇時々雨一時晴,曇時々晴一時雨,https://www.data.jma.go.jp/stats/etrn/view/daily_s1.php?prec_no=61&block_no=47759&year=2024&month=12&day=&view=p1
2024-12-27,2024,12,27,0.000000,7.100000,11.300000,4.200000,49.000000,32.000000,2.500000,6.500000,11.900000,8.700000,晴後一時曇,晴時々曇,https://www.data.jma.go.jp/stats/etrn/view/daily_s1.php?prec_no=61&block_no=47759&year=2024&month=12&day=&view=p1
2024-12-28,2024,12,28,0.000000,4.800000,9.300000,1.600000,52.000000,36.000000,2.000000,4.600000,8.600000,5.100000,曇後晴一時雨、みぞれを伴う,晴一時曇,https://www.data.jma.go.jp/stats/etrn/view/daily_s1.php?prec_no=61&block_no=47759&year=2024&month=12&day=&view=p1
2024-12-29,2024,12,29,0.000000,4.600000,9.100000,0.300000,62.000000,43.000000,2.100000,4.700000,9.600000,4.600000,晴後曇一時雨,晴時々曇,https://www.data.jma.go.jp/stats/etrn/view/daily_s1.php?prec_no=61&block_no=47759&year=2024&month=12&day=&view=p1
2024-12-30,2024,12,30,0.000000,5.300000,11.400000,0.800000,72.000000,46.000000,1.400000,4.200000,7.700000,4.900000,曇後時々晴,晴後曇一時雨,https://www.data.jma.go.jp/stats/etrn/view/daily_s1.php?prec_no=61&block_no=47759&year=2024&month=12&day=&view=p1
2024-12-31,2024,12,31,0.500000,6.600000,14.000000,4.000000,73.000000,41.000000,1.800000,7.000000,14.000000,3.900000,曇後雨時々晴,雨時々曇後晴,https://www.data.jma.go.jp/stats/etrn/view/daily_s1.php?prec_no=61&block_no=47759&year=2024&month=12&day=&view=p1
2025-10-01,2025,10,1,0.000000,23.600000,29.700000,19.700000,66.000000,38.000000,1.700000,4.500000,7.200000,5.700000,晴時々曇、雷を伴う,晴後時々曇,https://www.data.jma.go.jp/stats/etrn/view/daily_s1.php?prec_no=61&block_no=47759&year=2025&month=10&day=&view=p1
2025-10-02,2025,10,2,0.000000,22.800000,28.400000,18.000000,64.000000,44.000000,1.600000,4.600000,7.800000,5.800000,曇時々晴,曇,https://www.data.jma.go.jp/stats/etrn/view/daily_s1.php?prec_no=61&block_no=47759&year=2025&month=10&day=&view=p1
2025-10-03,2025,10,3,6.000000,22.900000,26.400000,20.400000,70.000000,52.000000,1.700000,3.300000,5.800000,0.100000,曇時々雨,雨,https://www.data.jma.go.jp/stats/etrn/view/daily_s1.php?prec_no=61&block_no=47759&year=2025&month=10&day=&view=p1
2025-10-04,2025,10,4,42.000000,21.100000,22.200000,19.500000,90.000000,84.000000,1.700000,2.800000,5.200000,0.000000,雨後時々曇,曇時々雨,https://www.data.jma.go.jp/stats/etrn/view/daily_s1.php?prec_no=61&block_no=47759&year=2025&month=10&day=&view=p1
2025-10-05,2025,10,5,3.500000,22.600000,24.600000,20.500000,90.000000,83.000000,1.000000,2.200000,3.500000,0.400000,雨時々曇一時晴,晴時々曇一時雨,https://www.data.jma.go.jp/stats/etrn/view/daily_s1.php?prec_no=61&block_no=47759&year=2025&month=10&day=&view=p1
2025-10-06,2025,10,6,0.000000,23.500000,28.600000,19.900000,71.000000,44.000000,2.300000,6.800000,10.600000,8.000000,晴時々雨一時曇,晴後時々曇,https://www.data.jma.go.jp/stats/etrn/view/daily_s1.php?prec_no=61&block_no=47759&year=2025&month=10&day=&view=p1
2025-10-07,2025,10,7,0.000000,24.800000,29.200000,20.700000,64.000000,53.000000,1.800000,4.300000,7.000000,5.500000,晴時々曇,晴時々曇,https://www.data.jma.go.jp/stats/etrn/view/daily_s1.php?prec_no=61&block_no=47759&year=2025&month=10&day=&view=p1
2025-10-08,2025,10,8,0.000000,25.500000,31.000000,21.400000,64.000000,50.000000,2.400000,6.100000,12.300000,9.000000,晴後一時曇,曇後晴,https://www.data.jma.go.jp/stats/etrn/view/daily_s1.php?prec_no=61&block_no=47759&year=2025&month=10&day=&view=p1
2025-10-09,2025,10,9,0.000000,23.600000,27.100000,19.600000,53.000000,36.000000,3.600000,7.500000,12.200000,10.600000,晴,晴,https://www.data.jma.go.jp/stats/etrn/view/daily_s1.php?prec_no=61&block_no=47759&year=2025&month=10&day=&view=p1
2025-10-10,2025,10,10,0.000000,22.300000,27.900000,17.500000,61.000000,35.000000,1.700000,4.000000,7.000000,10.700000,晴,雨時々晴後曇,https://www.data.jma.go.jp/stats/etrn/view/daily_s1.php?prec_no=61&block_no=47759&year=2025&month=10&day=&view=p1
2025-10-11,2025,10,11,0.000000,23.400000,26.500000,20.600000,73.000000,63.000000,2.700000,4.500000,7.400000,2.400000,曇時々晴一時雨,×,https://www.data.jma.go.jp/stats/etrn/view/daily_s1.php?prec_no=61&block_no=47759&year=2025&month=10&day=&view=p1
2025-10-12,2025,10,12,0.000000,24.300000,26.800000,22.300000,78.000000,69.000000,1.400000,3.300000,4.600000,0.300000,曇後一時雨,×,https://www.data.jma.go.jp/stats/etrn/view/daily_s1.php?prec_no=61&block_no=47759&year=2025&month=10&day=&view=p1
2025-10-13,2025,10,13,0.000000,24.300000,28.000000,21.500000,69.000000,53.000000,2.600000,6.300000,11.200000,4.300000,曇一時雨後晴,晴時々曇,https://www.data.jma.go.jp/stats/etrn/view/daily_s1.php?prec_no=61&block_no=47759&year=2025&month=10&day=&view=p1
2025-10-14,2025,10,14,33.000000,24.200000,30.400000,20.100000,68.000000,45.000000,1.800000,4.900000,10.800000,3.400000,曇時々晴一時雨,大雨時々曇、雷を伴う,https://www.data.jma.go.jp/stats/etrn/view/daily_s1.php?prec_no=61&block_no=47759&year=2025&month=10&day=&view=p1
2025-10-15,2025,10,15,0.500000,23.300000,26.700000,21.300000,77.000000,63.000000,1.800000,4.500000,7.600000,1.200000,曇時々晴,曇後一時晴,https://www.data.jma.go.jp/stats/etrn/view/daily_s1.php?prec_no=61&block_no=47759&year=2025&month=10&day=&view=p1
2025-10-16,2025,10,16,6.000000,23.300000,24.700000,22.200000,81.000000,73.000000,1.600000,3.400000,5.800000,0.100000,曇時々雨,曇時々晴一時雨,https://www.data.jma.go.jp/stats/etrn/view/daily_s1.php?prec_no=61&block_no=47759&year=2025&month=10&day=&view=p1
2025-10-17,2025,10,17,0.000000,23.300000,28.800000,18.700000,63.000000,35.000000,2.100000,4.300000,6.700000,10.300000,晴,晴後時々曇,https://www.data.jma.go.jp/stats/etrn/view/daily_s1.php?prec_no=61&block_no=47759&year=2025&month=10&day=&view=p1
2025-10-18,2025,10,18,5.000000,21.900000,24.200000,19.000000,80.000000,67.000000,1.500000,3.500000,6.700000,0.900000,雨時々晴後曇,曇時々雨,https://www.data.jma.go.jp/stats/etrn/view/daily_s1.php?prec_no=61&block_no=47759&year=2025&month=10&day=&view=p1
2025-10-19,2025,10,19,1.000000,21.100000,23.500000,19.100000,73.000000,59.000000,2.000000,4.200000,6.600000,0.700000,曇一時雨,雨時々曇,https://www.data.jma.go.jp/stats/etrn/view/daily_s1.php?prec_no=61&block_no=47759&year=2025&month=10&day=&view=p1
2025-10-20,2025,10,20,4.500000,19.600000,23.500000,16.700000,74.000000,58.000000,2.300000,4.800000,9.300000,1.800000,曇後晴時々雨,曇時々晴,https://www.data.jma.go.jp/stats/etrn/view/daily_s1.php?prec_no=61&block_no=47759&year=2025&month=10&day=&view=p1
2025-10-21,2025,10,21,0.000000,16.500000,18.800000,14.500000,49.000000,35.000000,2.200000,4.000000,6.500000,0.000000,曇,曇後一時雨,https://www.data.jma.go.jp/stats/etrn/view/daily_s1.php?prec_no=61&block_no=47759&year=2025&month=10&day=&view=p1
2025-10-22,2025,10,22,0.500000,14.700000,16.400000,13.000000,67.000000,37.000000,1.300000,2.500000,3.600000,0.000000,曇時々雨,曇,https://www.data.jma.go.jp/stats/etrn/view/daily_s1.php?prec_no=61&block_no=47759&year=2025&month=10&day=&view=p1
2025-10-23,2025,10,23,0.000000,17.000000,24.100000,12.200000,59.000000,20.000000,1.700000,5.400000,8.700000,9.600000,晴,晴,https://www.data.jma.go.jp/stats/etrn/view/daily_s1.php?prec_no=61&block_no=47759&year=2025&month=10&day=&view=p1
2025-10-24,2025,10,24,0.000000,16.500000,22.800000,11.800000,65.000000,40.000000,1.400000,4.900000,8.400000,4.400000,晴時々曇,晴時々曇,https://www.data.jma.go.jp/stats/etrn/view/daily_s1.php?prec_no=61&block_no=47759&year=2025&month=10&day=&view=p1
2025-10-25,2025,10,25,22.000000,17.800000,22.500000,14.600000,77.000000,59.000000,1.800000,4.700000,8.200000,1.900000,曇時々雨一時晴,雨後時々曇、雷を伴う,https://www.data.jma.go.jp/stats/etrn/view/daily_s1.php?prec_no=61&block_no=47759&year=2025&month=10&day=&view=p1
2025-10-26,2025,10,26,2.000000,19.000000,21.200000,17.600000,88.000000,76.000000,1.300000,3.200000,5.900000,0.300000,曇時々雨,曇一時雨後時々晴,https://www.data.jma.go.jp/stats/etrn/view/daily_s1.php?prec_no=61&block_no=47759&year=2025&month=10&day=&view=p1
2025-10-27,2025,10,27,0.000000,17.500000,22.400000,13.100000,63.000000,41.000000,2.900000,6.300000,11.200000,8.100000,晴後一時曇,晴,https://www.data.jma.go.jp/stats/etrn/view/daily_s1.php?prec_no=61&block_no=47759&year=2025&month=10&day=&view=p1
2025-10-28,2025,10,28,0.000000,13.500000,18.300000,9.700000,66.000000,43.000000,2.500000,6.200000,10.900000,7.800000,晴時々雨,晴,https://www.data.jma.go.jp/stats/etrn/view/daily_s1.php?prec_no=61&block_no=47759&year=2025&month=10&day=&view=p1
2025-10-29,2025,10,29,0.000000,13.000000,19.600000,8.700000,63.000000,34.000000,1.800000,5.400000,8.600000,8.900000,晴,晴,https://www.data.jma.go.jp/stats/etrn/view/daily_s1.php?prec_no=61&block_no=47759&year=2025&month=10&day=&view=p1
2025-10-30,2025,10,30,0.000000,15.400000,21.600000,8.500000,64.000000,47.000000,1.600000,4.400000,7.000000,10.100000,晴,曇,https://www.data.jma.go.jp/stats/etrn/view/daily_s1.php?prec_no=61&block_no=47759&year=2025&month=10&day=&view=p1
2025-10-31,2025,10,31,37.500000,15.300000,18.000000,13.000000,81.000000,55.000000,1.400000,3.700000,5.700000,0.000000,雨時々曇,雨後曇時々晴,https://www.data.jma.go.jp/stats/etrn/view/daily_s1.php?prec_no=61&block_no=47759&year=2025&month=10&day=&view=p1
2025-11-01,2025,11,1,0.000000,15.700000,21.300000,12.200000,76.000000,47.000000,2.100000,5.900000,10.200000,5.200000,曇後晴一時雨,晴後時々曇,https://www.data.jma.go.jp/stats/etrn/view/daily_s1.php?prec_no=61&block_no=47759&year=2025&month=11&day=&view=p1
2025-11-02,2025,11,2,0.000000,14.400000,20.100000,10.700000,74.000000,43.000000,1.700000,5.000000,8.000000,5.100000,曇時々晴,晴一時雨後曇,https://www.data.jma.go.jp/stats/etrn/view/daily_s1.php?prec_no=61&block_no=47759&year=2025&month=11&day=&view=p1
2025-11-03,2025,11,3,2.500000,12.200000,15.900000,9.100000,73.000000,52.000000,2.200000,5.200000,11.500000,5.600000,雨時々曇後晴,晴一時雨,https://www.data.jma.go.jp/stats/etrn/view/daily_s1.php?prec_no=61&block_no=47759&year=2025&month=11&day=&view=p1
2025-11-04,2025,11,4,0.000000,12.500000,18.000000,6.700000,70.000000,44.000000,1.300000,2.500000,4.700000,6.700000,曇時々晴,曇,https://www.data.jma.go.jp/stats/etrn/view/daily_s1.php?prec_no=61&block_no=47759&year=2025&month=11&day=&view=p1
2025-11-05,2025,11,5,0.000000,15.100000,17.300000,12.400000,69.000000,53.000000,1.700000,3.900000,6.700000,0.100000,曇,曇後時々晴,https://www.data.jma.go.jp/stats/etrn/view/daily_s1.php?prec_no=61&block_no=47759&year=2025&month=11&day=&view=p1
2025-11-06,2025,11,6,0.000000,16.000000,22.300000,11.900000,67.000000,39.000000,1.800000,5.600000,9.400000,5.200000,曇時々晴,晴,https://www.data.jma.go.jp/stats/etrn/view/daily_s1.php?prec_no=61&block_no=47759&year=2025&month=11&day=&view=p1
2025-11-07,2025,11,7,0.000000,14.600000,20.500000,11.200000,66.000000,33.000000,1.800000,5.600000,10.500000,7.000000,晴一時曇,晴,https://www.data.jma.go.jp/stats/etrn/view/daily_s1.php?prec_no=61&block_no=47759&year=2025&month=11&day=&view=p1
2025-11-08,2025,11,8,0.000000,14.600000,20.100000,8.800000,62.000000,30.000000,1.300000,3.300000,5.700000,9.300000,晴後一時曇,曇後一時雨,https://www.data.jma.go.jp/stats/etrn/view/daily_s1.php?prec_no=61&block_no=47759&year=2025&month=11&day=&view=p1
2025-11-09,2025,11,9,18.500000,15.200000,16.200000,14.200000,90.000000,73.000000,1.100000,3.700000,7.000000,0.000000,雨後時々曇,曇時々晴,https://www.data.jma.go.jp/stats/etrn/view/daily_s1.php?prec_no=61&block_no=47759&year=2025&month=11&day=&view=p1
2025-11-10,2025,11,10,0.000000,13.900000,17.800000,9.000000,69.000000,38.000000,2.600000,7.800000,15.700000,6.900000,晴一時雨後曇,晴,https://www.data.jma.go.jp/stats/etrn/view/daily_s1.php?prec_no=61&block_no=47759&year=2025&month=11&day=&view=p1
2025-11-11,2025,11,11,0.000000,11.400000,17.300000,7.200000,70.000000,45.000000,1.600000,5.000000,8.900000,6.100000,晴時々曇,晴後一時曇,https://www.data.jma.go.jp/stats/etrn/view/daily_s1.php?prec_no=61&block_no=47759&year=2025&month=11&day=&view=p1
2025-11-12,2025,11,12,0.000000,11.800000,16.200000,7.300000,67.000000,43.000000,1.300000,3.100000,5.000000,4.300000,曇時々晴,曇,https://www.data.jma.go.jp/stats/etrn/view/daily_s1.php?prec_no=61&block_no=47759&year=2025&month=11&day=&view=p1
2025-11-13,2025,11,13,0.000000,13.900000,17.100000,11.300000,73.000000,61.000000,1.000000,2.400000,3.600000,0.000000,曇,曇後晴,https://www.data.jma.go.jp/stats/etrn/view/daily_s1.php?prec_no=61&block_no=47759&year=2025&month=11&day=&view=p1
2025-11-14,2025,11,14,0.000000,14.000000,20.100000,10.200000,72.000000,42.000000,1.600000,4.500000,7.200000,6.000000,晴後一時曇,晴,https://www.data.jma.go.jp/stats/etrn/view/daily_s1.php?prec_no=61&block_no=47759&year=2025&month=11&day=&view=p1
2025-11-15,2025,11,15,0.000000,13.300000,19.500000,9.100000,64.000000,37.000000,1.600000,4.800000,7.600000,9.600000,晴,晴,https://www.data.jma.go.jp/stats/etrn/view/daily_s1.php?prec_no=61&block_no=47759&year=2025&month=11&day=&view=p1
2025-11-16,2025,11,16,0.000000,13.000000,20.200000,7.600000,61.000000,30.000000,1.000000,2.300000,3.900000,9.800000,晴,晴,https://www.data.jma.go.jp/stats/etrn/view/daily_s1.php?prec_no=61&block_no=47759&year=2025&month=11&day=&view=p1
2025-11-17,2025,11,17,0.000000,14.400000,22.200000,9.300000,64.000000,32.000000,1.700000,4.900000,8.400000,5.800000,晴後曇一時雨,曇,https://www.data.jma.go.jp/stats/etrn/view/daily_s1.php?prec_no=61&block_no=47759&year=2025&month=11&day=&view=p1
2025-11-18,2025,11,18,0.000000,10.500000,13.100000,7.100000,61.000000,52.000000,3.100000,6.100000,12.600000,2.500000,曇後晴一時雨,晴一時雨後曇,https://www.data.jma.go.jp/stats/etrn/view/daily_s1.php?prec_no=61&block_no=47759&year=2025&month=11&day=&view=p1
2025-11-19,2025,11,19,0.000000,8.000000,10.900000,5.500000,75.000000,62.000000,1.300000,3.700000,5.700000,1.400000,曇後雨時々晴,晴,https://www.data.jma.go.jp/stats/etrn/view/daily_s1.php?prec_no=61&block_no=47759&year=2025&month=11&day=&view=p1
2025-11-20,2025,11,20,0.000000,8.900000,15.100000,3.800000,71.000000,45.000000,1.300000,3.600000,6.300000,7.600000,晴,晴,https://www.data.jma.go.jp/stats/etrn/view/daily_s1.php?prec_no=61&block_no=47759&year=2025&month=11&day=&view=p1
2025-11-21,2025,11,21,0.000000,10.900000,18.000000,5.300000,67.000000,36.000000,1.300000,4.500000,8.700000,7.700000,晴,晴,https://www.data.jma.go.jp/stats/etrn/view/daily_s1.php?prec_no=61&block_no=47759&year=2025&month=11&day=&view=p1
2025-11-22,2025,11,22,0.000000,10.900000,16.900000,7.000000,68.000000,45.000000,1.200000,3.000000,5.200000,6.600000,晴後一時曇,晴,https://www.data.jma.go.jp/stats/etrn/view/daily_s1.php?prec_no=61&block_no=47759&year=2025&month=11&day=&view=p1
2025-11-23,2025,11,23,0.000000,10.800000,17.800000,5.400000,68.000000,40.000000,1.100000,2.600000,4.900000,9.600000,晴,晴,https://www.data.jma.go.jp/stats/etrn/view/daily_s1.php?prec_no=61&block_no=47759&year=2025&month=11&day=&view=p1
2025-11-24,2025,11,24,0.000000,11.300000,17.400000,6.200000,75.000000,53.000000,1.000000,2.400000,4.100000,6.100000,晴時々曇,曇時々晴,https://www.data.jma.go.jp/stats/etrn/view/daily_s1.php?prec_no=61&block_no=47759&year=2025&month=11&day=&view=p1
2025-11-25,2025,11,25,5.500000,11.500000,13.500000,10.000000,88.000000,78.000000,1.000000,2.900000,5.200000,0.400000,雨後曇一時晴、雷を伴う,曇時々晴一時雨,https://www.data.jma.go.jp/stats/etrn/view/daily_s1.php?prec_no=61&block_no=47759&year=2025&month=11&day=&view=p1
2025-11-26,2025,11,26,0.000000,11.600000,15.400000,8.200000,77.000000,60.000000,1.700000,3.900000,6.200000,4.700000,晴後時々雨一時曇,晴,https://www.data.jma.go.jp/stats/etrn/view/daily_s1.php?prec_no=61&block_no=47759&year=2025&month=11&day=&view=p1
2025-11-27,2025,11,27,1.000000,11.500000,17.700000,6.400000,78.000000,41.000000,1.100000,3.200000,7.800000,5.900000,晴後雨時々曇,曇時々雨後晴、雷を伴う,https://www.data.jma.go.jp/stats/etrn/view/daily_s1.php?prec_no=61&block_no=47759&year=2025&month=11&day=&view=p1
2025-11-28,2025,11,28,0.000000,11.900000,14.900000,9.000000,59.000000,39.000000,2.400000,5.200000,9.700000,5.000000,晴一時雨後一時曇,晴一時曇,https://www.data.jma.go.jp/stats/etrn/view/daily_s1.php?prec_no=61&block_no=47759&year=2025&month=11&day=&view=p1
2025-11-29,2025,11,29,0.000000,10.200000,15.200000,7.100000,71.000000,47.000000,1.100000,2.500000,4.900000,7.400000,晴後一時曇,晴,https://www.data.jma.go.jp/stats/etrn/view/daily_s1.php?prec_no=61&block_no=47759&year=2025&month=11&day=&view=p1
2025-11-30,2025,11,30,0.000000,10.200000,16.900000,4.900000,73.000000,47.000000,1.200000,3.400000,5.300000,9.400000,晴,晴後時々曇,https://www.data.jma.go.jp/stats/etrn/view/daily_s1.php?prec_no=61&block_no=47759&year=2025&month=11&day=&view=p1
2025-12-01,2025,12,1,0.000000,13.200000,19.400000,7.800000,74.000000,54.000000,0.900000,2.700000,5.100000,5.000000,晴後時々曇,晴時々曇,https://www.data.jma.go.jp/stats/etrn/view/daily_s1.php?prec_no=61&block_no=47759&year=2025&month=12&day=&view=p1
2025-12-02,2025,12,2,0.000000,14.100000,19.300000,10.400000,73.000000,47.000000,1.300000,3.800000,6.900000,5.500000,晴時々曇,曇時々晴,https://www.data.jma.go.jp/stats/etrn/view/daily_s1.php?prec_no=61&block_no=47759&year=2025&month=12&day=&view=p1
2025-12-03,2025,12,3,0.000000,9.000000,13.300000,3.000000,60.000000,35.000000,3.300000,6.400000,12.100000,1.100000,曇時々晴,晴時々曇一時雪,https://www.data.jma.go.jp/stats/etrn/view/daily_s1.php?prec_no=61&block_no=47759&year=2025&month=12&day=&view=p1
2025-12-04,2025,12,4,0.000000,4.800000,8.300000,1.700000,63.000000,49.000000,2.500000,5.600000,9.800000,4.400000,みぞれ一時雪後曇時々晴,晴後一時曇,https://www.data.jma.go.jp/stats/etrn/view/daily_s1.php?prec_no=61&block_no=47759&year=2025&month=12&day=&view=p1
2025-12-05,2025,12,5,0.000000,6.100000,10.900000,2.000000,63.000000,38.000000,2.400000,6.500000,11.800000,6.600000,晴一時曇,晴一時曇,https://www.data.jma.go.jp/stats/etrn/view/daily_s1.php?prec_no=61&block_no=47759&year=2025&month=12&day=&view=p1
2025-12-06,2025,12,6,0.000000,6.200000,12.400000,1.500000,69.000000,36.000000,1.400000,4.400000,7.800000,9.300000,晴,晴,https://www.data.jma.go.jp/stats/etrn/view/daily_s1.php?prec_no=61&block_no=47759&year=2025&month=12&day=&view=p1
2025-12-07,2025,12,7,0.000000,8.400000,15.500000,2.900000,73.000000,51.000000,1.100000,3.200000,5.600000,5.500000,晴時々曇,晴後時々曇,https://www.data.jma.go.jp/stats/etrn/view/daily_s1.php?prec_no=61&block_no=47759&year=2025&month=12&day=&view=p1
2025-12-08,2025,12,8,0.000000,9.800000,15.000000,6.600000,75.000000,58.000000,1.700000,5.900000,10.300000,1.700000,曇時々雨一時晴,曇後晴一時雨,https://www.data.jma.go.jp/stats/etrn/view/daily_s1.php?prec_no=61&block_no=47759&year=2025&month=12&day=&view=p1
2025-12-09,2025,12,9,0.000000,7.900000,12.700000,4.300000,70.000000,47.000000,1.700000,6.100000,10.100000,5.600000,晴時々雨一時曇,晴後一時曇,https://www.data.jma.go.jp/stats/etrn/view/daily_s1.php?prec_no=61&block_no=47759&year=2025&month=12&day=&view=p1
2025-12-10,2025,12,10,0.000000,7.700000,13.600000,3.500000,70.000000,41.000000,1.300000,3.700000,6.300000,8.100000,晴時々曇,曇時々晴,https://www.data.jma.go.jp/stats/etrn/view/daily_s1.php?prec_no=61&block_no=47759&year=2025&month=12&day=&view=p1
2025-12-11,2025,12,11,0.000000,10.300000,16.200000,4.900000,70.000000,49.000000,1.700000,4.800000,9.200000,4.100000,曇後晴一時雨,雨時々曇後晴,https://www.data.jma.go.jp/stats/etrn/view/daily_s1.php?prec_no=61&block_no=47759&year=2025&month=12&day=&view=p1
2025-12-12,2025,12,12,0.000000,6.500000,11.300000,4.200000,63.000000,47.000000,3.000000,6.600000,10.400000,2.400000,曇時々雨、みぞれを伴う,曇時々雨後晴、みぞれを伴う,https://www.data.jma.go.jp/stats/etrn/view/daily_s1.php?prec_no=61&block_no=47759&year=2025&month=12&day=&view=p1
2025-12-13,2025,12,13,0.000000,6.700000,11.000000,1.700000,62.000000,38.000000,1.400000,2.900000,4.900000,8.900000,晴,雨時々曇,https://www.data.jma.go.jp/stats/etrn/view/daily_s1.php?prec_no=61&block_no=47759&year=2025&month=12&day=&view=p1
2025-12-14,2025,12,14,9.000000,9.700000,13.400000,6.000000,70.000000,31.000000,2.200000,6.100000,12.100000,2.300000,雨時々曇後晴,晴時々雨,https://www.data.jma.go.jp/stats/etrn/view/daily_s1.php?prec_no=61&block_no=47759&year=2025&month=12&day=&view=p1
2025-12-15,2025,12,15,0.000000,6.600000,10.300000,4.100000,77.000000,58.000000,2.500000,4.900000,8.600000,4.200000,雨後晴時々曇,晴後一時曇,https://www.data.jma.go.jp/stats/etrn/view/daily_s1.php?prec_no=61&block_no=47759&year=2025&month=12&day=&view=p1
2025-12-16,2025,12,16,0.000000,7.000000,13.100000,2.500000,75.000000,45.000000,1.300000,5.300000,9.300000,8.700000,晴,晴後一時曇,https://www.data.jma.go.jp/stats/etrn/view/daily_s1.php?prec_no=61&block_no=47759&year=2025&month=12&day=&view=p1
2025-12-17,2025,12,17,2.000000,8.100000,12.100000,4.300000,83.000000,63.000000,1.100000,3.500000,6.500000,1.400000,曇時々晴後雨,晴時々雨一時曇,https://www.data.jma.go.jp/stats/etrn/view/daily_s1.php?prec_no=61&block_no=47759&year=2025&month=12&day=&view=p1
2025-12-18,2025,12,18,0.000000,7.800000,12.300000,4.000000,71.000000,46.000000,2.000000,5.400000,8.100000,6.800000,晴時々曇一時雨,晴,https://www.data.jma.go.jp/stats/etrn/view/daily_s1.php?prec_no=61&block_no=47759&year=2025&month=12&day=&view=p1
2025-12-19,2025,12,19,0.000000,8.100000,15.000000,1.500000,70.000000,43.000000,0.900000,2.500000,4.000000,8.600000,晴後一時曇,晴一時雨後曇,https://www.data.jma.go.jp/stats/etrn/view/daily_s1.php?prec_no=61&block_no=47759&year=2025&month=12&day=&view=p1
2025-12-20,2025,12,20,0.000000,13.400000,18.700000,8.300000,83.000000,64.000000,1.500000,4.100000,6.400000,6.300000,晴後一時曇,曇時々晴,https://www.data.jma.go.jp/stats/etrn/view/daily_s1.php?prec_no=61&block_no=47759&year=2025&month=12&day=&view=p1
2025-12-21,2025,12,21,15.000000,12.100000,14.200000,10.000000,85.000000,68.000000,1.500000,4.700000,9.800000,0.000000,雨時々曇,曇時々雨一時晴,https://www.data.jma.go.jp/stats/etrn/view/daily_s1.php?prec_no=61&block_no=47759&year=2025&month=12&day=&view=p1
2025-12-22,2025,12,22,1.000000,7.700000,10.200000,3.900000,74.000000,60.000000,1.900000,4.200000,6.800000,1.300000,雨時々曇,晴後一時曇,https://www.data.jma.go.jp/stats/etrn/view/daily_s1.php?prec_no=61&block_no=47759&year=2025&month=12&day=&view=p1
2025-12-23,2025,12,23,9.000000,7.800000,13.900000,1.600000,76.000000,49.000000,1.500000,4.100000,7.100000,7.700000,晴後時々曇,雨,https://www.data.jma.go.jp/stats/etrn/view/daily_s1.php?prec_no=61&block_no=47759&year=2025&month=12&day=&view=p1
2025-12-24,2025,12,24,13.000000,11.500000,14.100000,8.900000,90.000000,76.000000,1.000000,2.300000,4.100000,0.000000,曇時々雨,曇時々雨,https://www.data.jma.go.jp/stats/etrn/view/daily_s1.php?prec_no=61&block_no=47759&year=2025&month=12&day=&view=p1
2025-12-25,2025,12,25,8.000000,10.900000,12.800000,6.500000,86.000000,61.000000,1.500000,4.600000,9.200000,0.000000,雨時々曇,曇時々晴後雨,https://www.data.jma.go.jp/stats/etrn/view/daily_s1.php?prec_no=61&block_no=47759&year=2025&month=12&day=&view=p1
2025-12-26,2025,12,26,0.500000,4.000000,6.600000,2.000000,74.000000,59.000000,3.200000,6.100000,12.700000,4.500000,雨後晴一時曇、みぞれを伴う,晴一時曇,https://www.data.jma.go.jp/stats/etrn/view/daily_s1.php?prec_no=61&block_no=47759&year=2025&month=12&day=&view=p1
2025-12-27,2025,12,27,0.000000,4.200000,8.400000,0.700000,70.000000,46.000000,1.300000,3.500000,5.700000,5.800000,晴後時々曇,曇時々晴,https://www.data.jma.go.jp/stats/etrn/view/daily_s1.php?prec_no=61&block_no=47759&year=2025&month=12&day=&view=p1
2025-12-28,2025,12,28,0.000000,5.300000,10.500000,2.200000,73.000000,52.000000,1.200000,2.400000,4.100000,5.500000,晴後時々曇,晴,https://www.data.jma.go.jp/stats/etrn/view/daily_s1.php?prec_no=61&block_no=47759&year=2025&month=12&day=&view=p1
2025-12-29,2025,12,29,0.000000,7.000000,13.100000,1.200000,69.000000,38.000000,1.200000,3.900000,6.900000,8.500000,晴後一時雨一時曇,曇一時雨後晴,https://www.data.jma.go.jp/stats/etrn/view/daily_s1.php?prec_no=61&block_no=47759&year=2025&month=12&day=&view=p1
2025-12-30,2025,12,30,0.000000,8.700000,13.500000,5.300000,71.000000,45.000000,1.400000,4.300000,7.000000,3.700000,曇時々晴,晴時々曇,https://www.data.jma.go.jp/stats/etrn/view/daily_s1.php?prec_no=61&block_no=47759&year=2025&month=12&day=&view=p1
2025-12-31,2025,12,31,0.000000,5.800000,9.700000,2.900000,64.000000,47.000000,1.700000,4.500000,8.200000,3.500000,曇時々晴一時雨,晴時々曇,https://www.data.jma.go.jp/stats/etrn/view/daily_s1.php?prec_no=61&block_no=47759&year=2025&month=12&day=&view=p1
